CREATE DATABASE  IF NOT EXISTS `mental_health` /*!40100 DEFAULT CHARACTER SET utf8mb4 COLLATE utf8mb4_unicode_ci */ /*!80016 DEFAULT ENCRYPTION='N' */;
USE `mental_health`;
-- MySQL dump 10.13  Distrib 8.0.40, for Win64 (x86_64)
--
-- Host: localhost    Database: mental_health
-- ------------------------------------------------------
-- Server version	8.0.40

/*!40101 SET @OLD_CHARACTER_SET_CLIENT=@@CHARACTER_SET_CLIENT */;
/*!40101 SET @OLD_CHARACTER_SET_RESULTS=@@CHARACTER_SET_RESULTS */;
/*!40101 SET @OLD_COLLATION_CONNECTION=@@COLLATION_CONNECTION */;
/*!50503 SET NAMES utf8 */;
/*!40103 SET @OLD_TIME_ZONE=@@TIME_ZONE */;
/*!40103 SET TIME_ZONE='+00:00' */;
/*!40014 SET @OLD_UNIQUE_CHECKS=@@UNIQUE_CHECKS, UNIQUE_CHECKS=0 */;
/*!40014 SET @OLD_FOREIGN_KEY_CHECKS=@@FOREIGN_KEY_CHECKS, FOREIGN_KEY_CHECKS=0 */;
/*!40101 SET @OLD_SQL_MODE=@@SQL_MODE, SQL_MODE='NO_AUTO_VALUE_ON_ZERO' */;
/*!40111 SET @OLD_SQL_NOTES=@@SQL_NOTES, SQL_NOTES=0 */;

--
-- Table structure for table `admin`
--

DROP TABLE IF EXISTS `admin`;
/*!40101 SET @saved_cs_client     = @@character_set_client */;
/*!50503 SET character_set_client = utf8mb4 */;
CREATE TABLE `admin` (
  `account` varchar(50) CHARACTER SET utf8mb4 COLLATE utf8mb4_unicode_ci NOT NULL COMMENT '账号',
  `name` varchar(50) CHARACTER SET utf8mb4 COLLATE utf8mb4_unicode_ci NOT NULL DEFAULT '' COMMENT '管理员姓名',
  `password` varchar(255) CHARACTER SET utf8mb4 COLLATE utf8mb4_unicode_ci NOT NULL COMMENT '密码',
  `avatar_url` varchar(500) COLLATE utf8mb4_unicode_ci DEFAULT NULL COMMENT '管理员头像地址',
  PRIMARY KEY (`account`)
) ENGINE=InnoDB DEFAULT CHARSET=utf8mb4 COLLATE=utf8mb4_unicode_ci COMMENT='管理员表';
/*!40101 SET character_set_client = @saved_cs_client */;

--
-- Dumping data for table `admin`
--

LOCK TABLES `admin` WRITE;
/*!40000 ALTER TABLE `admin` DISABLE KEYS */;
INSERT INTO `admin` VALUES ('admin','管理员1','123456','/files/avatar/admin/admin_1775459250780_15172f035177.png'),('operator','管理员2','operator@654321',NULL);
/*!40000 ALTER TABLE `admin` ENABLE KEYS */;
UNLOCK TABLES;

--
-- Table structure for table `appointment`
--

DROP TABLE IF EXISTS `appointment`;
/*!40101 SET @saved_cs_client     = @@character_set_client */;
/*!50503 SET character_set_client = utf8mb4 */;
CREATE TABLE `appointment` (
  `id` bigint NOT NULL AUTO_INCREMENT,
  `appointment_no` varchar(50) CHARACTER SET utf8mb4 COLLATE utf8mb4_general_ci NOT NULL COMMENT '预约编号',
  `student_account` varchar(50) CHARACTER SET utf8mb4 COLLATE utf8mb4_general_ci NOT NULL COMMENT '学生账号或学号',
  `teacher_account` varchar(50) CHARACTER SET utf8mb4 COLLATE utf8mb4_general_ci NOT NULL COMMENT '心理老师账号',
  `schedule_id` bigint NOT NULL COMMENT '办公时间ID',
  `appointment_date` date NOT NULL COMMENT '预约日期',
  `start_time` time NOT NULL COMMENT '预约开始时间',
  `end_time` time NOT NULL COMMENT '预约结束时间',
  `purpose` varchar(255) CHARACTER SET utf8mb4 COLLATE utf8mb4_general_ci DEFAULT NULL COMMENT '预约目的',
  `remark` varchar(500) CHARACTER SET utf8mb4 COLLATE utf8mb4_general_ci DEFAULT NULL COMMENT '学生备注',
  `teacher_reply` varchar(500) CHARACTER SET utf8mb4 COLLATE utf8mb4_general_ci DEFAULT NULL COMMENT '老师回复',
  `reject_reason` varchar(500) CHARACTER SET utf8mb4 COLLATE utf8mb4_general_ci DEFAULT NULL COMMENT '拒绝原因',
  `status` varchar(20) CHARACTER SET utf8mb4 COLLATE utf8mb4_general_ci NOT NULL DEFAULT 'PENDING' COMMENT 'PENDING待审核 APPROVED已通过 REJECTED已拒绝 CANCELLED已取消 COMPLETED已完成',
  `created_at` datetime DEFAULT CURRENT_TIMESTAMP,
  `updated_at` datetime DEFAULT CURRENT_TIMESTAMP ON UPDATE CURRENT_TIMESTAMP,
  `approved_at` datetime DEFAULT NULL,
  `cancelled_at` datetime DEFAULT NULL,
  `completed_at` datetime DEFAULT NULL,
  PRIMARY KEY (`id`),
  UNIQUE KEY `uk_appointment_no` (`appointment_no`),
  KEY `fk_appointment_schedule` (`schedule_id`),
  KEY `idx_appointment_student_account` (`student_account`),
  KEY `idx_appointment_teacher_account` (`teacher_account`),
  KEY `idx_appointment_date` (`appointment_date`),
  KEY `idx_appointment_status` (`status`),
  CONSTRAINT `fk_appointment_schedule` FOREIGN KEY (`schedule_id`) REFERENCES `teacher_schedule` (`id`),
  CONSTRAINT `fk_appointment_teacher` FOREIGN KEY (`teacher_account`) REFERENCES `teacher` (`account`)
) ENGINE=InnoDB AUTO_INCREMENT=3 DEFAULT CHARSET=utf8mb4 COLLATE=utf8mb4_general_ci COMMENT='学生心理预约表';
/*!40101 SET character_set_client = @saved_cs_client */;

--
-- Dumping data for table `appointment`
--

LOCK TABLES `appointment` WRITE;
/*!40000 ALTER TABLE `appointment` DISABLE KEYS */;
INSERT INTO `appointment` VALUES (1,'APT1774670021968','2022020101','teacher01',2,'2026-04-01','09:00:00','11:00:00','1','','1',NULL,'COMPLETED','2026-03-28 11:53:42','2026-03-28 11:53:42','2026-03-28 11:54:30',NULL,'2026-03-28 11:54:42'),(2,'APT1775544529860','2022020101','teacher01',2,'2026-04-08','09:00:00','11:00:00','心理咨询预约测试','postman测试',NULL,NULL,'CANCELLED','2026-04-07 14:48:50','2026-04-07 16:44:48',NULL,'2026-04-07 16:44:48',NULL);
/*!40000 ALTER TABLE `appointment` ENABLE KEYS */;
UNLOCK TABLES;

--
-- Table structure for table `assessment_option`
--

DROP TABLE IF EXISTS `assessment_option`;
/*!40101 SET @saved_cs_client     = @@character_set_client */;
/*!50503 SET character_set_client = utf8mb4 */;
CREATE TABLE `assessment_option` (
  `id` bigint NOT NULL AUTO_INCREMENT,
  `question_id` bigint NOT NULL,
  `option_no` int NOT NULL,
  `option_text` varchar(255) CHARACTER SET utf8mb4 COLLATE utf8mb4_unicode_ci NOT NULL,
  `option_score` int NOT NULL,
  `created_at` datetime DEFAULT CURRENT_TIMESTAMP,
  PRIMARY KEY (`id`),
  KEY `fk_option_question` (`question_id`),
  CONSTRAINT `fk_option_question` FOREIGN KEY (`question_id`) REFERENCES `assessment_question` (`id`)
) ENGINE=InnoDB AUTO_INCREMENT=571 DEFAULT CHARSET=utf8mb4 COLLATE=utf8mb4_unicode_ci COMMENT='心理测评选项表';
/*!40101 SET character_set_client = @saved_cs_client */;

--
-- Dumping data for table `assessment_option`
--

LOCK TABLES `assessment_option` WRITE;
/*!40000 ALTER TABLE `assessment_option` DISABLE KEYS */;
INSERT INTO `assessment_option` VALUES (391,64,1,'从未',0,'2026-03-15 02:29:57'),(392,65,1,'从未',0,'2026-03-15 02:29:57'),(393,66,1,'从未',0,'2026-03-15 02:29:57'),(394,67,1,'从未',0,'2026-03-15 02:29:57'),(395,68,1,'从未',0,'2026-03-15 02:29:57'),(398,64,2,'偶尔',1,'2026-03-15 02:29:57'),(399,65,2,'偶尔',1,'2026-03-15 02:29:57'),(400,66,2,'偶尔',1,'2026-03-15 02:29:57'),(401,67,2,'偶尔',1,'2026-03-15 02:29:57'),(402,68,2,'偶尔',1,'2026-03-15 02:29:57'),(405,64,3,'少于一半时间',2,'2026-03-15 02:29:57'),(406,65,3,'少于一半时间',2,'2026-03-15 02:29:57'),(407,66,3,'少于一半时间',2,'2026-03-15 02:29:57'),(408,67,3,'少于一半时间',2,'2026-03-15 02:29:57'),(409,68,3,'少于一半时间',2,'2026-03-15 02:29:57'),(412,64,4,'超过一半时间',3,'2026-03-15 02:29:57'),(413,65,4,'超过一半时间',3,'2026-03-15 02:29:57'),(414,66,4,'超过一半时间',3,'2026-03-15 02:29:57'),(415,67,4,'超过一半时间',3,'2026-03-15 02:29:57'),(416,68,4,'超过一半时间',3,'2026-03-15 02:29:57'),(419,64,5,'大部分时间',4,'2026-03-15 02:29:57'),(420,65,5,'大部分时间',4,'2026-03-15 02:29:57'),(421,66,5,'大部分时间',4,'2026-03-15 02:29:57'),(422,67,5,'大部分时间',4,'2026-03-15 02:29:57'),(423,68,5,'大部分时间',4,'2026-03-15 02:29:57'),(426,64,6,'一直如此',5,'2026-03-15 02:29:57'),(427,65,6,'一直如此',5,'2026-03-15 02:29:57'),(428,66,6,'一直如此',5,'2026-03-15 02:29:57'),(429,67,6,'一直如此',5,'2026-03-15 02:29:57'),(430,68,6,'一直如此',5,'2026-03-15 02:29:57'),(433,69,1,'完全没有',0,'2026-03-15 02:29:57'),(434,70,1,'完全没有',0,'2026-03-15 02:29:57'),(435,71,1,'完全没有',0,'2026-03-15 02:29:57'),(436,72,1,'完全没有',0,'2026-03-15 02:29:57'),(437,73,1,'完全没有',0,'2026-03-15 02:29:57'),(438,74,1,'完全没有',0,'2026-03-15 02:29:57'),(439,75,1,'完全没有',0,'2026-03-15 02:29:57'),(440,76,1,'完全没有',0,'2026-03-15 02:29:57'),(441,77,1,'完全没有',0,'2026-03-15 02:29:57'),(448,69,2,'几天',1,'2026-03-15 02:29:57'),(449,70,2,'几天',1,'2026-03-15 02:29:57'),(450,71,2,'几天',1,'2026-03-15 02:29:57'),(451,72,2,'几天',1,'2026-03-15 02:29:57'),(452,73,2,'几天',1,'2026-03-15 02:29:57'),(453,74,2,'几天',1,'2026-03-15 02:29:57'),(454,75,2,'几天',1,'2026-03-15 02:29:57'),(455,76,2,'几天',1,'2026-03-15 02:29:57'),(456,77,2,'几天',1,'2026-03-15 02:29:57'),(463,69,3,'一半以上天数',2,'2026-03-15 02:29:57'),(464,70,3,'一半以上天数',2,'2026-03-15 02:29:57'),(465,71,3,'一半以上天数',2,'2026-03-15 02:29:57'),(466,72,3,'一半以上天数',2,'2026-03-15 02:29:57'),(467,73,3,'一半以上天数',2,'2026-03-15 02:29:57'),(468,74,3,'一半以上天数',2,'2026-03-15 02:29:57'),(469,75,3,'一半以上天数',2,'2026-03-15 02:29:57'),(470,76,3,'一半以上天数',2,'2026-03-15 02:29:57'),(471,77,3,'一半以上天数',2,'2026-03-15 02:29:57'),(478,69,4,'几乎每天',3,'2026-03-15 02:29:57'),(479,70,4,'几乎每天',3,'2026-03-15 02:29:57'),(480,71,4,'几乎每天',3,'2026-03-15 02:29:57'),(481,72,4,'几乎每天',3,'2026-03-15 02:29:57'),(482,73,4,'几乎每天',3,'2026-03-15 02:29:57'),(483,74,4,'几乎每天',3,'2026-03-15 02:29:57'),(484,75,4,'几乎每天',3,'2026-03-15 02:29:57'),(485,76,4,'几乎每天',3,'2026-03-15 02:29:57'),(486,77,4,'几乎每天',3,'2026-03-15 02:29:57'),(493,78,1,'完全没有',0,'2026-03-15 02:29:57'),(494,79,1,'完全没有',0,'2026-03-15 02:29:57'),(495,80,1,'完全没有',0,'2026-03-15 02:29:57'),(496,81,1,'完全没有',0,'2026-03-15 02:29:57'),(497,82,1,'完全没有',0,'2026-03-15 02:29:57'),(498,83,1,'完全没有',0,'2026-03-15 02:29:57'),(499,84,1,'完全没有',0,'2026-03-15 02:29:57'),(500,78,2,'几天',1,'2026-03-15 02:29:57'),(501,79,2,'几天',1,'2026-03-15 02:29:57'),(502,80,2,'几天',1,'2026-03-15 02:29:57'),(503,81,2,'几天',1,'2026-03-15 02:29:57'),(504,82,2,'几天',1,'2026-03-15 02:29:57'),(505,83,2,'几天',1,'2026-03-15 02:29:57'),(506,84,2,'几天',1,'2026-03-15 02:29:57'),(507,78,3,'一半以上天数',2,'2026-03-15 02:29:57'),(508,79,3,'一半以上天数',2,'2026-03-15 02:29:57'),(509,80,3,'一半以上天数',2,'2026-03-15 02:29:57'),(510,81,3,'一半以上天数',2,'2026-03-15 02:29:57'),(511,82,3,'一半以上天数',2,'2026-03-15 02:29:57'),(512,83,3,'一半以上天数',2,'2026-03-15 02:29:57'),(513,84,3,'一半以上天数',2,'2026-03-15 02:29:57'),(514,78,4,'几乎每天',3,'2026-03-15 02:29:57'),(515,79,4,'几乎每天',3,'2026-03-15 02:29:57'),(516,80,4,'几乎每天',3,'2026-03-15 02:29:57'),(517,81,4,'几乎每天',3,'2026-03-15 02:29:57'),(518,82,4,'几乎每天',3,'2026-03-15 02:29:57'),(519,83,4,'几乎每天',3,'2026-03-15 02:29:57'),(520,84,4,'几乎每天',3,'2026-03-15 02:29:57'),(521,94,1,'从不',1,'2026-03-15 02:29:57'),(522,93,1,'从不',1,'2026-03-15 02:29:57'),(523,92,1,'从不',1,'2026-03-15 02:29:57'),(524,91,1,'从不',1,'2026-03-15 02:29:57'),(525,90,1,'从不',1,'2026-03-15 02:29:57'),(526,89,1,'从不',1,'2026-03-15 02:29:57'),(527,88,1,'从不',1,'2026-03-15 02:29:57'),(528,87,1,'从不',1,'2026-03-15 02:29:57'),(529,86,1,'从不',1,'2026-03-15 02:29:57'),(530,85,1,'从不',1,'2026-03-15 02:29:57'),(531,94,2,'偶尔',2,'2026-03-15 02:29:57'),(532,93,2,'偶尔',2,'2026-03-15 02:29:57'),(533,92,2,'偶尔',2,'2026-03-15 02:29:57'),(534,91,2,'偶尔',2,'2026-03-15 02:29:57'),(535,90,2,'偶尔',2,'2026-03-15 02:29:57'),(536,89,2,'偶尔',2,'2026-03-15 02:29:57'),(537,88,2,'偶尔',2,'2026-03-15 02:29:57'),(538,87,2,'偶尔',2,'2026-03-15 02:29:57'),(539,86,2,'偶尔',2,'2026-03-15 02:29:57'),(540,85,2,'偶尔',2,'2026-03-15 02:29:57'),(541,94,3,'有时',3,'2026-03-15 02:29:57'),(542,93,3,'有时',3,'2026-03-15 02:29:57'),(543,92,3,'有时',3,'2026-03-15 02:29:57'),(544,91,3,'有时',3,'2026-03-15 02:29:57'),(545,90,3,'有时',3,'2026-03-15 02:29:57'),(546,89,3,'有时',3,'2026-03-15 02:29:57'),(547,88,3,'有时',3,'2026-03-15 02:29:57'),(548,87,3,'有时',3,'2026-03-15 02:29:57'),(549,86,3,'有时',3,'2026-03-15 02:29:57'),(550,85,3,'有时',3,'2026-03-15 02:29:57'),(551,94,4,'经常',4,'2026-03-15 02:29:57'),(552,93,4,'经常',4,'2026-03-15 02:29:57'),(553,92,4,'经常',4,'2026-03-15 02:29:57'),(554,91,4,'经常',4,'2026-03-15 02:29:57'),(555,90,4,'经常',4,'2026-03-15 02:29:57'),(556,89,4,'经常',4,'2026-03-15 02:29:57'),(557,88,4,'经常',4,'2026-03-15 02:29:57'),(558,87,4,'经常',4,'2026-03-15 02:29:57'),(559,86,4,'经常',4,'2026-03-15 02:29:57'),(560,85,4,'经常',4,'2026-03-15 02:29:57'),(561,94,5,'总是',5,'2026-03-15 02:29:57'),(562,93,5,'总是',5,'2026-03-15 02:29:57'),(563,92,5,'总是',5,'2026-03-15 02:29:57'),(564,91,5,'总是',5,'2026-03-15 02:29:57'),(565,90,5,'总是',5,'2026-03-15 02:29:57'),(566,89,5,'总是',5,'2026-03-15 02:29:57'),(567,88,5,'总是',5,'2026-03-15 02:29:57'),(568,87,5,'总是',5,'2026-03-15 02:29:57'),(569,86,5,'总是',5,'2026-03-15 02:29:57'),(570,85,5,'总是',5,'2026-03-15 02:29:57');
/*!40000 ALTER TABLE `assessment_option` ENABLE KEYS */;
UNLOCK TABLES;

--
-- Table structure for table `assessment_question`
--

DROP TABLE IF EXISTS `assessment_question`;
/*!40101 SET @saved_cs_client     = @@character_set_client */;
/*!50503 SET character_set_client = utf8mb4 */;
CREATE TABLE `assessment_question` (
  `id` bigint NOT NULL AUTO_INCREMENT,
  `scale_id` bigint NOT NULL,
  `question_no` int NOT NULL,
  `question_text` varchar(500) CHARACTER SET utf8mb4 COLLATE utf8mb4_unicode_ci NOT NULL,
  `required_flag` tinyint NOT NULL DEFAULT '1',
  `created_at` datetime DEFAULT CURRENT_TIMESTAMP,
  PRIMARY KEY (`id`),
  KEY `fk_question_scale` (`scale_id`),
  CONSTRAINT `fk_question_scale` FOREIGN KEY (`scale_id`) REFERENCES `assessment_scale` (`id`)
) ENGINE=InnoDB AUTO_INCREMENT=95 DEFAULT CHARSET=utf8mb4 COLLATE=utf8mb4_unicode_ci COMMENT='心理测评题目表';
/*!40101 SET character_set_client = @saved_cs_client */;

--
-- Dumping data for table `assessment_question`
--

LOCK TABLES `assessment_question` WRITE;
/*!40000 ALTER TABLE `assessment_question` DISABLE KEYS */;
INSERT INTO `assessment_question` VALUES (64,14,1,'过去两周，我感觉心情愉快、精神较好',1,'2026-03-15 02:29:57'),(65,14,2,'过去两周，我感觉平静、放松',1,'2026-03-15 02:29:57'),(66,14,3,'过去两周，我感觉精力充沛、做事有劲头',1,'2026-03-15 02:29:57'),(67,14,4,'过去两周，我起床后感觉休息充分',1,'2026-03-15 02:29:57'),(68,14,5,'过去两周，我的日常生活里有让我感兴趣的事情',1,'2026-03-15 02:29:57'),(69,15,1,'过去两周，做事兴趣下降或提不起劲',1,'2026-03-15 02:29:57'),(70,15,2,'过去两周，情绪低落、沮丧或感到无望',1,'2026-03-15 02:29:57'),(71,15,3,'过去两周，入睡困难、易醒或睡得过多',1,'2026-03-15 02:29:57'),(72,15,4,'过去两周，感到疲惫或缺乏精力',1,'2026-03-15 02:29:57'),(73,15,5,'过去两周，食欲差或吃得过多',1,'2026-03-15 02:29:57'),(74,15,6,'过去两周，对自己评价很差，觉得自己失败或让家人失望',1,'2026-03-15 02:29:57'),(75,15,7,'过去两周，难以集中注意力，如学习或阅读时难专心',1,'2026-03-15 02:29:57'),(76,15,8,'过去两周，动作或说话明显变慢，或坐立不安比平时更明显',1,'2026-03-15 02:29:57'),(77,15,9,'过去两周，出现过伤害自己或认为不如消失的想法',1,'2026-03-15 02:29:57'),(78,16,1,'过去两周，感到紧张、焦虑或神经绷得很紧',1,'2026-03-15 02:29:57'),(79,16,2,'过去两周，无法停止担忧或控制担忧',1,'2026-03-15 02:29:57'),(80,16,3,'过去两周，过度担心各种事情',1,'2026-03-15 02:29:57'),(81,16,4,'过去两周，难以放松下来',1,'2026-03-15 02:29:57'),(82,16,5,'过去两周，坐立不安，难以安静坐着',1,'2026-03-15 02:29:57'),(83,16,6,'过去两周，容易烦躁或被激怒',1,'2026-03-15 02:29:57'),(84,16,7,'过去两周，总担心会有糟糕的事情发生',1,'2026-03-15 02:29:57'),(85,4,1,'过去30天里，你是否无明显原因地感到疲惫？',1,'2026-03-15 02:29:57'),(86,4,2,'过去30天里，你是否感到紧张？',1,'2026-03-15 02:29:57'),(87,4,3,'过去30天里，你是否紧张到难以平静下来？',1,'2026-03-15 02:29:57'),(88,4,4,'过去30天里，你是否感到没有希望？',1,'2026-03-15 02:29:57'),(89,4,5,'过去30天里，你是否感到坐立不安或心烦意乱？',1,'2026-03-15 02:29:57'),(90,4,6,'过去30天里，你是否坐立不安到根本坐不住？',1,'2026-03-15 02:29:57'),(91,4,7,'过去30天里，你是否感到情绪低落？',1,'2026-03-15 02:29:57'),(92,4,8,'过去30天里，你是否觉得做任何事都很费力？',1,'2026-03-15 02:29:57'),(93,4,9,'过去30天里，你是否悲伤到没有什么能让你开心起来？',1,'2026-03-15 02:29:57'),(94,4,10,'过去30天里，你是否感到自己毫无价值？',1,'2026-03-15 02:29:57');
/*!40000 ALTER TABLE `assessment_question` ENABLE KEYS */;
UNLOCK TABLES;

--
-- Table structure for table `assessment_scale`
--

DROP TABLE IF EXISTS `assessment_scale`;
/*!40101 SET @saved_cs_client     = @@character_set_client */;
/*!50503 SET character_set_client = utf8mb4 */;
CREATE TABLE `assessment_scale` (
  `id` bigint NOT NULL AUTO_INCREMENT,
  `scale_code` varchar(50) CHARACTER SET utf8mb4 COLLATE utf8mb4_unicode_ci NOT NULL,
  `scale_name` varchar(100) CHARACTER SET utf8mb4 COLLATE utf8mb4_unicode_ci NOT NULL,
  `scale_type` varchar(50) CHARACTER SET utf8mb4 COLLATE utf8mb4_unicode_ci NOT NULL,
  `description` varchar(255) CHARACTER SET utf8mb4 COLLATE utf8mb4_unicode_ci DEFAULT NULL,
  `question_count` int NOT NULL,
  `score_min` int NOT NULL,
  `score_max` int NOT NULL,
  `status` tinyint NOT NULL DEFAULT '1',
  `deleted_flag` tinyint NOT NULL DEFAULT '0' COMMENT '0未删除 1已逻辑删除',
  `current_version_id` bigint DEFAULT NULL COMMENT '当前版本ID',
  `created_by` varchar(50) CHARACTER SET utf8mb4 COLLATE utf8mb4_unicode_ci DEFAULT NULL COMMENT '创建人账号',
  `created_at` datetime DEFAULT CURRENT_TIMESTAMP,
  `updated_at` datetime DEFAULT CURRENT_TIMESTAMP ON UPDATE CURRENT_TIMESTAMP,
  PRIMARY KEY (`id`),
  UNIQUE KEY `uk_scale_code` (`scale_code`)
) ENGINE=InnoDB AUTO_INCREMENT=27 DEFAULT CHARSET=utf8mb4 COLLATE=utf8mb4_unicode_ci COMMENT='心理测评量表表';
/*!40101 SET character_set_client = @saved_cs_client */;

--
-- Dumping data for table `assessment_scale`
--

LOCK TABLES `assessment_scale` WRITE;
/*!40000 ALTER TABLE `assessment_scale` DISABLE KEYS */;
INSERT INTO `assessment_scale` VALUES (4,'K10','K10 心理困扰量表','distress','10题总体心理困扰筛查',10,10,50,0,1,2,'system','2026-03-15 02:29:57','2026-03-25 15:41:21'),(14,'WHO5','WHO-5 幸福感指数','wellbeing','5题快速幸福感/心理状态筛查',5,0,25,1,0,4,'system','2026-03-15 02:29:57','2026-04-07 17:24:03'),(15,'PHQ9','PHQ-9 抑郁筛查','depression','9题抑郁症状筛查',9,0,27,1,0,3,'system','2026-03-15 02:29:57','2026-03-24 16:15:45'),(16,'GAD7','GAD-7 焦虑筛查','anxiety','7题焦虑症状筛查',6,0,22,1,0,12,'system','2026-03-15 02:29:57','2026-03-28 11:33:44'),(17,'HAMA-14','汉密尔顿焦虑量表','anxious','测量是否焦虑',14,0,56,0,1,9,'admin','2026-03-24 16:22:00','2026-03-24 17:01:24'),(18,'HAMD-14','HAMD焦虑','anxious','汉密尔顿焦虑测试',14,0,56,1,0,10,'admin','2026-03-24 17:02:40','2026-03-24 17:02:40'),(19,'SCL-75','SCL-75','total','wu',75,0,300,1,0,14,'admin','2026-03-28 10:14:10','2026-03-28 11:33:22'),(20,'HAMDF','汉密尔顿','1','wu',13,0,56,1,0,16,'admin','2026-03-28 11:44:15','2026-03-28 11:51:24'),(21,'1','2','3','4',24,0,300,0,1,17,'admin','2026-04-01 09:56:15','2026-04-01 09:56:37'),(22,'11','11','11','11',24,0,300,1,0,18,'admin','2026-04-01 10:43:33','2026-04-01 10:43:33'),(23,'12','12','12','1',24,0,300,1,0,19,'admin','2026-04-01 10:56:49','2026-04-01 10:56:49'),(24,'13','13','13','11',24,0,300,0,1,20,'admin','2026-04-01 10:57:52','2026-04-01 11:07:57'),(25,'16','11','134','1',24,0,56,1,0,21,'admin','2026-04-01 11:13:03','2026-04-01 11:13:03'),(26,'SAS_TEST_01','焦虑自测量表-测试','焦虑','Postman导入测试',75,0,300,1,0,22,'admin','2026-04-06 18:22:08','2026-04-06 18:22:08');
/*!40000 ALTER TABLE `assessment_scale` ENABLE KEYS */;
UNLOCK TABLES;

--
-- Table structure for table `assessment_scale_version`
--

DROP TABLE IF EXISTS `assessment_scale_version`;
/*!40101 SET @saved_cs_client     = @@character_set_client */;
/*!50503 SET character_set_client = utf8mb4 */;
CREATE TABLE `assessment_scale_version` (
  `id` bigint NOT NULL AUTO_INCREMENT,
  `scale_id` bigint NOT NULL COMMENT '所属量表ID',
  `version_no` int NOT NULL COMMENT '版本号，从1开始',
  `version_status` varchar(20) CHARACTER SET utf8mb4 COLLATE utf8mb4_unicode_ci NOT NULL DEFAULT 'ACTIVE' COMMENT 'ACTIVE启用 INACTIVE停用',
  `source_question_file_name` varchar(255) CHARACTER SET utf8mb4 COLLATE utf8mb4_unicode_ci DEFAULT NULL COMMENT '题目Excel文件名',
  `source_rule_file_name` varchar(255) CHARACTER SET utf8mb4 COLLATE utf8mb4_unicode_ci DEFAULT NULL COMMENT '规则Excel文件名',
  `version_remark` varchar(255) CHARACTER SET utf8mb4 COLLATE utf8mb4_unicode_ci DEFAULT NULL COMMENT '版本备注',
  `created_by` varchar(50) CHARACTER SET utf8mb4 COLLATE utf8mb4_unicode_ci DEFAULT NULL COMMENT '创建人',
  `created_at` datetime DEFAULT CURRENT_TIMESTAMP,
  `updated_at` datetime DEFAULT CURRENT_TIMESTAMP ON UPDATE CURRENT_TIMESTAMP,
  PRIMARY KEY (`id`),
  UNIQUE KEY `uk_scale_version_no` (`scale_id`,`version_no`),
  KEY `idx_scale_version_scale_id` (`scale_id`),
  CONSTRAINT `fk_scale_version_scale` FOREIGN KEY (`scale_id`) REFERENCES `assessment_scale` (`id`)
) ENGINE=InnoDB AUTO_INCREMENT=23 DEFAULT CHARSET=utf8mb4 COLLATE=utf8mb4_unicode_ci COMMENT='量表版本表';
/*!40101 SET character_set_client = @saved_cs_client */;

--
-- Dumping data for table `assessment_scale_version`
--

LOCK TABLES `assessment_scale_version` WRITE;
/*!40000 ALTER TABLE `assessment_scale_version` DISABLE KEYS */;
INSERT INTO `assessment_scale_version` VALUES (1,16,1,'ACTIVE',NULL,NULL,'旧量表迁移初始化V1','system','2026-03-24 16:15:45','2026-03-24 16:15:45'),(2,4,1,'INACTIVE',NULL,NULL,'旧量表迁移初始化V1','system','2026-03-24 16:15:45','2026-03-25 15:41:22'),(3,15,1,'ACTIVE',NULL,NULL,'旧量表迁移初始化V1','system','2026-03-24 16:15:45','2026-03-24 16:15:45'),(4,14,1,'ACTIVE',NULL,NULL,'旧量表迁移初始化V1','system','2026-03-24 16:15:45','2026-04-07 17:24:03'),(8,17,1,'ACTIVE','汉密尔顿焦虑量表 HAMA-14.xlsx','焦虑等级评估表汉密尔顿焦虑量表（HAMA-14）评分判定表.xlsx','首次导入','admin','2026-03-24 16:22:00','2026-03-24 16:22:00'),(9,17,2,'INACTIVE',NULL,NULL,'管理员修改版本','admin','2026-03-24 16:54:14','2026-03-24 17:01:24'),(10,18,1,'ACTIVE','汉密尔顿焦虑量表 HAMA-14.xlsx','焦虑等级评估表汉密尔顿焦虑量表（HAMA-14）评分判定表.xlsx','首次导入','admin','2026-03-24 17:02:40','2026-03-24 17:02:40'),(11,16,2,'ACTIVE',NULL,NULL,'管理员修改版本','admin','2026-03-24 17:03:11','2026-03-24 17:03:11'),(12,16,3,'ACTIVE',NULL,NULL,'管理员修改版本','admin','2026-03-24 17:04:05','2026-03-28 11:33:44'),(13,19,1,'INACTIVE','SCL-90.xlsx','SCL-75评分判定表.xlsx','首次导入','admin','2026-03-28 10:14:10','2026-03-28 10:16:19'),(14,19,2,'ACTIVE',NULL,NULL,'管理员修改版本','admin','2026-03-28 10:25:10','2026-03-28 11:33:22'),(15,20,1,'INACTIVE','汉密尔顿焦虑量表 HAMA-14.xlsx','焦虑等级评估表汉密尔顿焦虑量表（HAMA-14）评分判定表.xlsx','首次导入','admin','2026-03-28 11:44:15','2026-03-28 11:50:53'),(16,20,2,'ACTIVE',NULL,NULL,'管理员修改版本','admin','2026-03-28 11:51:20','2026-03-28 11:51:24'),(17,21,1,'INACTIVE','han.xlsx','SCL-75评分判定表.xlsx','首次导入','admin','2026-04-01 09:56:15','2026-04-01 09:56:37'),(18,22,1,'ACTIVE','HAMD-24.xlsx','SCL-75评分判定表.xlsx','首次导入','admin','2026-04-01 10:43:33','2026-04-01 10:43:33'),(19,23,1,'ACTIVE','han.xlsx','SCL-75评分判定表.xlsx','首次导入','admin','2026-04-01 10:56:49','2026-04-01 10:56:49'),(20,24,1,'INACTIVE','HAMD-24.xlsx','SCL-75评分判定表.xlsx','首次导入','admin','2026-04-01 10:57:52','2026-04-01 11:07:57'),(21,25,1,'ACTIVE','HAMD-24.xlsx','焦虑等级评估表汉密尔顿焦虑量表（HAMA-14）评分判定表.xlsx','首次导入','admin','2026-04-01 11:13:03','2026-04-01 11:13:03'),(22,26,1,'ACTIVE','SCL-90.xlsx','SCL-75评分判定表.xlsx','首次导入','admin','2026-04-06 18:22:08','2026-04-06 18:22:08');
/*!40000 ALTER TABLE `assessment_scale_version` ENABLE KEYS */;
UNLOCK TABLES;

--
-- Table structure for table `assessment_version_option`
--

DROP TABLE IF EXISTS `assessment_version_option`;
/*!40101 SET @saved_cs_client     = @@character_set_client */;
/*!50503 SET character_set_client = utf8mb4 */;
CREATE TABLE `assessment_version_option` (
  `id` bigint NOT NULL AUTO_INCREMENT,
  `version_question_id` bigint NOT NULL COMMENT '版本题目ID',
  `option_no` int NOT NULL COMMENT '选项序号',
  `option_text` varchar(255) CHARACTER SET utf8mb4 COLLATE utf8mb4_unicode_ci NOT NULL COMMENT '选项内容',
  `option_score` int NOT NULL COMMENT '选项分值',
  `created_at` datetime DEFAULT CURRENT_TIMESTAMP,
  PRIMARY KEY (`id`),
  UNIQUE KEY `uk_version_option_no` (`version_question_id`,`option_no`),
  KEY `idx_version_option_question_id` (`version_question_id`),
  CONSTRAINT `fk_version_option_question` FOREIGN KEY (`version_question_id`) REFERENCES `assessment_version_question` (`id`)
) ENGINE=InnoDB AUTO_INCREMENT=2191 DEFAULT CHARSET=utf8mb4 COLLATE=utf8mb4_unicode_ci COMMENT='量表版本选项表';
/*!40101 SET character_set_client = @saved_cs_client */;

--
-- Dumping data for table `assessment_version_option`
--

LOCK TABLES `assessment_version_option` WRITE;
/*!40000 ALTER TABLE `assessment_version_option` DISABLE KEYS */;
INSERT INTO `assessment_version_option` VALUES (1,1,1,'从不',1,'2026-03-15 02:29:57'),(2,1,2,'偶尔',2,'2026-03-15 02:29:57'),(3,1,3,'有时',3,'2026-03-15 02:29:57'),(4,1,4,'经常',4,'2026-03-15 02:29:57'),(5,1,5,'总是',5,'2026-03-15 02:29:57'),(6,2,1,'从不',1,'2026-03-15 02:29:57'),(7,2,2,'偶尔',2,'2026-03-15 02:29:57'),(8,2,3,'有时',3,'2026-03-15 02:29:57'),(9,2,4,'经常',4,'2026-03-15 02:29:57'),(10,2,5,'总是',5,'2026-03-15 02:29:57'),(11,3,1,'从不',1,'2026-03-15 02:29:57'),(12,3,2,'偶尔',2,'2026-03-15 02:29:57'),(13,3,3,'有时',3,'2026-03-15 02:29:57'),(14,3,4,'经常',4,'2026-03-15 02:29:57'),(15,3,5,'总是',5,'2026-03-15 02:29:57'),(16,4,1,'从不',1,'2026-03-15 02:29:57'),(17,4,2,'偶尔',2,'2026-03-15 02:29:57'),(18,4,3,'有时',3,'2026-03-15 02:29:57'),(19,4,4,'经常',4,'2026-03-15 02:29:57'),(20,4,5,'总是',5,'2026-03-15 02:29:57'),(21,5,1,'从不',1,'2026-03-15 02:29:57'),(22,5,2,'偶尔',2,'2026-03-15 02:29:57'),(23,5,3,'有时',3,'2026-03-15 02:29:57'),(24,5,4,'经常',4,'2026-03-15 02:29:57'),(25,5,5,'总是',5,'2026-03-15 02:29:57'),(26,6,1,'从不',1,'2026-03-15 02:29:57'),(27,6,2,'偶尔',2,'2026-03-15 02:29:57'),(28,6,3,'有时',3,'2026-03-15 02:29:57'),(29,6,4,'经常',4,'2026-03-15 02:29:57'),(30,6,5,'总是',5,'2026-03-15 02:29:57'),(31,7,1,'从不',1,'2026-03-15 02:29:57'),(32,7,2,'偶尔',2,'2026-03-15 02:29:57'),(33,7,3,'有时',3,'2026-03-15 02:29:57'),(34,7,4,'经常',4,'2026-03-15 02:29:57'),(35,7,5,'总是',5,'2026-03-15 02:29:57'),(36,8,1,'从不',1,'2026-03-15 02:29:57'),(37,8,2,'偶尔',2,'2026-03-15 02:29:57'),(38,8,3,'有时',3,'2026-03-15 02:29:57'),(39,8,4,'经常',4,'2026-03-15 02:29:57'),(40,8,5,'总是',5,'2026-03-15 02:29:57'),(41,9,1,'从不',1,'2026-03-15 02:29:57'),(42,9,2,'偶尔',2,'2026-03-15 02:29:57'),(43,9,3,'有时',3,'2026-03-15 02:29:57'),(44,9,4,'经常',4,'2026-03-15 02:29:57'),(45,9,5,'总是',5,'2026-03-15 02:29:57'),(46,10,1,'从不',1,'2026-03-15 02:29:57'),(47,10,2,'偶尔',2,'2026-03-15 02:29:57'),(48,10,3,'有时',3,'2026-03-15 02:29:57'),(49,10,4,'经常',4,'2026-03-15 02:29:57'),(50,10,5,'总是',5,'2026-03-15 02:29:57'),(51,11,1,'从未',0,'2026-03-15 02:29:57'),(52,11,2,'偶尔',1,'2026-03-15 02:29:57'),(53,11,3,'少于一半时间',2,'2026-03-15 02:29:57'),(54,11,4,'超过一半时间',3,'2026-03-15 02:29:57'),(55,11,5,'大部分时间',4,'2026-03-15 02:29:57'),(56,11,6,'一直如此',5,'2026-03-15 02:29:57'),(57,12,1,'从未',0,'2026-03-15 02:29:57'),(58,12,2,'偶尔',1,'2026-03-15 02:29:57'),(59,12,3,'少于一半时间',2,'2026-03-15 02:29:57'),(60,12,4,'超过一半时间',3,'2026-03-15 02:29:57'),(61,12,5,'大部分时间',4,'2026-03-15 02:29:57'),(62,12,6,'一直如此',5,'2026-03-15 02:29:57'),(63,13,1,'从未',0,'2026-03-15 02:29:57'),(64,13,2,'偶尔',1,'2026-03-15 02:29:57'),(65,13,3,'少于一半时间',2,'2026-03-15 02:29:57'),(66,13,4,'超过一半时间',3,'2026-03-15 02:29:57'),(67,13,5,'大部分时间',4,'2026-03-15 02:29:57'),(68,13,6,'一直如此',5,'2026-03-15 02:29:57'),(69,14,1,'从未',0,'2026-03-15 02:29:57'),(70,14,2,'偶尔',1,'2026-03-15 02:29:57'),(71,14,3,'少于一半时间',2,'2026-03-15 02:29:57'),(72,14,4,'超过一半时间',3,'2026-03-15 02:29:57'),(73,14,5,'大部分时间',4,'2026-03-15 02:29:57'),(74,14,6,'一直如此',5,'2026-03-15 02:29:57'),(75,15,1,'从未',0,'2026-03-15 02:29:57'),(76,15,2,'偶尔',1,'2026-03-15 02:29:57'),(77,15,3,'少于一半时间',2,'2026-03-15 02:29:57'),(78,15,4,'超过一半时间',3,'2026-03-15 02:29:57'),(79,15,5,'大部分时间',4,'2026-03-15 02:29:57'),(80,15,6,'一直如此',5,'2026-03-15 02:29:57'),(81,16,1,'完全没有',0,'2026-03-15 02:29:57'),(82,16,2,'几天',1,'2026-03-15 02:29:57'),(83,16,3,'一半以上天数',2,'2026-03-15 02:29:57'),(84,16,4,'几乎每天',3,'2026-03-15 02:29:57'),(85,17,1,'完全没有',0,'2026-03-15 02:29:57'),(86,17,2,'几天',1,'2026-03-15 02:29:57'),(87,17,3,'一半以上天数',2,'2026-03-15 02:29:57'),(88,17,4,'几乎每天',3,'2026-03-15 02:29:57'),(89,18,1,'完全没有',0,'2026-03-15 02:29:57'),(90,18,2,'几天',1,'2026-03-15 02:29:57'),(91,18,3,'一半以上天数',2,'2026-03-15 02:29:57'),(92,18,4,'几乎每天',3,'2026-03-15 02:29:57'),(93,19,1,'完全没有',0,'2026-03-15 02:29:57'),(94,19,2,'几天',1,'2026-03-15 02:29:57'),(95,19,3,'一半以上天数',2,'2026-03-15 02:29:57'),(96,19,4,'几乎每天',3,'2026-03-15 02:29:57'),(97,20,1,'完全没有',0,'2026-03-15 02:29:57'),(98,20,2,'几天',1,'2026-03-15 02:29:57'),(99,20,3,'一半以上天数',2,'2026-03-15 02:29:57'),(100,20,4,'几乎每天',3,'2026-03-15 02:29:57'),(101,21,1,'完全没有',0,'2026-03-15 02:29:57'),(102,21,2,'几天',1,'2026-03-15 02:29:57'),(103,21,3,'一半以上天数',2,'2026-03-15 02:29:57'),(104,21,4,'几乎每天',3,'2026-03-15 02:29:57'),(105,22,1,'完全没有',0,'2026-03-15 02:29:57'),(106,22,2,'几天',1,'2026-03-15 02:29:57'),(107,22,3,'一半以上天数',2,'2026-03-15 02:29:57'),(108,22,4,'几乎每天',3,'2026-03-15 02:29:57'),(109,23,1,'完全没有',0,'2026-03-15 02:29:57'),(110,23,2,'几天',1,'2026-03-15 02:29:57'),(111,23,3,'一半以上天数',2,'2026-03-15 02:29:57'),(112,23,4,'几乎每天',3,'2026-03-15 02:29:57'),(113,24,1,'完全没有',0,'2026-03-15 02:29:57'),(114,24,2,'几天',1,'2026-03-15 02:29:57'),(115,24,3,'一半以上天数',2,'2026-03-15 02:29:57'),(116,24,4,'几乎每天',3,'2026-03-15 02:29:57'),(117,25,1,'完全没有',0,'2026-03-15 02:29:57'),(118,25,2,'几天',1,'2026-03-15 02:29:57'),(119,25,3,'一半以上天数',2,'2026-03-15 02:29:57'),(120,25,4,'几乎每天',3,'2026-03-15 02:29:57'),(121,26,1,'完全没有',0,'2026-03-15 02:29:57'),(122,26,2,'几天',1,'2026-03-15 02:29:57'),(123,26,3,'一半以上天数',2,'2026-03-15 02:29:57'),(124,26,4,'几乎每天',3,'2026-03-15 02:29:57'),(125,27,1,'完全没有',0,'2026-03-15 02:29:57'),(126,27,2,'几天',1,'2026-03-15 02:29:57'),(127,27,3,'一半以上天数',2,'2026-03-15 02:29:57'),(128,27,4,'几乎每天',3,'2026-03-15 02:29:57'),(129,28,1,'完全没有',0,'2026-03-15 02:29:57'),(130,28,2,'几天',1,'2026-03-15 02:29:57'),(131,28,3,'一半以上天数',2,'2026-03-15 02:29:57'),(132,28,4,'几乎每天',3,'2026-03-15 02:29:57'),(133,29,1,'完全没有',0,'2026-03-15 02:29:57'),(134,29,2,'几天',1,'2026-03-15 02:29:57'),(135,29,3,'一半以上天数',2,'2026-03-15 02:29:57'),(136,29,4,'几乎每天',3,'2026-03-15 02:29:57'),(137,30,1,'完全没有',0,'2026-03-15 02:29:57'),(138,30,2,'几天',1,'2026-03-15 02:29:57'),(139,30,3,'一半以上天数',2,'2026-03-15 02:29:57'),(140,30,4,'几乎每天',3,'2026-03-15 02:29:57'),(141,31,1,'完全没有',0,'2026-03-15 02:29:57'),(142,31,2,'几天',1,'2026-03-15 02:29:57'),(143,31,3,'一半以上天数',2,'2026-03-15 02:29:57'),(144,31,4,'几乎每天',3,'2026-03-15 02:29:57'),(256,32,1,'无',0,'2026-03-24 16:22:00'),(257,32,2,'轻度紧张担忧',1,'2026-03-24 16:22:00'),(258,32,3,'明显担忧、害怕',2,'2026-03-24 16:22:00'),(259,32,4,'恐惧不安',3,'2026-03-24 16:22:00'),(260,32,5,'惊恐、濒死感',4,'2026-03-24 16:22:00'),(261,33,1,'无',0,'2026-03-24 16:22:00'),(262,33,2,'肌肉紧张',1,'2026-03-24 16:22:00'),(263,33,3,'坐立不安',2,'2026-03-24 16:22:00'),(264,33,4,'发抖、无法放松',3,'2026-03-24 16:22:00'),(265,33,5,'极度紧张失控',4,'2026-03-24 16:22:00'),(266,34,1,'无',0,'2026-03-24 16:22:00'),(267,34,2,'怕黑暗、陌生人',1,'2026-03-24 16:22:00'),(268,34,3,'怕独处、外出',2,'2026-03-24 16:22:00'),(269,34,4,'恐惧发作',3,'2026-03-24 16:22:00'),(270,34,5,'严重恐惧',4,'2026-03-24 16:22:00'),(271,35,1,'无',0,'2026-03-24 16:22:00'),(272,35,2,'入睡困难',1,'2026-03-24 16:22:00'),(273,35,3,'易醒、多梦',2,'2026-03-24 16:22:00'),(274,35,4,'早醒、睡眠差',3,'2026-03-24 16:22:00'),(275,35,5,'彻夜不眠',4,'2026-03-24 16:22:00'),(276,36,1,'无',0,'2026-03-24 16:22:00'),(277,36,2,'注意力不集中',1,'2026-03-24 16:22:00'),(278,36,3,'记忆力下降',2,'2026-03-24 16:22:00'),(279,36,4,'思维混乱',3,'2026-03-24 16:22:00'),(280,36,5,'严重认知障碍',4,'2026-03-24 16:22:00'),(281,37,1,'无',0,'2026-03-24 16:22:00'),(282,37,2,'情绪低落',1,'2026-03-24 16:22:00'),(283,37,3,'明显抑郁',2,'2026-03-24 16:22:00'),(284,37,4,'兴趣丧失',3,'2026-03-24 16:22:00'),(285,37,5,'严重抑郁',4,'2026-03-24 16:22:00'),(286,38,1,'无',0,'2026-03-24 16:22:00'),(287,38,2,'肌肉酸痛',1,'2026-03-24 16:22:00'),(288,38,3,'僵硬、震颤',2,'2026-03-24 16:22:00'),(289,38,4,'肌痉挛',3,'2026-03-24 16:22:00'),(290,38,5,'严重肌肉症状',4,'2026-03-24 16:22:00'),(291,39,1,'无',0,'2026-03-24 16:22:00'),(292,39,2,'头晕、耳鸣',1,'2026-03-24 16:22:00'),(293,39,3,'视物模糊、刺痛',2,'2026-03-24 16:22:00'),(294,39,4,'明显感觉异常',3,'2026-03-24 16:22:00'),(295,39,5,'严重障碍',4,'2026-03-24 16:22:00'),(296,40,1,'无',0,'2026-03-24 16:22:00'),(297,40,2,'心悸',1,'2026-03-24 16:22:00'),(298,40,3,'胸闷',2,'2026-03-24 16:22:00'),(299,40,4,'心动过速',3,'2026-03-24 16:22:00'),(300,40,5,'胸痛、血压波动',4,'2026-03-24 16:22:00'),(301,41,1,'无',0,'2026-03-24 16:22:00'),(302,41,2,'胸闷气短',1,'2026-03-24 16:22:00'),(303,41,3,'叹气、不畅',2,'2026-03-24 16:22:00'),(304,41,4,'窒息感',3,'2026-03-24 16:22:00'),(305,41,5,'过度换气',4,'2026-03-24 16:22:00'),(306,42,1,'无',0,'2026-03-24 16:22:00'),(307,42,2,'口干、腹胀',1,'2026-03-24 16:22:00'),(308,42,3,'恶心、嗳气',2,'2026-03-24 16:22:00'),(309,42,4,'腹泻、腹痛',3,'2026-03-24 16:22:00'),(310,42,5,'呕吐、吞咽困难',4,'2026-03-24 16:22:00'),(311,43,1,'无',0,'2026-03-24 16:22:00'),(312,43,2,'尿频',1,'2026-03-24 16:22:00'),(313,43,3,'尿急',2,'2026-03-24 16:22:00'),(314,43,4,'月经紊乱、性欲减退',3,'2026-03-24 16:22:00'),(315,43,5,'严重不适',4,'2026-03-24 16:22:00'),(316,44,1,'无',0,'2026-03-24 16:22:00'),(317,44,2,'出汗、脸红',1,'2026-03-24 16:22:00'),(318,44,3,'口干、手抖',2,'2026-03-24 16:22:00'),(319,44,4,'大汗、寒战',3,'2026-03-24 16:22:00'),(320,44,5,'严重紊乱',4,'2026-03-24 16:22:00'),(321,45,1,'正常',0,'2026-03-24 16:22:00'),(322,45,2,'轻微紧张',1,'2026-03-24 16:22:00'),(323,45,3,'坐立不安、发抖',2,'2026-03-24 16:22:00'),(324,45,4,'激动、语速快',3,'2026-03-24 16:22:00'),(325,45,5,'无法配合',4,'2026-03-24 16:22:00'),(326,46,1,'无',0,'2026-03-24 16:54:14'),(327,46,2,'轻度紧张担忧',1,'2026-03-24 16:54:14'),(328,46,3,'明显担忧、害怕',2,'2026-03-24 16:54:14'),(329,46,4,'恐惧不安',3,'2026-03-24 16:54:14'),(330,46,5,'惊恐、濒死感',4,'2026-03-24 16:54:14'),(331,47,1,'无',0,'2026-03-24 16:54:14'),(332,47,2,'肌肉紧张',1,'2026-03-24 16:54:14'),(333,47,3,'坐立不安',2,'2026-03-24 16:54:14'),(334,47,4,'发抖、无法放松',3,'2026-03-24 16:54:14'),(335,47,5,'极度紧张失控',4,'2026-03-24 16:54:14'),(336,48,1,'无',0,'2026-03-24 16:54:14'),(337,48,2,'怕黑暗、陌生人',1,'2026-03-24 16:54:14'),(338,48,3,'怕独处、外出',2,'2026-03-24 16:54:14'),(339,48,4,'恐惧发作',3,'2026-03-24 16:54:14'),(340,48,5,'严重恐惧',4,'2026-03-24 16:54:14'),(341,49,1,'无',0,'2026-03-24 16:54:14'),(342,49,2,'入睡困难',1,'2026-03-24 16:54:14'),(343,49,3,'易醒、多梦',2,'2026-03-24 16:54:14'),(344,49,4,'早醒、睡眠差',3,'2026-03-24 16:54:14'),(345,49,5,'彻夜不眠',4,'2026-03-24 16:54:14'),(346,50,1,'无',0,'2026-03-24 16:54:14'),(347,50,2,'注意力不集中',1,'2026-03-24 16:54:14'),(348,50,3,'记忆力下降',2,'2026-03-24 16:54:14'),(349,50,4,'思维混乱',3,'2026-03-24 16:54:14'),(350,50,5,'严重认知障碍',4,'2026-03-24 16:54:14'),(351,51,1,'无',0,'2026-03-24 16:54:14'),(352,51,2,'情绪低落',1,'2026-03-24 16:54:14'),(353,51,3,'明显抑郁',2,'2026-03-24 16:54:14'),(354,51,4,'兴趣丧失',3,'2026-03-24 16:54:14'),(355,51,5,'严重抑郁',4,'2026-03-24 16:54:14'),(356,52,1,'无',0,'2026-03-24 16:54:14'),(357,52,2,'肌肉酸痛',1,'2026-03-24 16:54:14'),(358,52,3,'僵硬、震颤',2,'2026-03-24 16:54:14'),(359,52,4,'肌痉挛',3,'2026-03-24 16:54:14'),(360,52,5,'严重肌肉症状',4,'2026-03-24 16:54:14'),(361,53,1,'无',0,'2026-03-24 16:54:14'),(362,53,2,'头晕、耳鸣',1,'2026-03-24 16:54:14'),(363,53,3,'视物模糊、刺痛',2,'2026-03-24 16:54:14'),(364,53,4,'明显感觉异常',3,'2026-03-24 16:54:14'),(365,53,5,'严重障碍',4,'2026-03-24 16:54:14'),(366,54,1,'无',0,'2026-03-24 16:54:14'),(367,54,2,'心悸',1,'2026-03-24 16:54:14'),(368,54,3,'胸闷',2,'2026-03-24 16:54:14'),(369,54,4,'心动过速',3,'2026-03-24 16:54:14'),(370,54,5,'胸痛、血压波动',4,'2026-03-24 16:54:14'),(371,55,1,'无',0,'2026-03-24 16:54:14'),(372,55,2,'胸闷气短',1,'2026-03-24 16:54:14'),(373,55,3,'叹气、不畅',2,'2026-03-24 16:54:14'),(374,55,4,'窒息感',3,'2026-03-24 16:54:14'),(375,55,5,'过度换气',4,'2026-03-24 16:54:14'),(376,56,1,'无',0,'2026-03-24 16:54:14'),(377,56,2,'口干、腹胀',1,'2026-03-24 16:54:14'),(378,56,3,'恶心、嗳气',2,'2026-03-24 16:54:14'),(379,56,4,'腹泻、腹痛',3,'2026-03-24 16:54:14'),(380,56,5,'呕吐、吞咽困难',4,'2026-03-24 16:54:14'),(381,57,1,'无',0,'2026-03-24 16:54:14'),(382,57,2,'尿频',1,'2026-03-24 16:54:14'),(383,57,3,'尿急',2,'2026-03-24 16:54:14'),(384,57,4,'月经紊乱、性欲减退',3,'2026-03-24 16:54:14'),(385,57,5,'严重不适',4,'2026-03-24 16:54:14'),(386,58,1,'无',0,'2026-03-24 16:54:14'),(387,58,2,'出汗、脸红',1,'2026-03-24 16:54:14'),(388,58,3,'口干、手抖',2,'2026-03-24 16:54:14'),(389,58,4,'大汗、寒战',3,'2026-03-24 16:54:14'),(390,58,5,'严重紊乱',4,'2026-03-24 16:54:14'),(391,59,1,'正常',0,'2026-03-24 16:54:14'),(392,59,2,'轻微紧张',1,'2026-03-24 16:54:14'),(393,59,3,'坐立不安、发抖',2,'2026-03-24 16:54:14'),(394,59,4,'激动、语速快',3,'2026-03-24 16:54:14'),(395,59,5,'无法配合',4,'2026-03-24 16:54:14'),(396,60,1,'无',0,'2026-03-24 17:02:40'),(397,60,2,'轻度紧张担忧',1,'2026-03-24 17:02:40'),(398,60,3,'明显担忧、害怕',2,'2026-03-24 17:02:40'),(399,60,4,'恐惧不安',3,'2026-03-24 17:02:40'),(400,60,5,'惊恐、濒死感',4,'2026-03-24 17:02:40'),(401,61,1,'无',0,'2026-03-24 17:02:40'),(402,61,2,'肌肉紧张',1,'2026-03-24 17:02:40'),(403,61,3,'坐立不安',2,'2026-03-24 17:02:40'),(404,61,4,'发抖、无法放松',3,'2026-03-24 17:02:40'),(405,61,5,'极度紧张失控',4,'2026-03-24 17:02:40'),(406,62,1,'无',0,'2026-03-24 17:02:40'),(407,62,2,'怕黑暗、陌生人',1,'2026-03-24 17:02:40'),(408,62,3,'怕独处、外出',2,'2026-03-24 17:02:40'),(409,62,4,'恐惧发作',3,'2026-03-24 17:02:40'),(410,62,5,'严重恐惧',4,'2026-03-24 17:02:40'),(411,63,1,'无',0,'2026-03-24 17:02:40'),(412,63,2,'入睡困难',1,'2026-03-24 17:02:40'),(413,63,3,'易醒、多梦',2,'2026-03-24 17:02:40'),(414,63,4,'早醒、睡眠差',3,'2026-03-24 17:02:40'),(415,63,5,'彻夜不眠',4,'2026-03-24 17:02:40'),(416,64,1,'无',0,'2026-03-24 17:02:40'),(417,64,2,'注意力不集中',1,'2026-03-24 17:02:40'),(418,64,3,'记忆力下降',2,'2026-03-24 17:02:40'),(419,64,4,'思维混乱',3,'2026-03-24 17:02:40'),(420,64,5,'严重认知障碍',4,'2026-03-24 17:02:40'),(421,65,1,'无',0,'2026-03-24 17:02:40'),(422,65,2,'情绪低落',1,'2026-03-24 17:02:40'),(423,65,3,'明显抑郁',2,'2026-03-24 17:02:40'),(424,65,4,'兴趣丧失',3,'2026-03-24 17:02:40'),(425,65,5,'严重抑郁',4,'2026-03-24 17:02:40'),(426,66,1,'无',0,'2026-03-24 17:02:40'),(427,66,2,'肌肉酸痛',1,'2026-03-24 17:02:40'),(428,66,3,'僵硬、震颤',2,'2026-03-24 17:02:40'),(429,66,4,'肌痉挛',3,'2026-03-24 17:02:40'),(430,66,5,'严重肌肉症状',4,'2026-03-24 17:02:40'),(431,67,1,'无',0,'2026-03-24 17:02:40'),(432,67,2,'头晕、耳鸣',1,'2026-03-24 17:02:40'),(433,67,3,'视物模糊、刺痛',2,'2026-03-24 17:02:40'),(434,67,4,'明显感觉异常',3,'2026-03-24 17:02:40'),(435,67,5,'严重障碍',4,'2026-03-24 17:02:40'),(436,68,1,'无',0,'2026-03-24 17:02:40'),(437,68,2,'心悸',1,'2026-03-24 17:02:40'),(438,68,3,'胸闷',2,'2026-03-24 17:02:40'),(439,68,4,'心动过速',3,'2026-03-24 17:02:40'),(440,68,5,'胸痛、血压波动',4,'2026-03-24 17:02:40'),(441,69,1,'无',0,'2026-03-24 17:02:40'),(442,69,2,'胸闷气短',1,'2026-03-24 17:02:40'),(443,69,3,'叹气、不畅',2,'2026-03-24 17:02:40'),(444,69,4,'窒息感',3,'2026-03-24 17:02:40'),(445,69,5,'过度换气',4,'2026-03-24 17:02:40'),(446,70,1,'无',0,'2026-03-24 17:02:40'),(447,70,2,'口干、腹胀',1,'2026-03-24 17:02:40'),(448,70,3,'恶心、嗳气',2,'2026-03-24 17:02:40'),(449,70,4,'腹泻、腹痛',3,'2026-03-24 17:02:40'),(450,70,5,'呕吐、吞咽困难',4,'2026-03-24 17:02:40'),(451,71,1,'无',0,'2026-03-24 17:02:40'),(452,71,2,'尿频',1,'2026-03-24 17:02:40'),(453,71,3,'尿急',2,'2026-03-24 17:02:40'),(454,71,4,'月经紊乱、性欲减退',3,'2026-03-24 17:02:40'),(455,71,5,'严重不适',4,'2026-03-24 17:02:40'),(456,72,1,'无',0,'2026-03-24 17:02:40'),(457,72,2,'出汗、脸红',1,'2026-03-24 17:02:40'),(458,72,3,'口干、手抖',2,'2026-03-24 17:02:40'),(459,72,4,'大汗、寒战',3,'2026-03-24 17:02:40'),(460,72,5,'严重紊乱',4,'2026-03-24 17:02:40'),(461,73,1,'正常',0,'2026-03-24 17:02:40'),(462,73,2,'轻微紧张',1,'2026-03-24 17:02:40'),(463,73,3,'坐立不安、发抖',2,'2026-03-24 17:02:40'),(464,73,4,'激动、语速快',3,'2026-03-24 17:02:40'),(465,73,5,'无法配合',4,'2026-03-24 17:02:40'),(466,74,1,'完全没有',0,'2026-03-24 17:03:11'),(467,74,2,'几天',1,'2026-03-24 17:03:11'),(468,74,3,'一半以上天数',2,'2026-03-24 17:03:11'),(469,74,4,'几乎每天',3,'2026-03-24 17:03:11'),(470,75,1,'完全没有',0,'2026-03-24 17:03:11'),(471,75,2,'几天',1,'2026-03-24 17:03:11'),(472,75,3,'一半以上天数',2,'2026-03-24 17:03:11'),(473,75,4,'几乎每天',3,'2026-03-24 17:03:11'),(474,76,1,'完全没有',0,'2026-03-24 17:03:11'),(475,76,2,'几天',1,'2026-03-24 17:03:11'),(476,76,3,'一半以上天数',2,'2026-03-24 17:03:11'),(477,76,4,'几乎每天',3,'2026-03-24 17:03:11'),(478,77,1,'完全没有',0,'2026-03-24 17:03:11'),(479,77,2,'几天',1,'2026-03-24 17:03:11'),(480,77,3,'一半以上天数',2,'2026-03-24 17:03:11'),(481,77,4,'几乎每天',3,'2026-03-24 17:03:11'),(482,78,1,'完全没有',0,'2026-03-24 17:03:11'),(483,78,2,'几天',1,'2026-03-24 17:03:11'),(484,78,3,'一半以上天数',2,'2026-03-24 17:03:11'),(485,78,4,'几乎每天',3,'2026-03-24 17:03:11'),(486,79,1,'完全没有',0,'2026-03-24 17:03:11'),(487,79,2,'几天',1,'2026-03-24 17:03:11'),(488,79,3,'一半以上天数',2,'2026-03-24 17:03:11'),(489,79,4,'几乎每天',3,'2026-03-24 17:03:11'),(490,80,1,'完全没有',0,'2026-03-24 17:04:05'),(491,80,2,'几天',1,'2026-03-24 17:04:05'),(492,80,3,'一半以上天数',2,'2026-03-24 17:04:05'),(493,80,4,'几乎每天',3,'2026-03-24 17:04:05'),(494,81,1,'完全没有',0,'2026-03-24 17:04:05'),(495,81,2,'几天',1,'2026-03-24 17:04:05'),(496,81,3,'一半以上天数',2,'2026-03-24 17:04:05'),(497,81,4,'几乎每天',3,'2026-03-24 17:04:05'),(498,82,1,'完全没有',0,'2026-03-24 17:04:05'),(499,82,2,'几天',1,'2026-03-24 17:04:05'),(500,82,3,'一半以上天数',2,'2026-03-24 17:04:05'),(501,82,4,'几乎每天',3,'2026-03-24 17:04:05'),(502,83,1,'完全没有',0,'2026-03-24 17:04:05'),(503,83,2,'几天',1,'2026-03-24 17:04:05'),(504,83,3,'一半以上天数',2,'2026-03-24 17:04:05'),(505,83,4,'几乎每天',3,'2026-03-24 17:04:05'),(506,84,1,'完全没有',0,'2026-03-24 17:04:05'),(507,84,2,'几天',1,'2026-03-24 17:04:05'),(508,84,3,'一半以上天数',2,'2026-03-24 17:04:05'),(509,84,4,'几乎每天',3,'2026-03-24 17:04:05'),(510,85,1,'完全没有',0,'2026-03-24 17:04:05'),(511,85,2,'几天',1,'2026-03-24 17:04:05'),(512,85,3,'一半以上天数',2,'2026-03-24 17:04:05'),(513,85,4,'几乎每天',3,'2026-03-24 17:04:05'),(514,86,1,'没有',0,'2026-03-28 10:14:10'),(515,86,2,'很轻',1,'2026-03-28 10:14:10'),(516,86,3,'中度',2,'2026-03-28 10:14:10'),(517,86,4,'偏重',3,'2026-03-28 10:14:10'),(518,86,5,'严重',4,'2026-03-28 10:14:10'),(519,87,1,'没有',0,'2026-03-28 10:14:10'),(520,87,2,'很轻',1,'2026-03-28 10:14:10'),(521,87,3,'中度',2,'2026-03-28 10:14:10'),(522,87,4,'偏重',3,'2026-03-28 10:14:10'),(523,87,5,'严重',4,'2026-03-28 10:14:10'),(524,88,1,'没有',0,'2026-03-28 10:14:10'),(525,88,2,'很轻',1,'2026-03-28 10:14:10'),(526,88,3,'中度',2,'2026-03-28 10:14:10'),(527,88,4,'偏重',3,'2026-03-28 10:14:10'),(528,88,5,'严重',4,'2026-03-28 10:14:10'),(529,89,1,'没有',0,'2026-03-28 10:14:10'),(530,89,2,'很轻',1,'2026-03-28 10:14:10'),(531,89,3,'中度',2,'2026-03-28 10:14:10'),(532,89,4,'偏重',3,'2026-03-28 10:14:10'),(533,89,5,'严重',4,'2026-03-28 10:14:10'),(534,90,1,'没有',0,'2026-03-28 10:14:10'),(535,90,2,'很轻',1,'2026-03-28 10:14:10'),(536,90,3,'中度',2,'2026-03-28 10:14:10'),(537,90,4,'偏重',3,'2026-03-28 10:14:10'),(538,90,5,'严重',4,'2026-03-28 10:14:10'),(539,91,1,'没有',0,'2026-03-28 10:14:10'),(540,91,2,'很轻',1,'2026-03-28 10:14:10'),(541,91,3,'中度',2,'2026-03-28 10:14:10'),(542,91,4,'偏重',3,'2026-03-28 10:14:10'),(543,91,5,'严重',4,'2026-03-28 10:14:10'),(544,92,1,'没有',0,'2026-03-28 10:14:10'),(545,92,2,'很轻',1,'2026-03-28 10:14:10'),(546,92,3,'中度',2,'2026-03-28 10:14:10'),(547,92,4,'偏重',3,'2026-03-28 10:14:10'),(548,92,5,'严重',4,'2026-03-28 10:14:10'),(549,93,1,'没有',0,'2026-03-28 10:14:10'),(550,93,2,'很轻',1,'2026-03-28 10:14:10'),(551,93,3,'中度',2,'2026-03-28 10:14:10'),(552,93,4,'偏重',3,'2026-03-28 10:14:10'),(553,93,5,'严重',4,'2026-03-28 10:14:10'),(554,94,1,'没有',0,'2026-03-28 10:14:10'),(555,94,2,'很轻',1,'2026-03-28 10:14:10'),(556,94,3,'中度',2,'2026-03-28 10:14:10'),(557,94,4,'偏重',3,'2026-03-28 10:14:10'),(558,94,5,'严重',4,'2026-03-28 10:14:10'),(559,95,1,'没有',0,'2026-03-28 10:14:10'),(560,95,2,'很轻',1,'2026-03-28 10:14:10'),(561,95,3,'中度',2,'2026-03-28 10:14:10'),(562,95,4,'偏重',3,'2026-03-28 10:14:10'),(563,95,5,'严重',4,'2026-03-28 10:14:10'),(564,96,1,'没有',0,'2026-03-28 10:14:10'),(565,96,2,'很轻',1,'2026-03-28 10:14:10'),(566,96,3,'中度',2,'2026-03-28 10:14:10'),(567,96,4,'偏重',3,'2026-03-28 10:14:10'),(568,96,5,'严重',4,'2026-03-28 10:14:10'),(569,97,1,'没有',0,'2026-03-28 10:14:10'),(570,97,2,'很轻',1,'2026-03-28 10:14:10'),(571,97,3,'中度',2,'2026-03-28 10:14:10'),(572,97,4,'偏重',3,'2026-03-28 10:14:10'),(573,97,5,'严重',4,'2026-03-28 10:14:10'),(574,98,1,'没有',0,'2026-03-28 10:14:10'),(575,98,2,'很轻',1,'2026-03-28 10:14:10'),(576,98,3,'中度',2,'2026-03-28 10:14:10'),(577,98,4,'偏重',3,'2026-03-28 10:14:10'),(578,98,5,'严重',4,'2026-03-28 10:14:10'),(579,99,1,'没有',0,'2026-03-28 10:14:10'),(580,99,2,'很轻',1,'2026-03-28 10:14:10'),(581,99,3,'中度',2,'2026-03-28 10:14:10'),(582,99,4,'偏重',3,'2026-03-28 10:14:10'),(583,99,5,'严重',4,'2026-03-28 10:14:10'),(584,100,1,'没有',0,'2026-03-28 10:14:10'),(585,100,2,'很轻',1,'2026-03-28 10:14:10'),(586,100,3,'中度',2,'2026-03-28 10:14:10'),(587,100,4,'偏重',3,'2026-03-28 10:14:10'),(588,100,5,'严重',4,'2026-03-28 10:14:10'),(589,101,1,'没有',0,'2026-03-28 10:14:10'),(590,101,2,'很轻',1,'2026-03-28 10:14:10'),(591,101,3,'中度',2,'2026-03-28 10:14:10'),(592,101,4,'偏重',3,'2026-03-28 10:14:10'),(593,101,5,'严重',4,'2026-03-28 10:14:10'),(594,102,1,'没有',0,'2026-03-28 10:14:10'),(595,102,2,'很轻',1,'2026-03-28 10:14:10'),(596,102,3,'中度',2,'2026-03-28 10:14:10'),(597,102,4,'偏重',3,'2026-03-28 10:14:10'),(598,102,5,'严重',4,'2026-03-28 10:14:10'),(599,103,1,'没有',0,'2026-03-28 10:14:10'),(600,103,2,'很轻',1,'2026-03-28 10:14:10'),(601,103,3,'中度',2,'2026-03-28 10:14:10'),(602,103,4,'偏重',3,'2026-03-28 10:14:10'),(603,103,5,'严重',4,'2026-03-28 10:14:10'),(604,104,1,'没有',0,'2026-03-28 10:14:10'),(605,104,2,'很轻',1,'2026-03-28 10:14:10'),(606,104,3,'中度',2,'2026-03-28 10:14:10'),(607,104,4,'偏重',3,'2026-03-28 10:14:10'),(608,104,5,'严重',4,'2026-03-28 10:14:10'),(609,105,1,'没有',0,'2026-03-28 10:14:10'),(610,105,2,'很轻',1,'2026-03-28 10:14:10'),(611,105,3,'中度',2,'2026-03-28 10:14:10'),(612,105,4,'偏重',3,'2026-03-28 10:14:10'),(613,105,5,'严重',4,'2026-03-28 10:14:10'),(614,106,1,'没有',0,'2026-03-28 10:14:10'),(615,106,2,'很轻',1,'2026-03-28 10:14:10'),(616,106,3,'中度',2,'2026-03-28 10:14:10'),(617,106,4,'偏重',3,'2026-03-28 10:14:10'),(618,106,5,'严重',4,'2026-03-28 10:14:10'),(619,107,1,'没有',0,'2026-03-28 10:14:10'),(620,107,2,'很轻',1,'2026-03-28 10:14:10'),(621,107,3,'中度',2,'2026-03-28 10:14:10'),(622,107,4,'偏重',3,'2026-03-28 10:14:10'),(623,107,5,'严重',4,'2026-03-28 10:14:10'),(624,108,1,'没有',0,'2026-03-28 10:14:10'),(625,108,2,'很轻',1,'2026-03-28 10:14:10'),(626,108,3,'中度',2,'2026-03-28 10:14:10'),(627,108,4,'偏重',3,'2026-03-28 10:14:10'),(628,108,5,'严重',4,'2026-03-28 10:14:10'),(629,109,1,'没有',0,'2026-03-28 10:14:10'),(630,109,2,'很轻',1,'2026-03-28 10:14:10'),(631,109,3,'中度',2,'2026-03-28 10:14:10'),(632,109,4,'偏重',3,'2026-03-28 10:14:10'),(633,109,5,'严重',4,'2026-03-28 10:14:10'),(634,110,1,'没有',0,'2026-03-28 10:14:10'),(635,110,2,'很轻',1,'2026-03-28 10:14:10'),(636,110,3,'中度',2,'2026-03-28 10:14:10'),(637,110,4,'偏重',3,'2026-03-28 10:14:10'),(638,110,5,'严重',4,'2026-03-28 10:14:10'),(639,111,1,'没有',0,'2026-03-28 10:14:10'),(640,111,2,'很轻',1,'2026-03-28 10:14:10'),(641,111,3,'中度',2,'2026-03-28 10:14:10'),(642,111,4,'偏重',3,'2026-03-28 10:14:10'),(643,111,5,'严重',4,'2026-03-28 10:14:10'),(644,112,1,'没有',0,'2026-03-28 10:14:10'),(645,112,2,'很轻',1,'2026-03-28 10:14:10'),(646,112,3,'中度',2,'2026-03-28 10:14:10'),(647,112,4,'偏重',3,'2026-03-28 10:14:10'),(648,112,5,'严重',4,'2026-03-28 10:14:10'),(649,113,1,'没有',0,'2026-03-28 10:14:10'),(650,113,2,'很轻',1,'2026-03-28 10:14:10'),(651,113,3,'中度',2,'2026-03-28 10:14:10'),(652,113,4,'偏重',3,'2026-03-28 10:14:10'),(653,113,5,'严重',4,'2026-03-28 10:14:10'),(654,114,1,'没有',0,'2026-03-28 10:14:10'),(655,114,2,'很轻',1,'2026-03-28 10:14:10'),(656,114,3,'中度',2,'2026-03-28 10:14:10'),(657,114,4,'偏重',3,'2026-03-28 10:14:10'),(658,114,5,'严重',4,'2026-03-28 10:14:10'),(659,115,1,'没有',0,'2026-03-28 10:14:10'),(660,115,2,'很轻',1,'2026-03-28 10:14:10'),(661,115,3,'中度',2,'2026-03-28 10:14:10'),(662,115,4,'偏重',3,'2026-03-28 10:14:10'),(663,115,5,'严重',4,'2026-03-28 10:14:10'),(664,116,1,'没有',0,'2026-03-28 10:14:10'),(665,116,2,'很轻',1,'2026-03-28 10:14:10'),(666,116,3,'中度',2,'2026-03-28 10:14:10'),(667,116,4,'偏重',3,'2026-03-28 10:14:10'),(668,116,5,'严重',4,'2026-03-28 10:14:10'),(669,117,1,'没有',0,'2026-03-28 10:14:10'),(670,117,2,'很轻',1,'2026-03-28 10:14:10'),(671,117,3,'中度',2,'2026-03-28 10:14:10'),(672,117,4,'偏重',3,'2026-03-28 10:14:10'),(673,117,5,'严重',4,'2026-03-28 10:14:10'),(674,118,1,'没有',0,'2026-03-28 10:14:10'),(675,118,2,'很轻',1,'2026-03-28 10:14:10'),(676,118,3,'中度',2,'2026-03-28 10:14:10'),(677,118,4,'偏重',3,'2026-03-28 10:14:10'),(678,118,5,'严重',4,'2026-03-28 10:14:10'),(679,119,1,'没有',0,'2026-03-28 10:14:10'),(680,119,2,'很轻',1,'2026-03-28 10:14:10'),(681,119,3,'中度',2,'2026-03-28 10:14:10'),(682,119,4,'偏重',3,'2026-03-28 10:14:10'),(683,119,5,'严重',4,'2026-03-28 10:14:10'),(684,120,1,'没有',0,'2026-03-28 10:14:10'),(685,120,2,'很轻',1,'2026-03-28 10:14:10'),(686,120,3,'中度',2,'2026-03-28 10:14:10'),(687,120,4,'偏重',3,'2026-03-28 10:14:10'),(688,120,5,'严重',4,'2026-03-28 10:14:10'),(689,121,1,'没有',0,'2026-03-28 10:14:10'),(690,121,2,'很轻',1,'2026-03-28 10:14:10'),(691,121,3,'中度',2,'2026-03-28 10:14:10'),(692,121,4,'偏重',3,'2026-03-28 10:14:10'),(693,121,5,'严重',4,'2026-03-28 10:14:10'),(694,122,1,'没有',0,'2026-03-28 10:14:10'),(695,122,2,'很轻',1,'2026-03-28 10:14:10'),(696,122,3,'中度',2,'2026-03-28 10:14:10'),(697,122,4,'偏重',3,'2026-03-28 10:14:10'),(698,122,5,'严重',4,'2026-03-28 10:14:10'),(699,123,1,'没有',0,'2026-03-28 10:14:10'),(700,123,2,'很轻',1,'2026-03-28 10:14:10'),(701,123,3,'中度',2,'2026-03-28 10:14:10'),(702,123,4,'偏重',3,'2026-03-28 10:14:10'),(703,123,5,'严重',4,'2026-03-28 10:14:10'),(704,124,1,'没有',0,'2026-03-28 10:14:10'),(705,124,2,'很轻',1,'2026-03-28 10:14:10'),(706,124,3,'中度',2,'2026-03-28 10:14:10'),(707,124,4,'偏重',3,'2026-03-28 10:14:10'),(708,124,5,'严重',4,'2026-03-28 10:14:10'),(709,125,1,'没有',0,'2026-03-28 10:14:10'),(710,125,2,'很轻',1,'2026-03-28 10:14:10'),(711,125,3,'中度',2,'2026-03-28 10:14:10'),(712,125,4,'偏重',3,'2026-03-28 10:14:10'),(713,125,5,'严重',4,'2026-03-28 10:14:10'),(714,126,1,'没有',0,'2026-03-28 10:14:10'),(715,126,2,'很轻',1,'2026-03-28 10:14:10'),(716,126,3,'中度',2,'2026-03-28 10:14:10'),(717,126,4,'偏重',3,'2026-03-28 10:14:10'),(718,126,5,'严重',4,'2026-03-28 10:14:10'),(719,127,1,'没有',0,'2026-03-28 10:14:10'),(720,127,2,'很轻',1,'2026-03-28 10:14:10'),(721,127,3,'中度',2,'2026-03-28 10:14:10'),(722,127,4,'偏重',3,'2026-03-28 10:14:10'),(723,127,5,'严重',4,'2026-03-28 10:14:10'),(724,128,1,'没有',0,'2026-03-28 10:14:10'),(725,128,2,'很轻',1,'2026-03-28 10:14:10'),(726,128,3,'中度',2,'2026-03-28 10:14:10'),(727,128,4,'偏重',3,'2026-03-28 10:14:10'),(728,128,5,'严重',4,'2026-03-28 10:14:10'),(729,129,1,'没有',0,'2026-03-28 10:14:10'),(730,129,2,'很轻',1,'2026-03-28 10:14:10'),(731,129,3,'中度',2,'2026-03-28 10:14:10'),(732,129,4,'偏重',3,'2026-03-28 10:14:10'),(733,129,5,'严重',4,'2026-03-28 10:14:10'),(734,130,1,'没有',0,'2026-03-28 10:14:10'),(735,130,2,'很轻',1,'2026-03-28 10:14:10'),(736,130,3,'中度',2,'2026-03-28 10:14:10'),(737,130,4,'偏重',3,'2026-03-28 10:14:10'),(738,130,5,'严重',4,'2026-03-28 10:14:10'),(739,131,1,'没有',0,'2026-03-28 10:14:10'),(740,131,2,'很轻',1,'2026-03-28 10:14:10'),(741,131,3,'中度',2,'2026-03-28 10:14:10'),(742,131,4,'偏重',3,'2026-03-28 10:14:10'),(743,131,5,'严重',4,'2026-03-28 10:14:10'),(744,132,1,'没有',0,'2026-03-28 10:14:10'),(745,132,2,'很轻',1,'2026-03-28 10:14:10'),(746,132,3,'中度',2,'2026-03-28 10:14:10'),(747,132,4,'偏重',3,'2026-03-28 10:14:10'),(748,132,5,'严重',4,'2026-03-28 10:14:10'),(749,133,1,'没有',0,'2026-03-28 10:14:10'),(750,133,2,'很轻',1,'2026-03-28 10:14:10'),(751,133,3,'中度',2,'2026-03-28 10:14:10'),(752,133,4,'偏重',3,'2026-03-28 10:14:10'),(753,133,5,'严重',4,'2026-03-28 10:14:10'),(754,134,1,'没有',0,'2026-03-28 10:14:10'),(755,134,2,'很轻',1,'2026-03-28 10:14:10'),(756,134,3,'中度',2,'2026-03-28 10:14:10'),(757,134,4,'偏重',3,'2026-03-28 10:14:10'),(758,134,5,'严重',4,'2026-03-28 10:14:10'),(759,135,1,'没有',0,'2026-03-28 10:14:10'),(760,135,2,'很轻',1,'2026-03-28 10:14:10'),(761,135,3,'中度',2,'2026-03-28 10:14:10'),(762,135,4,'偏重',3,'2026-03-28 10:14:10'),(763,135,5,'严重',4,'2026-03-28 10:14:10'),(764,136,1,'没有',0,'2026-03-28 10:14:10'),(765,136,2,'很轻',1,'2026-03-28 10:14:10'),(766,136,3,'中度',2,'2026-03-28 10:14:10'),(767,136,4,'偏重',3,'2026-03-28 10:14:10'),(768,136,5,'严重',4,'2026-03-28 10:14:10'),(769,137,1,'没有',0,'2026-03-28 10:14:10'),(770,137,2,'很轻',1,'2026-03-28 10:14:10'),(771,137,3,'中度',2,'2026-03-28 10:14:10'),(772,137,4,'偏重',3,'2026-03-28 10:14:10'),(773,137,5,'严重',4,'2026-03-28 10:14:10'),(774,138,1,'没有',0,'2026-03-28 10:14:10'),(775,138,2,'很轻',1,'2026-03-28 10:14:10'),(776,138,3,'中度',2,'2026-03-28 10:14:10'),(777,138,4,'偏重',3,'2026-03-28 10:14:10'),(778,138,5,'严重',4,'2026-03-28 10:14:10'),(779,139,1,'没有',0,'2026-03-28 10:14:10'),(780,139,2,'很轻',1,'2026-03-28 10:14:10'),(781,139,3,'中度',2,'2026-03-28 10:14:10'),(782,139,4,'偏重',3,'2026-03-28 10:14:10'),(783,139,5,'严重',4,'2026-03-28 10:14:10'),(784,140,1,'没有',0,'2026-03-28 10:14:10'),(785,140,2,'很轻',1,'2026-03-28 10:14:10'),(786,140,3,'中度',2,'2026-03-28 10:14:10'),(787,140,4,'偏重',3,'2026-03-28 10:14:10'),(788,140,5,'严重',4,'2026-03-28 10:14:10'),(789,141,1,'没有',0,'2026-03-28 10:14:10'),(790,141,2,'很轻',1,'2026-03-28 10:14:10'),(791,141,3,'中度',2,'2026-03-28 10:14:10'),(792,141,4,'偏重',3,'2026-03-28 10:14:10'),(793,141,5,'严重',4,'2026-03-28 10:14:10'),(794,142,1,'没有',0,'2026-03-28 10:14:10'),(795,142,2,'很轻',1,'2026-03-28 10:14:10'),(796,142,3,'中度',2,'2026-03-28 10:14:10'),(797,142,4,'偏重',3,'2026-03-28 10:14:10'),(798,142,5,'严重',4,'2026-03-28 10:14:10'),(799,143,1,'没有',0,'2026-03-28 10:14:10'),(800,143,2,'很轻',1,'2026-03-28 10:14:10'),(801,143,3,'中度',2,'2026-03-28 10:14:10'),(802,143,4,'偏重',3,'2026-03-28 10:14:10'),(803,143,5,'严重',4,'2026-03-28 10:14:10'),(804,144,1,'没有',0,'2026-03-28 10:14:10'),(805,144,2,'很轻',1,'2026-03-28 10:14:10'),(806,144,3,'中度',2,'2026-03-28 10:14:10'),(807,144,4,'偏重',3,'2026-03-28 10:14:10'),(808,144,5,'严重',4,'2026-03-28 10:14:10'),(809,145,1,'没有',0,'2026-03-28 10:14:10'),(810,145,2,'很轻',1,'2026-03-28 10:14:10'),(811,145,3,'中度',2,'2026-03-28 10:14:10'),(812,145,4,'偏重',3,'2026-03-28 10:14:10'),(813,145,5,'严重',4,'2026-03-28 10:14:10'),(814,146,1,'没有',0,'2026-03-28 10:14:10'),(815,146,2,'很轻',1,'2026-03-28 10:14:10'),(816,146,3,'中度',2,'2026-03-28 10:14:10'),(817,146,4,'偏重',3,'2026-03-28 10:14:10'),(818,146,5,'严重',4,'2026-03-28 10:14:10'),(819,147,1,'没有',0,'2026-03-28 10:14:10'),(820,147,2,'很轻',1,'2026-03-28 10:14:10'),(821,147,3,'中度',2,'2026-03-28 10:14:10'),(822,147,4,'偏重',3,'2026-03-28 10:14:10'),(823,147,5,'严重',4,'2026-03-28 10:14:10'),(824,148,1,'没有',0,'2026-03-28 10:14:10'),(825,148,2,'很轻',1,'2026-03-28 10:14:10'),(826,148,3,'中度',2,'2026-03-28 10:14:10'),(827,148,4,'偏重',3,'2026-03-28 10:14:10'),(828,148,5,'严重',4,'2026-03-28 10:14:10'),(829,149,1,'没有',0,'2026-03-28 10:14:10'),(830,149,2,'很轻',1,'2026-03-28 10:14:10'),(831,149,3,'中度',2,'2026-03-28 10:14:10'),(832,149,4,'偏重',3,'2026-03-28 10:14:10'),(833,149,5,'严重',4,'2026-03-28 10:14:10'),(834,150,1,'没有',0,'2026-03-28 10:14:10'),(835,150,2,'很轻',1,'2026-03-28 10:14:10'),(836,150,3,'中度',2,'2026-03-28 10:14:10'),(837,150,4,'偏重',3,'2026-03-28 10:14:10'),(838,150,5,'严重',4,'2026-03-28 10:14:10'),(839,151,1,'没有',0,'2026-03-28 10:14:10'),(840,151,2,'很轻',1,'2026-03-28 10:14:10'),(841,151,3,'中度',2,'2026-03-28 10:14:10'),(842,151,4,'偏重',3,'2026-03-28 10:14:10'),(843,151,5,'严重',4,'2026-03-28 10:14:10'),(844,152,1,'没有',0,'2026-03-28 10:14:10'),(845,152,2,'很轻',1,'2026-03-28 10:14:10'),(846,152,3,'中度',2,'2026-03-28 10:14:10'),(847,152,4,'偏重',3,'2026-03-28 10:14:10'),(848,152,5,'严重',4,'2026-03-28 10:14:10'),(849,153,1,'没有',0,'2026-03-28 10:14:10'),(850,153,2,'很轻',1,'2026-03-28 10:14:10'),(851,153,3,'中度',2,'2026-03-28 10:14:10'),(852,153,4,'偏重',3,'2026-03-28 10:14:10'),(853,153,5,'严重',4,'2026-03-28 10:14:10'),(854,154,1,'没有',0,'2026-03-28 10:14:10'),(855,154,2,'很轻',1,'2026-03-28 10:14:10'),(856,154,3,'中度',2,'2026-03-28 10:14:10'),(857,154,4,'偏重',3,'2026-03-28 10:14:10'),(858,154,5,'严重',4,'2026-03-28 10:14:10'),(859,155,1,'没有',0,'2026-03-28 10:14:10'),(860,155,2,'很轻',1,'2026-03-28 10:14:10'),(861,155,3,'中度',2,'2026-03-28 10:14:10'),(862,155,4,'偏重',3,'2026-03-28 10:14:10'),(863,155,5,'严重',4,'2026-03-28 10:14:10'),(864,156,1,'没有',0,'2026-03-28 10:14:10'),(865,156,2,'很轻',1,'2026-03-28 10:14:10'),(866,156,3,'中度',2,'2026-03-28 10:14:10'),(867,156,4,'偏重',3,'2026-03-28 10:14:10'),(868,156,5,'严重',4,'2026-03-28 10:14:10'),(869,157,1,'没有',0,'2026-03-28 10:14:10'),(870,157,2,'很轻',1,'2026-03-28 10:14:10'),(871,157,3,'中度',2,'2026-03-28 10:14:10'),(872,157,4,'偏重',3,'2026-03-28 10:14:10'),(873,157,5,'严重',4,'2026-03-28 10:14:10'),(874,158,1,'没有',0,'2026-03-28 10:14:10'),(875,158,2,'很轻',1,'2026-03-28 10:14:10'),(876,158,3,'中度',2,'2026-03-28 10:14:10'),(877,158,4,'偏重',3,'2026-03-28 10:14:10'),(878,158,5,'严重',4,'2026-03-28 10:14:10'),(879,159,1,'没有',0,'2026-03-28 10:14:10'),(880,159,2,'很轻',1,'2026-03-28 10:14:10'),(881,159,3,'中度',2,'2026-03-28 10:14:10'),(882,159,4,'偏重',3,'2026-03-28 10:14:10'),(883,159,5,'严重',4,'2026-03-28 10:14:10'),(884,160,1,'没有',0,'2026-03-28 10:14:10'),(885,160,2,'很轻',1,'2026-03-28 10:14:10'),(886,160,3,'中度',2,'2026-03-28 10:14:10'),(887,160,4,'偏重',3,'2026-03-28 10:14:10'),(888,160,5,'严重',4,'2026-03-28 10:14:10'),(889,161,1,'没有',0,'2026-03-28 10:25:10'),(890,161,2,'很轻',1,'2026-03-28 10:25:10'),(891,161,3,'中度',2,'2026-03-28 10:25:10'),(892,161,4,'偏重',3,'2026-03-28 10:25:10'),(893,161,5,'严重',4,'2026-03-28 10:25:10'),(894,162,1,'没有',0,'2026-03-28 10:25:10'),(895,162,2,'很轻',1,'2026-03-28 10:25:10'),(896,162,3,'中度',2,'2026-03-28 10:25:10'),(897,162,4,'偏重',3,'2026-03-28 10:25:10'),(898,162,5,'严重',4,'2026-03-28 10:25:10'),(899,163,1,'没有',0,'2026-03-28 10:25:10'),(900,163,2,'很轻',1,'2026-03-28 10:25:10'),(901,163,3,'中度',2,'2026-03-28 10:25:10'),(902,163,4,'偏重',3,'2026-03-28 10:25:10'),(903,163,5,'严重',4,'2026-03-28 10:25:10'),(904,164,1,'没有',0,'2026-03-28 10:25:10'),(905,164,2,'很轻',1,'2026-03-28 10:25:10'),(906,164,3,'中度',2,'2026-03-28 10:25:10'),(907,164,4,'偏重',3,'2026-03-28 10:25:10'),(908,164,5,'严重',4,'2026-03-28 10:25:10'),(909,165,1,'没有',0,'2026-03-28 10:25:10'),(910,165,2,'很轻',1,'2026-03-28 10:25:10'),(911,165,3,'中度',2,'2026-03-28 10:25:10'),(912,165,4,'偏重',3,'2026-03-28 10:25:10'),(913,165,5,'严重',4,'2026-03-28 10:25:10'),(914,166,1,'没有',0,'2026-03-28 10:25:10'),(915,166,2,'很轻',1,'2026-03-28 10:25:10'),(916,166,3,'中度',2,'2026-03-28 10:25:10'),(917,166,4,'偏重',3,'2026-03-28 10:25:10'),(918,166,5,'严重',4,'2026-03-28 10:25:10'),(919,167,1,'没有',0,'2026-03-28 10:25:10'),(920,167,2,'很轻',1,'2026-03-28 10:25:10'),(921,167,3,'中度',2,'2026-03-28 10:25:10'),(922,167,4,'偏重',3,'2026-03-28 10:25:10'),(923,167,5,'严重',4,'2026-03-28 10:25:10'),(924,168,1,'没有',0,'2026-03-28 10:25:10'),(925,168,2,'很轻',1,'2026-03-28 10:25:10'),(926,168,3,'中度',2,'2026-03-28 10:25:10'),(927,168,4,'偏重',3,'2026-03-28 10:25:10'),(928,168,5,'严重',4,'2026-03-28 10:25:10'),(929,169,1,'没有',0,'2026-03-28 10:25:10'),(930,169,2,'很轻',1,'2026-03-28 10:25:10'),(931,169,3,'中度',2,'2026-03-28 10:25:10'),(932,169,4,'偏重',3,'2026-03-28 10:25:10'),(933,169,5,'严重',4,'2026-03-28 10:25:10'),(934,170,1,'没有',0,'2026-03-28 10:25:10'),(935,170,2,'很轻',1,'2026-03-28 10:25:10'),(936,170,3,'中度',2,'2026-03-28 10:25:10'),(937,170,4,'偏重',3,'2026-03-28 10:25:10'),(938,170,5,'严重',4,'2026-03-28 10:25:10'),(939,171,1,'没有',0,'2026-03-28 10:25:10'),(940,171,2,'很轻',1,'2026-03-28 10:25:10'),(941,171,3,'中度',2,'2026-03-28 10:25:10'),(942,171,4,'偏重',3,'2026-03-28 10:25:10'),(943,171,5,'严重',4,'2026-03-28 10:25:10'),(944,172,1,'没有',0,'2026-03-28 10:25:10'),(945,172,2,'很轻',1,'2026-03-28 10:25:10'),(946,172,3,'中度',2,'2026-03-28 10:25:10'),(947,172,4,'偏重',3,'2026-03-28 10:25:10'),(948,172,5,'严重',4,'2026-03-28 10:25:10'),(949,173,1,'没有',0,'2026-03-28 10:25:10'),(950,173,2,'很轻',1,'2026-03-28 10:25:10'),(951,173,3,'中度',2,'2026-03-28 10:25:10'),(952,173,4,'偏重',3,'2026-03-28 10:25:10'),(953,173,5,'严重',4,'2026-03-28 10:25:10'),(954,174,1,'没有',0,'2026-03-28 10:25:10'),(955,174,2,'很轻',1,'2026-03-28 10:25:10'),(956,174,3,'中度',2,'2026-03-28 10:25:10'),(957,174,4,'偏重',3,'2026-03-28 10:25:10'),(958,174,5,'严重',4,'2026-03-28 10:25:10'),(959,175,1,'没有',0,'2026-03-28 10:25:10'),(960,175,2,'很轻',1,'2026-03-28 10:25:10'),(961,175,3,'中度',2,'2026-03-28 10:25:10'),(962,175,4,'偏重',3,'2026-03-28 10:25:10'),(963,175,5,'严重',4,'2026-03-28 10:25:10'),(964,176,1,'没有',0,'2026-03-28 10:25:10'),(965,176,2,'很轻',1,'2026-03-28 10:25:10'),(966,176,3,'中度',2,'2026-03-28 10:25:10'),(967,176,4,'偏重',3,'2026-03-28 10:25:10'),(968,176,5,'严重',4,'2026-03-28 10:25:10'),(969,177,1,'没有',0,'2026-03-28 10:25:10'),(970,177,2,'很轻',1,'2026-03-28 10:25:10'),(971,177,3,'中度',2,'2026-03-28 10:25:10'),(972,177,4,'偏重',3,'2026-03-28 10:25:10'),(973,177,5,'严重',4,'2026-03-28 10:25:10'),(974,178,1,'没有',0,'2026-03-28 10:25:10'),(975,178,2,'很轻',1,'2026-03-28 10:25:10'),(976,178,3,'中度',2,'2026-03-28 10:25:10'),(977,178,4,'偏重',3,'2026-03-28 10:25:10'),(978,178,5,'严重',4,'2026-03-28 10:25:10'),(979,179,1,'没有',0,'2026-03-28 10:25:10'),(980,179,2,'很轻',1,'2026-03-28 10:25:10'),(981,179,3,'中度',2,'2026-03-28 10:25:10'),(982,179,4,'偏重',3,'2026-03-28 10:25:10'),(983,179,5,'严重',4,'2026-03-28 10:25:10'),(984,180,1,'没有',0,'2026-03-28 10:25:10'),(985,180,2,'很轻',1,'2026-03-28 10:25:10'),(986,180,3,'中度',2,'2026-03-28 10:25:10'),(987,180,4,'偏重',3,'2026-03-28 10:25:10'),(988,180,5,'严重',4,'2026-03-28 10:25:10'),(989,181,1,'没有',0,'2026-03-28 10:25:10'),(990,181,2,'很轻',1,'2026-03-28 10:25:10'),(991,181,3,'中度',2,'2026-03-28 10:25:10'),(992,181,4,'偏重',3,'2026-03-28 10:25:10'),(993,181,5,'严重',4,'2026-03-28 10:25:10'),(994,182,1,'没有',0,'2026-03-28 10:25:10'),(995,182,2,'很轻',1,'2026-03-28 10:25:10'),(996,182,3,'中度',2,'2026-03-28 10:25:10'),(997,182,4,'偏重',3,'2026-03-28 10:25:10'),(998,182,5,'严重',4,'2026-03-28 10:25:10'),(999,183,1,'没有',0,'2026-03-28 10:25:10'),(1000,183,2,'很轻',1,'2026-03-28 10:25:10'),(1001,183,3,'中度',2,'2026-03-28 10:25:10'),(1002,183,4,'偏重',3,'2026-03-28 10:25:10'),(1003,183,5,'严重',4,'2026-03-28 10:25:10'),(1004,184,1,'没有',0,'2026-03-28 10:25:10'),(1005,184,2,'很轻',1,'2026-03-28 10:25:10'),(1006,184,3,'中度',2,'2026-03-28 10:25:10'),(1007,184,4,'偏重',3,'2026-03-28 10:25:10'),(1008,184,5,'严重',4,'2026-03-28 10:25:10'),(1009,185,1,'没有',0,'2026-03-28 10:25:10'),(1010,185,2,'很轻',1,'2026-03-28 10:25:10'),(1011,185,3,'中度',2,'2026-03-28 10:25:10'),(1012,185,4,'偏重',3,'2026-03-28 10:25:10'),(1013,185,5,'严重',4,'2026-03-28 10:25:10'),(1014,186,1,'没有',0,'2026-03-28 10:25:10'),(1015,186,2,'很轻',1,'2026-03-28 10:25:10'),(1016,186,3,'中度',2,'2026-03-28 10:25:10'),(1017,186,4,'偏重',3,'2026-03-28 10:25:10'),(1018,186,5,'严重',4,'2026-03-28 10:25:10'),(1019,187,1,'没有',0,'2026-03-28 10:25:10'),(1020,187,2,'很轻',1,'2026-03-28 10:25:10'),(1021,187,3,'中度',2,'2026-03-28 10:25:10'),(1022,187,4,'偏重',3,'2026-03-28 10:25:10'),(1023,187,5,'严重',4,'2026-03-28 10:25:10'),(1024,188,1,'没有',0,'2026-03-28 10:25:10'),(1025,188,2,'很轻',1,'2026-03-28 10:25:10'),(1026,188,3,'中度',2,'2026-03-28 10:25:10'),(1027,188,4,'偏重',3,'2026-03-28 10:25:10'),(1028,188,5,'严重',4,'2026-03-28 10:25:10'),(1029,189,1,'没有',0,'2026-03-28 10:25:10'),(1030,189,2,'很轻',1,'2026-03-28 10:25:10'),(1031,189,3,'中度',2,'2026-03-28 10:25:10'),(1032,189,4,'偏重',3,'2026-03-28 10:25:10'),(1033,189,5,'严重',4,'2026-03-28 10:25:10'),(1034,190,1,'没有',0,'2026-03-28 10:25:10'),(1035,190,2,'很轻',1,'2026-03-28 10:25:10'),(1036,190,3,'中度',2,'2026-03-28 10:25:10'),(1037,190,4,'偏重',3,'2026-03-28 10:25:10'),(1038,190,5,'严重',4,'2026-03-28 10:25:10'),(1039,191,1,'没有',0,'2026-03-28 10:25:10'),(1040,191,2,'很轻',1,'2026-03-28 10:25:10'),(1041,191,3,'中度',2,'2026-03-28 10:25:10'),(1042,191,4,'偏重',3,'2026-03-28 10:25:10'),(1043,191,5,'严重',4,'2026-03-28 10:25:10'),(1044,192,1,'没有',0,'2026-03-28 10:25:10'),(1045,192,2,'很轻',1,'2026-03-28 10:25:10'),(1046,192,3,'中度',2,'2026-03-28 10:25:10'),(1047,192,4,'偏重',3,'2026-03-28 10:25:10'),(1048,192,5,'严重',4,'2026-03-28 10:25:10'),(1049,193,1,'没有',0,'2026-03-28 10:25:10'),(1050,193,2,'很轻',1,'2026-03-28 10:25:10'),(1051,193,3,'中度',2,'2026-03-28 10:25:10'),(1052,193,4,'偏重',3,'2026-03-28 10:25:10'),(1053,193,5,'严重',4,'2026-03-28 10:25:10'),(1054,194,1,'没有',0,'2026-03-28 10:25:10'),(1055,194,2,'很轻',1,'2026-03-28 10:25:10'),(1056,194,3,'中度',2,'2026-03-28 10:25:10'),(1057,194,4,'偏重',3,'2026-03-28 10:25:10'),(1058,194,5,'严重',4,'2026-03-28 10:25:10'),(1059,195,1,'没有',0,'2026-03-28 10:25:10'),(1060,195,2,'很轻',1,'2026-03-28 10:25:10'),(1061,195,3,'中度',2,'2026-03-28 10:25:10'),(1062,195,4,'偏重',3,'2026-03-28 10:25:10'),(1063,195,5,'严重',4,'2026-03-28 10:25:10'),(1064,196,1,'没有',0,'2026-03-28 10:25:10'),(1065,196,2,'很轻',1,'2026-03-28 10:25:10'),(1066,196,3,'中度',2,'2026-03-28 10:25:10'),(1067,196,4,'偏重',3,'2026-03-28 10:25:10'),(1068,196,5,'严重',4,'2026-03-28 10:25:10'),(1069,197,1,'没有',0,'2026-03-28 10:25:10'),(1070,197,2,'很轻',1,'2026-03-28 10:25:10'),(1071,197,3,'中度',2,'2026-03-28 10:25:10'),(1072,197,4,'偏重',3,'2026-03-28 10:25:10'),(1073,197,5,'严重',4,'2026-03-28 10:25:10'),(1074,198,1,'没有',0,'2026-03-28 10:25:10'),(1075,198,2,'很轻',1,'2026-03-28 10:25:10'),(1076,198,3,'中度',2,'2026-03-28 10:25:10'),(1077,198,4,'偏重',3,'2026-03-28 10:25:10'),(1078,198,5,'严重',4,'2026-03-28 10:25:10'),(1079,199,1,'没有',0,'2026-03-28 10:25:10'),(1080,199,2,'很轻',1,'2026-03-28 10:25:10'),(1081,199,3,'中度',2,'2026-03-28 10:25:10'),(1082,199,4,'偏重',3,'2026-03-28 10:25:10'),(1083,199,5,'严重',4,'2026-03-28 10:25:10'),(1084,200,1,'没有',0,'2026-03-28 10:25:10'),(1085,200,2,'很轻',1,'2026-03-28 10:25:10'),(1086,200,3,'中度',2,'2026-03-28 10:25:10'),(1087,200,4,'偏重',3,'2026-03-28 10:25:10'),(1088,200,5,'严重',4,'2026-03-28 10:25:10'),(1089,201,1,'没有',0,'2026-03-28 10:25:10'),(1090,201,2,'很轻',1,'2026-03-28 10:25:10'),(1091,201,3,'中度',2,'2026-03-28 10:25:10'),(1092,201,4,'偏重',3,'2026-03-28 10:25:10'),(1093,201,5,'严重',4,'2026-03-28 10:25:10'),(1094,202,1,'没有',0,'2026-03-28 10:25:10'),(1095,202,2,'很轻',1,'2026-03-28 10:25:10'),(1096,202,3,'中度',2,'2026-03-28 10:25:10'),(1097,202,4,'偏重',3,'2026-03-28 10:25:10'),(1098,202,5,'严重',4,'2026-03-28 10:25:10'),(1099,203,1,'没有',0,'2026-03-28 10:25:10'),(1100,203,2,'很轻',1,'2026-03-28 10:25:10'),(1101,203,3,'中度',2,'2026-03-28 10:25:10'),(1102,203,4,'偏重',3,'2026-03-28 10:25:10'),(1103,203,5,'严重',4,'2026-03-28 10:25:10'),(1104,204,1,'没有',0,'2026-03-28 10:25:10'),(1105,204,2,'很轻',1,'2026-03-28 10:25:10'),(1106,204,3,'中度',2,'2026-03-28 10:25:10'),(1107,204,4,'偏重',3,'2026-03-28 10:25:10'),(1108,204,5,'严重',4,'2026-03-28 10:25:10'),(1109,205,1,'没有',0,'2026-03-28 10:25:10'),(1110,205,2,'很轻',1,'2026-03-28 10:25:10'),(1111,205,3,'中度',2,'2026-03-28 10:25:10'),(1112,205,4,'偏重',3,'2026-03-28 10:25:10'),(1113,205,5,'严重',4,'2026-03-28 10:25:10'),(1114,206,1,'没有',0,'2026-03-28 10:25:10'),(1115,206,2,'很轻',1,'2026-03-28 10:25:10'),(1116,206,3,'中度',2,'2026-03-28 10:25:10'),(1117,206,4,'偏重',3,'2026-03-28 10:25:10'),(1118,206,5,'严重',4,'2026-03-28 10:25:10'),(1119,207,1,'没有',0,'2026-03-28 10:25:10'),(1120,207,2,'很轻',1,'2026-03-28 10:25:10'),(1121,207,3,'中度',2,'2026-03-28 10:25:10'),(1122,207,4,'偏重',3,'2026-03-28 10:25:10'),(1123,207,5,'严重',4,'2026-03-28 10:25:10'),(1124,208,1,'没有',0,'2026-03-28 10:25:10'),(1125,208,2,'很轻',1,'2026-03-28 10:25:10'),(1126,208,3,'中度',2,'2026-03-28 10:25:10'),(1127,208,4,'偏重',3,'2026-03-28 10:25:10'),(1128,208,5,'严重',4,'2026-03-28 10:25:10'),(1129,209,1,'没有',0,'2026-03-28 10:25:10'),(1130,209,2,'很轻',1,'2026-03-28 10:25:10'),(1131,209,3,'中度',2,'2026-03-28 10:25:10'),(1132,209,4,'偏重',3,'2026-03-28 10:25:10'),(1133,209,5,'严重',4,'2026-03-28 10:25:10'),(1134,210,1,'没有',0,'2026-03-28 10:25:10'),(1135,210,2,'很轻',1,'2026-03-28 10:25:10'),(1136,210,3,'中度',2,'2026-03-28 10:25:10'),(1137,210,4,'偏重',3,'2026-03-28 10:25:10'),(1138,210,5,'严重',4,'2026-03-28 10:25:10'),(1139,211,1,'没有',0,'2026-03-28 10:25:10'),(1140,211,2,'很轻',1,'2026-03-28 10:25:10'),(1141,211,3,'中度',2,'2026-03-28 10:25:10'),(1142,211,4,'偏重',3,'2026-03-28 10:25:10'),(1143,211,5,'严重',4,'2026-03-28 10:25:10'),(1144,212,1,'没有',0,'2026-03-28 10:25:10'),(1145,212,2,'很轻',1,'2026-03-28 10:25:10'),(1146,212,3,'中度',2,'2026-03-28 10:25:10'),(1147,212,4,'偏重',3,'2026-03-28 10:25:10'),(1148,212,5,'严重',4,'2026-03-28 10:25:10'),(1149,213,1,'没有',0,'2026-03-28 10:25:10'),(1150,213,2,'很轻',1,'2026-03-28 10:25:10'),(1151,213,3,'中度',2,'2026-03-28 10:25:10'),(1152,213,4,'偏重',3,'2026-03-28 10:25:10'),(1153,213,5,'严重',4,'2026-03-28 10:25:10'),(1154,214,1,'没有',0,'2026-03-28 10:25:10'),(1155,214,2,'很轻',1,'2026-03-28 10:25:10'),(1156,214,3,'中度',2,'2026-03-28 10:25:10'),(1157,214,4,'偏重',3,'2026-03-28 10:25:10'),(1158,214,5,'严重',4,'2026-03-28 10:25:10'),(1159,215,1,'没有',0,'2026-03-28 10:25:11'),(1160,215,2,'很轻',1,'2026-03-28 10:25:11'),(1161,215,3,'中度',2,'2026-03-28 10:25:11'),(1162,215,4,'偏重',3,'2026-03-28 10:25:11'),(1163,215,5,'严重',4,'2026-03-28 10:25:11'),(1164,216,1,'没有',0,'2026-03-28 10:25:11'),(1165,216,2,'很轻',1,'2026-03-28 10:25:11'),(1166,216,3,'中度',2,'2026-03-28 10:25:11'),(1167,216,4,'偏重',3,'2026-03-28 10:25:11'),(1168,216,5,'严重',4,'2026-03-28 10:25:11'),(1169,217,1,'没有',0,'2026-03-28 10:25:11'),(1170,217,2,'很轻',1,'2026-03-28 10:25:11'),(1171,217,3,'中度',2,'2026-03-28 10:25:11'),(1172,217,4,'偏重',3,'2026-03-28 10:25:11'),(1173,217,5,'严重',4,'2026-03-28 10:25:11'),(1174,218,1,'没有',0,'2026-03-28 10:25:11'),(1175,218,2,'很轻',1,'2026-03-28 10:25:11'),(1176,218,3,'中度',2,'2026-03-28 10:25:11'),(1177,218,4,'偏重',3,'2026-03-28 10:25:11'),(1178,218,5,'严重',4,'2026-03-28 10:25:11'),(1179,219,1,'没有',0,'2026-03-28 10:25:11'),(1180,219,2,'很轻',1,'2026-03-28 10:25:11'),(1181,219,3,'中度',2,'2026-03-28 10:25:11'),(1182,219,4,'偏重',3,'2026-03-28 10:25:11'),(1183,219,5,'严重',4,'2026-03-28 10:25:11'),(1184,220,1,'没有',0,'2026-03-28 10:25:11'),(1185,220,2,'很轻',1,'2026-03-28 10:25:11'),(1186,220,3,'中度',2,'2026-03-28 10:25:11'),(1187,220,4,'偏重',3,'2026-03-28 10:25:11'),(1188,220,5,'严重',4,'2026-03-28 10:25:11'),(1189,221,1,'没有',0,'2026-03-28 10:25:11'),(1190,221,2,'很轻',1,'2026-03-28 10:25:11'),(1191,221,3,'中度',2,'2026-03-28 10:25:11'),(1192,221,4,'偏重',3,'2026-03-28 10:25:11'),(1193,221,5,'严重',4,'2026-03-28 10:25:11'),(1194,222,1,'没有',0,'2026-03-28 10:25:11'),(1195,222,2,'很轻',1,'2026-03-28 10:25:11'),(1196,222,3,'中度',2,'2026-03-28 10:25:11'),(1197,222,4,'偏重',3,'2026-03-28 10:25:11'),(1198,222,5,'严重',4,'2026-03-28 10:25:11'),(1199,223,1,'没有',0,'2026-03-28 10:25:11'),(1200,223,2,'很轻',1,'2026-03-28 10:25:11'),(1201,223,3,'中度',2,'2026-03-28 10:25:11'),(1202,223,4,'偏重',3,'2026-03-28 10:25:11'),(1203,223,5,'严重',4,'2026-03-28 10:25:11'),(1204,224,1,'没有',0,'2026-03-28 10:25:11'),(1205,224,2,'很轻',1,'2026-03-28 10:25:11'),(1206,224,3,'中度',2,'2026-03-28 10:25:11'),(1207,224,4,'偏重',3,'2026-03-28 10:25:11'),(1208,224,5,'严重',4,'2026-03-28 10:25:11'),(1209,225,1,'没有',0,'2026-03-28 10:25:11'),(1210,225,2,'很轻',1,'2026-03-28 10:25:11'),(1211,225,3,'中度',2,'2026-03-28 10:25:11'),(1212,225,4,'偏重',3,'2026-03-28 10:25:11'),(1213,225,5,'严重',4,'2026-03-28 10:25:11'),(1214,226,1,'没有',0,'2026-03-28 10:25:11'),(1215,226,2,'很轻',1,'2026-03-28 10:25:11'),(1216,226,3,'中度',2,'2026-03-28 10:25:11'),(1217,226,4,'偏重',3,'2026-03-28 10:25:11'),(1218,226,5,'严重',4,'2026-03-28 10:25:11'),(1219,227,1,'没有',0,'2026-03-28 10:25:11'),(1220,227,2,'很轻',1,'2026-03-28 10:25:11'),(1221,227,3,'中度',2,'2026-03-28 10:25:11'),(1222,227,4,'偏重',3,'2026-03-28 10:25:11'),(1223,227,5,'严重',4,'2026-03-28 10:25:11'),(1224,228,1,'没有',0,'2026-03-28 10:25:11'),(1225,228,2,'很轻',1,'2026-03-28 10:25:11'),(1226,228,3,'中度',2,'2026-03-28 10:25:11'),(1227,228,4,'偏重',3,'2026-03-28 10:25:11'),(1228,228,5,'严重',4,'2026-03-28 10:25:11'),(1229,229,1,'没有',0,'2026-03-28 10:25:11'),(1230,229,2,'很轻',1,'2026-03-28 10:25:11'),(1231,229,3,'中度',2,'2026-03-28 10:25:11'),(1232,229,4,'偏重',3,'2026-03-28 10:25:11'),(1233,229,5,'严重',4,'2026-03-28 10:25:11'),(1234,230,1,'没有',0,'2026-03-28 10:25:11'),(1235,230,2,'很轻',1,'2026-03-28 10:25:11'),(1236,230,3,'中度',2,'2026-03-28 10:25:11'),(1237,230,4,'偏重',3,'2026-03-28 10:25:11'),(1238,230,5,'严重',4,'2026-03-28 10:25:11'),(1239,231,1,'没有',0,'2026-03-28 10:25:11'),(1240,231,2,'很轻',1,'2026-03-28 10:25:11'),(1241,231,3,'中度',2,'2026-03-28 10:25:11'),(1242,231,4,'偏重',3,'2026-03-28 10:25:11'),(1243,231,5,'严重',4,'2026-03-28 10:25:11'),(1244,232,1,'没有',0,'2026-03-28 10:25:11'),(1245,232,2,'很轻',1,'2026-03-28 10:25:11'),(1246,232,3,'中度',2,'2026-03-28 10:25:11'),(1247,232,4,'偏重',3,'2026-03-28 10:25:11'),(1248,232,5,'严重',4,'2026-03-28 10:25:11'),(1249,233,1,'没有',0,'2026-03-28 10:25:11'),(1250,233,2,'很轻',1,'2026-03-28 10:25:11'),(1251,233,3,'中度',2,'2026-03-28 10:25:11'),(1252,233,4,'偏重',3,'2026-03-28 10:25:11'),(1253,233,5,'严重',4,'2026-03-28 10:25:11'),(1254,234,1,'没有',0,'2026-03-28 10:25:11'),(1255,234,2,'很轻',1,'2026-03-28 10:25:11'),(1256,234,3,'中度',2,'2026-03-28 10:25:11'),(1257,234,4,'偏重',3,'2026-03-28 10:25:11'),(1258,234,5,'严重',4,'2026-03-28 10:25:11'),(1259,235,1,'没有',0,'2026-03-28 10:25:11'),(1260,235,2,'很轻',1,'2026-03-28 10:25:11'),(1261,235,3,'中度',2,'2026-03-28 10:25:11'),(1262,235,4,'偏重',3,'2026-03-28 10:25:11'),(1263,235,5,'严重',4,'2026-03-28 10:25:11'),(1264,236,1,'无',0,'2026-03-28 11:44:15'),(1265,236,2,'轻度紧张担忧',1,'2026-03-28 11:44:15'),(1266,236,3,'明显担忧、害怕',2,'2026-03-28 11:44:15'),(1267,236,4,'恐惧不安',3,'2026-03-28 11:44:15'),(1268,236,5,'惊恐、濒死感',4,'2026-03-28 11:44:15'),(1269,237,1,'无',0,'2026-03-28 11:44:15'),(1270,237,2,'肌肉紧张',1,'2026-03-28 11:44:15'),(1271,237,3,'坐立不安',2,'2026-03-28 11:44:15'),(1272,237,4,'发抖、无法放松',3,'2026-03-28 11:44:15'),(1273,237,5,'极度紧张失控',4,'2026-03-28 11:44:15'),(1274,238,1,'无',0,'2026-03-28 11:44:15'),(1275,238,2,'怕黑暗、陌生人',1,'2026-03-28 11:44:15'),(1276,238,3,'怕独处、外出',2,'2026-03-28 11:44:15'),(1277,238,4,'恐惧发作',3,'2026-03-28 11:44:15'),(1278,238,5,'严重恐惧',4,'2026-03-28 11:44:15'),(1279,239,1,'无',0,'2026-03-28 11:44:15'),(1280,239,2,'入睡困难',1,'2026-03-28 11:44:15'),(1281,239,3,'易醒、多梦',2,'2026-03-28 11:44:15'),(1282,239,4,'早醒、睡眠差',3,'2026-03-28 11:44:15'),(1283,239,5,'彻夜不眠',4,'2026-03-28 11:44:15'),(1284,240,1,'无',0,'2026-03-28 11:44:15'),(1285,240,2,'注意力不集中',1,'2026-03-28 11:44:15'),(1286,240,3,'记忆力下降',2,'2026-03-28 11:44:15'),(1287,240,4,'思维混乱',3,'2026-03-28 11:44:15'),(1288,240,5,'严重认知障碍',4,'2026-03-28 11:44:15'),(1289,241,1,'无',0,'2026-03-28 11:44:15'),(1290,241,2,'情绪低落',1,'2026-03-28 11:44:15'),(1291,241,3,'明显抑郁',2,'2026-03-28 11:44:15'),(1292,241,4,'兴趣丧失',3,'2026-03-28 11:44:15'),(1293,241,5,'严重抑郁',4,'2026-03-28 11:44:15'),(1294,242,1,'无',0,'2026-03-28 11:44:15'),(1295,242,2,'肌肉酸痛',1,'2026-03-28 11:44:15'),(1296,242,3,'僵硬、震颤',2,'2026-03-28 11:44:15'),(1297,242,4,'肌痉挛',3,'2026-03-28 11:44:15'),(1298,242,5,'严重肌肉症状',4,'2026-03-28 11:44:15'),(1299,243,1,'无',0,'2026-03-28 11:44:15'),(1300,243,2,'头晕、耳鸣',1,'2026-03-28 11:44:15'),(1301,243,3,'视物模糊、刺痛',2,'2026-03-28 11:44:15'),(1302,243,4,'明显感觉异常',3,'2026-03-28 11:44:15'),(1303,243,5,'严重障碍',4,'2026-03-28 11:44:15'),(1304,244,1,'无',0,'2026-03-28 11:44:15'),(1305,244,2,'心悸',1,'2026-03-28 11:44:15'),(1306,244,3,'胸闷',2,'2026-03-28 11:44:15'),(1307,244,4,'心动过速',3,'2026-03-28 11:44:15'),(1308,244,5,'胸痛、血压波动',4,'2026-03-28 11:44:15'),(1309,245,1,'无',0,'2026-03-28 11:44:15'),(1310,245,2,'胸闷气短',1,'2026-03-28 11:44:15'),(1311,245,3,'叹气、不畅',2,'2026-03-28 11:44:15'),(1312,245,4,'窒息感',3,'2026-03-28 11:44:15'),(1313,245,5,'过度换气',4,'2026-03-28 11:44:15'),(1314,246,1,'无',0,'2026-03-28 11:44:15'),(1315,246,2,'口干、腹胀',1,'2026-03-28 11:44:15'),(1316,246,3,'恶心、嗳气',2,'2026-03-28 11:44:15'),(1317,246,4,'腹泻、腹痛',3,'2026-03-28 11:44:15'),(1318,246,5,'呕吐、吞咽困难',4,'2026-03-28 11:44:15'),(1319,247,1,'无',0,'2026-03-28 11:44:15'),(1320,247,2,'尿频',1,'2026-03-28 11:44:15'),(1321,247,3,'尿急',2,'2026-03-28 11:44:15'),(1322,247,4,'月经紊乱、性欲减退',3,'2026-03-28 11:44:15'),(1323,247,5,'严重不适',4,'2026-03-28 11:44:15'),(1324,248,1,'无',0,'2026-03-28 11:44:15'),(1325,248,2,'出汗、脸红',1,'2026-03-28 11:44:15'),(1326,248,3,'口干、手抖',2,'2026-03-28 11:44:15'),(1327,248,4,'大汗、寒战',3,'2026-03-28 11:44:15'),(1328,248,5,'严重紊乱',4,'2026-03-28 11:44:15'),(1329,249,1,'正常',0,'2026-03-28 11:44:15'),(1330,249,2,'轻微紧张',1,'2026-03-28 11:44:15'),(1331,249,3,'坐立不安、发抖',2,'2026-03-28 11:44:15'),(1332,249,4,'激动、语速快',3,'2026-03-28 11:44:15'),(1333,249,5,'无法配合',4,'2026-03-28 11:44:15'),(1334,250,1,'无',0,'2026-03-28 11:51:20'),(1335,250,2,'肌肉紧张',1,'2026-03-28 11:51:20'),(1336,250,3,'坐立不安',2,'2026-03-28 11:51:20'),(1337,250,4,'发抖、无法放松',3,'2026-03-28 11:51:20'),(1338,250,5,'极度紧张失控',4,'2026-03-28 11:51:20'),(1339,251,1,'无',0,'2026-03-28 11:51:20'),(1340,251,2,'怕黑暗、陌生人',1,'2026-03-28 11:51:20'),(1341,251,3,'怕独处、外出',2,'2026-03-28 11:51:20'),(1342,251,4,'恐惧发作',3,'2026-03-28 11:51:20'),(1343,251,5,'严重恐惧',4,'2026-03-28 11:51:20'),(1344,252,1,'无',0,'2026-03-28 11:51:20'),(1345,252,2,'入睡困难',1,'2026-03-28 11:51:20'),(1346,252,3,'易醒、多梦',2,'2026-03-28 11:51:20'),(1347,252,4,'早醒、睡眠差',3,'2026-03-28 11:51:20'),(1348,252,5,'彻夜不眠',4,'2026-03-28 11:51:20'),(1349,253,1,'无',0,'2026-03-28 11:51:20'),(1350,253,2,'注意力不集中',1,'2026-03-28 11:51:20'),(1351,253,3,'记忆力下降',2,'2026-03-28 11:51:20'),(1352,253,4,'思维混乱',3,'2026-03-28 11:51:20'),(1353,253,5,'严重认知障碍',4,'2026-03-28 11:51:20'),(1354,254,1,'无',0,'2026-03-28 11:51:20'),(1355,254,2,'情绪低落',1,'2026-03-28 11:51:20'),(1356,254,3,'明显抑郁',2,'2026-03-28 11:51:20'),(1357,254,4,'兴趣丧失',3,'2026-03-28 11:51:20'),(1358,254,5,'严重抑郁',4,'2026-03-28 11:51:20'),(1359,255,1,'无',0,'2026-03-28 11:51:20'),(1360,255,2,'肌肉酸痛',1,'2026-03-28 11:51:20'),(1361,255,3,'僵硬、震颤',2,'2026-03-28 11:51:20'),(1362,255,4,'肌痉挛',3,'2026-03-28 11:51:20'),(1363,255,5,'严重肌肉症状',4,'2026-03-28 11:51:20'),(1364,256,1,'无',0,'2026-03-28 11:51:20'),(1365,256,2,'头晕、耳鸣',1,'2026-03-28 11:51:20'),(1366,256,3,'视物模糊、刺痛',2,'2026-03-28 11:51:20'),(1367,256,4,'明显感觉异常',3,'2026-03-28 11:51:20'),(1368,256,5,'严重障碍',4,'2026-03-28 11:51:20'),(1369,257,1,'无',0,'2026-03-28 11:51:20'),(1370,257,2,'心悸',1,'2026-03-28 11:51:20'),(1371,257,3,'胸闷',2,'2026-03-28 11:51:20'),(1372,257,4,'心动过速',3,'2026-03-28 11:51:20'),(1373,257,5,'胸痛、血压波动',4,'2026-03-28 11:51:20'),(1374,258,1,'无',0,'2026-03-28 11:51:20'),(1375,258,2,'胸闷气短',1,'2026-03-28 11:51:20'),(1376,258,3,'叹气、不畅',2,'2026-03-28 11:51:20'),(1377,258,4,'窒息感',3,'2026-03-28 11:51:20'),(1378,258,5,'过度换气',4,'2026-03-28 11:51:20'),(1379,259,1,'无',0,'2026-03-28 11:51:20'),(1380,259,2,'口干、腹胀',1,'2026-03-28 11:51:20'),(1381,259,3,'恶心、嗳气',2,'2026-03-28 11:51:20'),(1382,259,4,'腹泻、腹痛',3,'2026-03-28 11:51:20'),(1383,259,5,'呕吐、吞咽困难',4,'2026-03-28 11:51:20'),(1384,260,1,'无',0,'2026-03-28 11:51:20'),(1385,260,2,'尿频',1,'2026-03-28 11:51:20'),(1386,260,3,'尿急',2,'2026-03-28 11:51:20'),(1387,260,4,'月经紊乱、性欲减退',3,'2026-03-28 11:51:20'),(1388,260,5,'严重不适',4,'2026-03-28 11:51:20'),(1389,261,1,'无',0,'2026-03-28 11:51:20'),(1390,261,2,'出汗、脸红',1,'2026-03-28 11:51:20'),(1391,261,3,'口干、手抖',2,'2026-03-28 11:51:20'),(1392,261,4,'大汗、寒战',3,'2026-03-28 11:51:20'),(1393,261,5,'严重紊乱',4,'2026-03-28 11:51:20'),(1394,262,1,'正常',0,'2026-03-28 11:51:20'),(1395,262,2,'轻微紧张',1,'2026-03-28 11:51:20'),(1396,262,3,'坐立不安、发抖',2,'2026-03-28 11:51:20'),(1397,262,4,'激动、语速快',3,'2026-03-28 11:51:20'),(1398,262,5,'无法配合',4,'2026-03-28 11:51:20'),(1399,263,1,'无',0,'2026-04-01 09:56:15'),(1400,263,2,'询问时说出',1,'2026-04-01 09:56:15'),(1401,263,3,'自发诉说',2,'2026-04-01 09:56:15'),(1402,264,1,'无',0,'2026-04-01 09:56:15'),(1403,264,2,'自责',1,'2026-04-01 09:56:15'),(1404,264,3,'内疚，反复想过错',2,'2026-04-01 09:56:15'),(1405,265,1,'无',0,'2026-04-01 09:56:15'),(1406,265,2,'觉得活着没意思',1,'2026-04-01 09:56:15'),(1407,265,3,'希望死去，有轻生念头',2,'2026-04-01 09:56:15'),(1408,266,1,'正常',0,'2026-04-01 09:56:15'),(1409,266,2,'偶尔难入睡',1,'2026-04-01 09:56:15'),(1410,266,3,'经常难入睡',2,'2026-04-01 09:56:15'),(1411,267,1,'正常',0,'2026-04-01 09:56:15'),(1412,267,2,'浅睡、多梦',1,'2026-04-01 09:56:15'),(1413,267,3,'夜间易醒',2,'2026-04-01 09:56:15'),(1414,268,1,'正常',0,'2026-04-01 09:56:15'),(1415,268,2,'偶尔早醒',1,'2026-04-01 09:56:15'),(1416,268,3,'经常早醒',2,'2026-04-01 09:56:15'),(1417,269,1,'正常',0,'2026-04-01 09:56:15'),(1418,269,2,'兴趣下降',1,'2026-04-01 09:56:15'),(1419,269,3,'活动减少，无动力',2,'2026-04-01 09:56:15'),(1420,270,1,'无',0,'2026-04-01 09:56:15'),(1421,270,2,'轻度迟缓',1,'2026-04-01 09:56:15'),(1422,270,3,'明显迟缓，交谈费力',2,'2026-04-01 09:56:15'),(1423,271,1,'无',0,'2026-04-01 09:56:15'),(1424,271,2,'心神不宁',1,'2026-04-01 09:56:15'),(1425,271,3,'搓手顿足，坐立不安',2,'2026-04-01 09:56:15'),(1426,272,1,'无',0,'2026-04-01 09:56:15'),(1427,272,2,'紧张',1,'2026-04-01 09:56:15'),(1428,272,3,'担忧',2,'2026-04-01 09:56:15'),(1429,273,1,'无',0,'2026-04-01 09:56:15'),(1430,273,2,'口干、腹胀、嗳气',1,'2026-04-01 09:56:15'),(1431,273,3,'恶心、腹泻、腹痛',2,'2026-04-01 09:56:15'),(1432,274,1,'无',0,'2026-04-01 09:56:15'),(1433,274,2,'胸闷、心悸',1,'2026-04-01 09:56:15'),(1434,274,3,'明显心悸气短',2,'2026-04-01 09:56:15'),(1435,275,1,'无',0,'2026-04-01 09:56:15'),(1436,275,2,'食欲下降、腹胀',1,'2026-04-01 09:56:15'),(1437,275,3,'明显食欲减退',2,'2026-04-01 09:56:15'),(1438,276,1,'无',0,'2026-04-01 09:56:15'),(1439,276,2,'酸痛、乏力',1,'2026-04-01 09:56:15'),(1440,276,3,'全身沉重',2,'2026-04-01 09:56:15'),(1441,277,1,'无',0,'2026-04-01 09:56:15'),(1442,277,2,'轻度减退',1,'2026-04-01 09:56:15'),(1443,277,3,'明显减退',2,'2026-04-01 09:56:15'),(1444,278,1,'无',0,'2026-04-01 09:56:15'),(1445,278,2,'关注身体',1,'2026-04-01 09:56:15'),(1446,278,3,'怀疑有病',2,'2026-04-01 09:56:15'),(1447,279,1,'无',0,'2026-04-01 09:56:15'),(1448,279,2,'略减',1,'2026-04-01 09:56:15'),(1449,279,3,'明显减轻',2,'2026-04-01 09:56:15'),(1450,280,1,'自知力完整',0,'2026-04-01 09:56:15'),(1451,280,2,'略欠缺',1,'2026-04-01 09:56:15'),(1452,280,3,'部分缺失',2,'2026-04-01 09:56:15'),(1453,281,1,'无',0,'2026-04-01 09:56:15'),(1454,281,2,'轻度晨重',1,'2026-04-01 09:56:15'),(1455,281,3,'明显晨重',2,'2026-04-01 09:56:15'),(1456,282,1,'无',0,'2026-04-01 09:56:15'),(1457,282,2,'轻度晚重',1,'2026-04-01 09:56:15'),(1458,282,3,'明显晚重',2,'2026-04-01 09:56:15'),(1459,283,1,'无',0,'2026-04-01 09:56:15'),(1460,283,2,'轻度',1,'2026-04-01 09:56:15'),(1461,283,3,'中度',2,'2026-04-01 09:56:15'),(1462,284,1,'无',0,'2026-04-01 09:56:15'),(1463,284,2,'多疑',1,'2026-04-01 09:56:15'),(1464,284,3,'牵连观念',2,'2026-04-01 09:56:15'),(1465,285,1,'无',0,'2026-04-01 09:56:15'),(1466,285,2,'轻度强迫思维',1,'2026-04-01 09:56:15'),(1467,285,3,'中度强迫',2,'2026-04-01 09:56:15'),(1468,286,1,'无',0,'2026-04-01 09:56:15'),(1469,286,2,'轻度',1,'2026-04-01 09:56:15'),(1470,286,3,'中度',2,'2026-04-01 09:56:15'),(1471,287,1,'询问时说出',0,'2026-04-01 10:43:33'),(1472,287,2,'自发诉说',1,'2026-04-01 10:43:33'),(1473,287,3,'表情明显抑郁',2,'2026-04-01 10:43:33'),(1474,287,4,'悲痛欲绝',3,'2026-04-01 10:43:33'),(1475,288,1,'自责',0,'2026-04-01 10:43:33'),(1476,288,2,'内疚，反复想过错',1,'2026-04-01 10:43:33'),(1477,288,3,'罪恶妄想，自认应受惩罚',2,'2026-04-01 10:43:33'),(1478,288,4,'伴罪恶幻觉',3,'2026-04-01 10:43:33'),(1479,289,1,'觉得活着没意思',0,'2026-04-01 10:43:33'),(1480,289,2,'希望死去，有轻生念头',1,'2026-04-01 10:43:33'),(1481,289,3,'有自杀计划或企图',2,'2026-04-01 10:43:33'),(1482,289,4,'严重自杀行为',3,'2026-04-01 10:43:33'),(1483,290,1,'偶尔难入睡',0,'2026-04-01 10:43:33'),(1484,290,2,'经常难入睡',1,'2026-04-01 10:43:33'),(1485,290,3,'几乎每晚难入睡',2,'2026-04-01 10:43:33'),(1486,291,1,'浅睡、多梦',0,'2026-04-01 10:43:33'),(1487,291,2,'夜间易醒',1,'2026-04-01 10:43:33'),(1488,291,3,'夜间多次醒',2,'2026-04-01 10:43:33'),(1489,292,1,'偶尔早醒',0,'2026-04-01 10:43:33'),(1490,292,2,'经常早醒',1,'2026-04-01 10:43:33'),(1491,292,3,'早醒后无法再睡',2,'2026-04-01 10:43:33'),(1492,293,1,'兴趣下降',0,'2026-04-01 10:43:33'),(1493,293,2,'活动减少，无动力',1,'2026-04-01 10:43:33'),(1494,293,3,'停止部分工作',2,'2026-04-01 10:43:33'),(1495,293,4,'完全无法工作',3,'2026-04-01 10:43:33'),(1496,294,1,'轻度迟缓',0,'2026-04-01 10:43:33'),(1497,294,2,'明显迟缓，交谈费力',1,'2026-04-01 10:43:33'),(1498,294,3,'显著迟钝，应答困难',2,'2026-04-01 10:43:33'),(1499,294,4,'木僵',3,'2026-04-01 10:43:33'),(1500,295,1,'心神不宁',0,'2026-04-01 10:43:33'),(1501,295,2,'搓手顿足，坐立不安',1,'2026-04-01 10:43:33'),(1502,295,3,'明显激动',2,'2026-04-01 10:43:33'),(1503,295,4,'喊叫、撕扯等失控行为',3,'2026-04-01 10:43:33'),(1504,296,1,'紧张',0,'2026-04-01 10:43:33'),(1505,296,2,'担忧',1,'2026-04-01 10:43:33'),(1506,296,3,'恐惧不安',2,'2026-04-01 10:43:33'),(1507,296,4,'惊恐发作',3,'2026-04-01 10:43:33'),(1508,297,1,'口干、腹胀、嗳气',0,'2026-04-01 10:43:33'),(1509,297,2,'恶心、腹泻、腹痛',1,'2026-04-01 10:43:33'),(1510,297,3,'明显胃肠症状',2,'2026-04-01 10:43:33'),(1511,297,4,'严重不适',3,'2026-04-01 10:43:33'),(1512,298,1,'胸闷、心悸',0,'2026-04-01 10:43:33'),(1513,298,2,'明显心悸气短',1,'2026-04-01 10:43:33'),(1514,298,3,'呼吸困难',2,'2026-04-01 10:43:33'),(1515,298,4,'严重影响生活',3,'2026-04-01 10:43:33'),(1516,299,1,'食欲下降、腹胀',0,'2026-04-01 10:43:33'),(1517,299,2,'明显食欲减退',1,'2026-04-01 10:43:33'),(1518,299,3,'体重下降',2,'2026-04-01 10:43:33'),(1519,299,4,'厌食、呕吐',3,'2026-04-01 10:43:33'),(1520,300,1,'酸痛、乏力',0,'2026-04-01 10:43:33'),(1521,300,2,'全身沉重',1,'2026-04-01 10:43:33'),(1522,300,3,'明显不适',2,'2026-04-01 10:43:33'),(1523,300,4,'严重躯体症状',3,'2026-04-01 10:43:33'),(1524,301,1,'轻度减退',0,'2026-04-01 10:43:33'),(1525,301,2,'明显减退',1,'2026-04-01 10:43:33'),(1526,301,3,'丧失',2,'2026-04-01 10:43:33'),(1527,302,1,'关注身体',0,'2026-04-01 10:43:33'),(1528,302,2,'怀疑有病',1,'2026-04-01 10:43:33'),(1529,302,3,'坚信有病，反复检查',2,'2026-04-01 10:43:33'),(1530,302,4,'疑病妄想',3,'2026-04-01 10:43:33'),(1531,303,1,'略减',0,'2026-04-01 10:43:33'),(1532,303,2,'明显减轻',1,'2026-04-01 10:43:33'),(1533,303,3,'显著减轻',2,'2026-04-01 10:43:33'),(1534,304,1,'略欠缺',0,'2026-04-01 10:43:33'),(1535,304,2,'部分缺失',1,'2026-04-01 10:43:33'),(1536,304,3,'基本缺失',2,'2026-04-01 10:43:33'),(1537,304,4,'完全丧失',3,'2026-04-01 10:43:33'),(1538,305,1,'轻度晨重',0,'2026-04-01 10:43:33'),(1539,305,2,'明显晨重',1,'2026-04-01 10:43:33'),(1540,305,3,'显著晨重',2,'2026-04-01 10:43:33'),(1541,305,4,'极重',3,'2026-04-01 10:43:33'),(1542,306,1,'轻度晚重',0,'2026-04-01 10:43:33'),(1543,306,2,'明显晚重',1,'2026-04-01 10:43:33'),(1544,306,3,'显著晚重',2,'2026-04-01 10:43:33'),(1545,306,4,'极重',3,'2026-04-01 10:43:33'),(1546,307,1,'轻度',0,'2026-04-01 10:43:33'),(1547,307,2,'中度',1,'2026-04-01 10:43:33'),(1548,307,3,'重度',2,'2026-04-01 10:43:33'),(1549,307,4,'极重',3,'2026-04-01 10:43:33'),(1550,308,1,'多疑',0,'2026-04-01 10:43:33'),(1551,308,2,'牵连观念',1,'2026-04-01 10:43:33'),(1552,308,3,'关系/被害妄想',2,'2026-04-01 10:43:33'),(1553,308,4,'明显偏执幻觉',3,'2026-04-01 10:43:33'),(1554,309,1,'轻度强迫思维',0,'2026-04-01 10:43:33'),(1555,309,2,'中度强迫',1,'2026-04-01 10:43:33'),(1556,309,3,'明显强迫',2,'2026-04-01 10:43:33'),(1557,309,4,'严重强迫行为',3,'2026-04-01 10:43:33'),(1558,310,1,'轻度',0,'2026-04-01 10:43:33'),(1559,310,2,'中度',1,'2026-04-01 10:43:33'),(1560,310,3,'重度',2,'2026-04-01 10:43:33'),(1561,310,4,'极重',3,'2026-04-01 10:43:33'),(1562,311,1,'无',0,'2026-04-01 10:56:49'),(1563,311,2,'询问时说出',1,'2026-04-01 10:56:49'),(1564,311,3,'自发诉说',2,'2026-04-01 10:56:49'),(1565,312,1,'无',0,'2026-04-01 10:56:49'),(1566,312,2,'自责',1,'2026-04-01 10:56:49'),(1567,312,3,'内疚，反复想过错',2,'2026-04-01 10:56:49'),(1568,313,1,'无',0,'2026-04-01 10:56:49'),(1569,313,2,'觉得活着没意思',1,'2026-04-01 10:56:49'),(1570,313,3,'希望死去，有轻生念头',2,'2026-04-01 10:56:49'),(1571,314,1,'正常',0,'2026-04-01 10:56:49'),(1572,314,2,'偶尔难入睡',1,'2026-04-01 10:56:49'),(1573,314,3,'经常难入睡',2,'2026-04-01 10:56:49'),(1574,315,1,'正常',0,'2026-04-01 10:56:49'),(1575,315,2,'浅睡、多梦',1,'2026-04-01 10:56:49'),(1576,315,3,'夜间易醒',2,'2026-04-01 10:56:49'),(1577,316,1,'正常',0,'2026-04-01 10:56:49'),(1578,316,2,'偶尔早醒',1,'2026-04-01 10:56:49'),(1579,316,3,'经常早醒',2,'2026-04-01 10:56:49'),(1580,317,1,'正常',0,'2026-04-01 10:56:49'),(1581,317,2,'兴趣下降',1,'2026-04-01 10:56:49'),(1582,317,3,'活动减少，无动力',2,'2026-04-01 10:56:49'),(1583,318,1,'无',0,'2026-04-01 10:56:49'),(1584,318,2,'轻度迟缓',1,'2026-04-01 10:56:49'),(1585,318,3,'明显迟缓，交谈费力',2,'2026-04-01 10:56:49'),(1586,319,1,'无',0,'2026-04-01 10:56:49'),(1587,319,2,'心神不宁',1,'2026-04-01 10:56:49'),(1588,319,3,'搓手顿足，坐立不安',2,'2026-04-01 10:56:49'),(1589,320,1,'无',0,'2026-04-01 10:56:49'),(1590,320,2,'紧张',1,'2026-04-01 10:56:49'),(1591,320,3,'担忧',2,'2026-04-01 10:56:49'),(1592,321,1,'无',0,'2026-04-01 10:56:49'),(1593,321,2,'口干、腹胀、嗳气',1,'2026-04-01 10:56:49'),(1594,321,3,'恶心、腹泻、腹痛',2,'2026-04-01 10:56:49'),(1595,322,1,'无',0,'2026-04-01 10:56:49'),(1596,322,2,'胸闷、心悸',1,'2026-04-01 10:56:49'),(1597,322,3,'明显心悸气短',2,'2026-04-01 10:56:49'),(1598,323,1,'无',0,'2026-04-01 10:56:49'),(1599,323,2,'食欲下降、腹胀',1,'2026-04-01 10:56:49'),(1600,323,3,'明显食欲减退',2,'2026-04-01 10:56:49'),(1601,324,1,'无',0,'2026-04-01 10:56:49'),(1602,324,2,'酸痛、乏力',1,'2026-04-01 10:56:49'),(1603,324,3,'全身沉重',2,'2026-04-01 10:56:49'),(1604,325,1,'无',0,'2026-04-01 10:56:49'),(1605,325,2,'轻度减退',1,'2026-04-01 10:56:49'),(1606,325,3,'明显减退',2,'2026-04-01 10:56:49'),(1607,326,1,'无',0,'2026-04-01 10:56:49'),(1608,326,2,'关注身体',1,'2026-04-01 10:56:49'),(1609,326,3,'怀疑有病',2,'2026-04-01 10:56:49'),(1610,327,1,'无',0,'2026-04-01 10:56:49'),(1611,327,2,'略减',1,'2026-04-01 10:56:49'),(1612,327,3,'明显减轻',2,'2026-04-01 10:56:49'),(1613,328,1,'自知力完整',0,'2026-04-01 10:56:49'),(1614,328,2,'略欠缺',1,'2026-04-01 10:56:49'),(1615,328,3,'部分缺失',2,'2026-04-01 10:56:49'),(1616,329,1,'无',0,'2026-04-01 10:56:49'),(1617,329,2,'轻度晨重',1,'2026-04-01 10:56:49'),(1618,329,3,'明显晨重',2,'2026-04-01 10:56:49'),(1619,330,1,'无',0,'2026-04-01 10:56:49'),(1620,330,2,'轻度晚重',1,'2026-04-01 10:56:49'),(1621,330,3,'明显晚重',2,'2026-04-01 10:56:49'),(1622,331,1,'无',0,'2026-04-01 10:56:49'),(1623,331,2,'轻度',1,'2026-04-01 10:56:49'),(1624,331,3,'中度',2,'2026-04-01 10:56:49'),(1625,332,1,'无',0,'2026-04-01 10:56:49'),(1626,332,2,'多疑',1,'2026-04-01 10:56:49'),(1627,332,3,'牵连观念',2,'2026-04-01 10:56:49'),(1628,333,1,'无',0,'2026-04-01 10:56:49'),(1629,333,2,'轻度强迫思维',1,'2026-04-01 10:56:49'),(1630,333,3,'中度强迫',2,'2026-04-01 10:56:49'),(1631,334,1,'无',0,'2026-04-01 10:56:49'),(1632,334,2,'轻度',1,'2026-04-01 10:56:49'),(1633,334,3,'中度',2,'2026-04-01 10:56:49'),(1634,335,1,'询问时说出',0,'2026-04-01 10:57:52'),(1635,335,2,'自发诉说',1,'2026-04-01 10:57:52'),(1636,335,3,'表情明显抑郁',2,'2026-04-01 10:57:52'),(1637,335,4,'悲痛欲绝',3,'2026-04-01 10:57:52'),(1638,336,1,'自责',0,'2026-04-01 10:57:52'),(1639,336,2,'内疚，反复想过错',1,'2026-04-01 10:57:52'),(1640,336,3,'罪恶妄想，自认应受惩罚',2,'2026-04-01 10:57:52'),(1641,336,4,'伴罪恶幻觉',3,'2026-04-01 10:57:52'),(1642,337,1,'觉得活着没意思',0,'2026-04-01 10:57:52'),(1643,337,2,'希望死去，有轻生念头',1,'2026-04-01 10:57:52'),(1644,337,3,'有自杀计划或企图',2,'2026-04-01 10:57:52'),(1645,337,4,'严重自杀行为',3,'2026-04-01 10:57:52'),(1646,338,1,'偶尔难入睡',0,'2026-04-01 10:57:52'),(1647,338,2,'经常难入睡',1,'2026-04-01 10:57:52'),(1648,338,3,'几乎每晚难入睡',2,'2026-04-01 10:57:52'),(1649,339,1,'浅睡、多梦',0,'2026-04-01 10:57:52'),(1650,339,2,'夜间易醒',1,'2026-04-01 10:57:52'),(1651,339,3,'夜间多次醒',2,'2026-04-01 10:57:52'),(1652,340,1,'偶尔早醒',0,'2026-04-01 10:57:52'),(1653,340,2,'经常早醒',1,'2026-04-01 10:57:52'),(1654,340,3,'早醒后无法再睡',2,'2026-04-01 10:57:52'),(1655,341,1,'兴趣下降',0,'2026-04-01 10:57:52'),(1656,341,2,'活动减少，无动力',1,'2026-04-01 10:57:52'),(1657,341,3,'停止部分工作',2,'2026-04-01 10:57:52'),(1658,341,4,'完全无法工作',3,'2026-04-01 10:57:52'),(1659,342,1,'轻度迟缓',0,'2026-04-01 10:57:52'),(1660,342,2,'明显迟缓，交谈费力',1,'2026-04-01 10:57:52'),(1661,342,3,'显著迟钝，应答困难',2,'2026-04-01 10:57:52'),(1662,342,4,'木僵',3,'2026-04-01 10:57:52'),(1663,343,1,'心神不宁',0,'2026-04-01 10:57:52'),(1664,343,2,'搓手顿足，坐立不安',1,'2026-04-01 10:57:52'),(1665,343,3,'明显激动',2,'2026-04-01 10:57:52'),(1666,343,4,'喊叫、撕扯等失控行为',3,'2026-04-01 10:57:52'),(1667,344,1,'紧张',0,'2026-04-01 10:57:52'),(1668,344,2,'担忧',1,'2026-04-01 10:57:52'),(1669,344,3,'恐惧不安',2,'2026-04-01 10:57:52'),(1670,344,4,'惊恐发作',3,'2026-04-01 10:57:52'),(1671,345,1,'口干、腹胀、嗳气',0,'2026-04-01 10:57:52'),(1672,345,2,'恶心、腹泻、腹痛',1,'2026-04-01 10:57:52'),(1673,345,3,'明显胃肠症状',2,'2026-04-01 10:57:52'),(1674,345,4,'严重不适',3,'2026-04-01 10:57:52'),(1675,346,1,'胸闷、心悸',0,'2026-04-01 10:57:52'),(1676,346,2,'明显心悸气短',1,'2026-04-01 10:57:52'),(1677,346,3,'呼吸困难',2,'2026-04-01 10:57:52'),(1678,346,4,'严重影响生活',3,'2026-04-01 10:57:52'),(1679,347,1,'食欲下降、腹胀',0,'2026-04-01 10:57:52'),(1680,347,2,'明显食欲减退',1,'2026-04-01 10:57:52'),(1681,347,3,'体重下降',2,'2026-04-01 10:57:52'),(1682,347,4,'厌食、呕吐',3,'2026-04-01 10:57:52'),(1683,348,1,'酸痛、乏力',0,'2026-04-01 10:57:52'),(1684,348,2,'全身沉重',1,'2026-04-01 10:57:52'),(1685,348,3,'明显不适',2,'2026-04-01 10:57:52'),(1686,348,4,'严重躯体症状',3,'2026-04-01 10:57:52'),(1687,349,1,'轻度减退',0,'2026-04-01 10:57:52'),(1688,349,2,'明显减退',1,'2026-04-01 10:57:52'),(1689,349,3,'丧失',2,'2026-04-01 10:57:52'),(1690,350,1,'关注身体',0,'2026-04-01 10:57:52'),(1691,350,2,'怀疑有病',1,'2026-04-01 10:57:52'),(1692,350,3,'坚信有病，反复检查',2,'2026-04-01 10:57:52'),(1693,350,4,'疑病妄想',3,'2026-04-01 10:57:52'),(1694,351,1,'略减',0,'2026-04-01 10:57:52'),(1695,351,2,'明显减轻',1,'2026-04-01 10:57:52'),(1696,351,3,'显著减轻',2,'2026-04-01 10:57:52'),(1697,352,1,'略欠缺',0,'2026-04-01 10:57:52'),(1698,352,2,'部分缺失',1,'2026-04-01 10:57:52'),(1699,352,3,'基本缺失',2,'2026-04-01 10:57:52'),(1700,352,4,'完全丧失',3,'2026-04-01 10:57:52'),(1701,353,1,'轻度晨重',0,'2026-04-01 10:57:52'),(1702,353,2,'明显晨重',1,'2026-04-01 10:57:52'),(1703,353,3,'显著晨重',2,'2026-04-01 10:57:52'),(1704,353,4,'极重',3,'2026-04-01 10:57:52'),(1705,354,1,'轻度晚重',0,'2026-04-01 10:57:52'),(1706,354,2,'明显晚重',1,'2026-04-01 10:57:52'),(1707,354,3,'显著晚重',2,'2026-04-01 10:57:52'),(1708,354,4,'极重',3,'2026-04-01 10:57:52'),(1709,355,1,'轻度',0,'2026-04-01 10:57:52'),(1710,355,2,'中度',1,'2026-04-01 10:57:52'),(1711,355,3,'重度',2,'2026-04-01 10:57:52'),(1712,355,4,'极重',3,'2026-04-01 10:57:52'),(1713,356,1,'多疑',0,'2026-04-01 10:57:52'),(1714,356,2,'牵连观念',1,'2026-04-01 10:57:52'),(1715,356,3,'关系/被害妄想',2,'2026-04-01 10:57:52'),(1716,356,4,'明显偏执幻觉',3,'2026-04-01 10:57:52'),(1717,357,1,'轻度强迫思维',0,'2026-04-01 10:57:52'),(1718,357,2,'中度强迫',1,'2026-04-01 10:57:52'),(1719,357,3,'明显强迫',2,'2026-04-01 10:57:52'),(1720,357,4,'严重强迫行为',3,'2026-04-01 10:57:52'),(1721,358,1,'轻度',0,'2026-04-01 10:57:52'),(1722,358,2,'中度',1,'2026-04-01 10:57:52'),(1723,358,3,'重度',2,'2026-04-01 10:57:52'),(1724,358,4,'极重',3,'2026-04-01 10:57:52'),(1725,359,1,'询问时说出',1,'2026-04-01 11:13:03'),(1726,359,2,'自发诉说',2,'2026-04-01 11:13:03'),(1727,359,3,'表情明显抑郁',3,'2026-04-01 11:13:03'),(1728,359,4,'悲痛欲绝',4,'2026-04-01 11:13:03'),(1729,360,1,'自责',1,'2026-04-01 11:13:03'),(1730,360,2,'内疚，反复想过错',2,'2026-04-01 11:13:03'),(1731,360,3,'罪恶妄想，自认应受惩罚',3,'2026-04-01 11:13:03'),(1732,360,4,'伴罪恶幻觉',4,'2026-04-01 11:13:03'),(1733,361,1,'觉得活着没意思',1,'2026-04-01 11:13:03'),(1734,361,2,'希望死去，有轻生念头',2,'2026-04-01 11:13:03'),(1735,361,3,'有自杀计划或企图',3,'2026-04-01 11:13:03'),(1736,361,4,'严重自杀行为',4,'2026-04-01 11:13:03'),(1737,362,1,'偶尔难入睡',1,'2026-04-01 11:13:03'),(1738,362,2,'经常难入睡',2,'2026-04-01 11:13:03'),(1739,362,3,'几乎每晚难入睡',3,'2026-04-01 11:13:03'),(1740,363,1,'浅睡、多梦',1,'2026-04-01 11:13:03'),(1741,363,2,'夜间易醒',2,'2026-04-01 11:13:03'),(1742,363,3,'夜间多次醒',3,'2026-04-01 11:13:03'),(1743,364,1,'偶尔早醒',1,'2026-04-01 11:13:03'),(1744,364,2,'经常早醒',2,'2026-04-01 11:13:03'),(1745,364,3,'早醒后无法再睡',3,'2026-04-01 11:13:03'),(1746,365,1,'兴趣下降',1,'2026-04-01 11:13:03'),(1747,365,2,'活动减少，无动力',2,'2026-04-01 11:13:03'),(1748,365,3,'停止部分工作',3,'2026-04-01 11:13:03'),(1749,365,4,'完全无法工作',4,'2026-04-01 11:13:03'),(1750,366,1,'轻度迟缓',1,'2026-04-01 11:13:03'),(1751,366,2,'明显迟缓，交谈费力',2,'2026-04-01 11:13:03'),(1752,366,3,'显著迟钝，应答困难',3,'2026-04-01 11:13:03'),(1753,366,4,'木僵',4,'2026-04-01 11:13:03'),(1754,367,1,'心神不宁',1,'2026-04-01 11:13:03'),(1755,367,2,'搓手顿足，坐立不安',2,'2026-04-01 11:13:03'),(1756,367,3,'明显激动',3,'2026-04-01 11:13:03'),(1757,367,4,'喊叫、撕扯等失控行为',4,'2026-04-01 11:13:03'),(1758,368,1,'紧张',1,'2026-04-01 11:13:03'),(1759,368,2,'担忧',2,'2026-04-01 11:13:03'),(1760,368,3,'恐惧不安',3,'2026-04-01 11:13:03'),(1761,368,4,'惊恐发作',4,'2026-04-01 11:13:03'),(1762,369,1,'口干、腹胀、嗳气',1,'2026-04-01 11:13:03'),(1763,369,2,'恶心、腹泻、腹痛',2,'2026-04-01 11:13:03'),(1764,369,3,'明显胃肠症状',3,'2026-04-01 11:13:03'),(1765,369,4,'严重不适',4,'2026-04-01 11:13:03'),(1766,370,1,'胸闷、心悸',1,'2026-04-01 11:13:03'),(1767,370,2,'明显心悸气短',2,'2026-04-01 11:13:03'),(1768,370,3,'呼吸困难',3,'2026-04-01 11:13:03'),(1769,370,4,'严重影响生活',4,'2026-04-01 11:13:03'),(1770,371,1,'食欲下降、腹胀',1,'2026-04-01 11:13:03'),(1771,371,2,'明显食欲减退',2,'2026-04-01 11:13:03'),(1772,371,3,'体重下降',3,'2026-04-01 11:13:03'),(1773,371,4,'厌食、呕吐',4,'2026-04-01 11:13:03'),(1774,372,1,'酸痛、乏力',1,'2026-04-01 11:13:03'),(1775,372,2,'全身沉重',2,'2026-04-01 11:13:03'),(1776,372,3,'明显不适',3,'2026-04-01 11:13:03'),(1777,372,4,'严重躯体症状',4,'2026-04-01 11:13:03'),(1778,373,1,'轻度减退',1,'2026-04-01 11:13:03'),(1779,373,2,'明显减退',2,'2026-04-01 11:13:03'),(1780,373,3,'丧失',3,'2026-04-01 11:13:03'),(1781,374,1,'关注身体',1,'2026-04-01 11:13:03'),(1782,374,2,'怀疑有病',2,'2026-04-01 11:13:03'),(1783,374,3,'坚信有病，反复检查',3,'2026-04-01 11:13:03'),(1784,374,4,'疑病妄想',4,'2026-04-01 11:13:03'),(1785,375,1,'略减',1,'2026-04-01 11:13:03'),(1786,375,2,'明显减轻',2,'2026-04-01 11:13:03'),(1787,375,3,'显著减轻',3,'2026-04-01 11:13:03'),(1788,376,1,'略欠缺',1,'2026-04-01 11:13:03'),(1789,376,2,'部分缺失',2,'2026-04-01 11:13:03'),(1790,376,3,'基本缺失',3,'2026-04-01 11:13:03'),(1791,376,4,'完全丧失',4,'2026-04-01 11:13:03'),(1792,377,1,'轻度晨重',1,'2026-04-01 11:13:03'),(1793,377,2,'明显晨重',2,'2026-04-01 11:13:03'),(1794,377,3,'显著晨重',3,'2026-04-01 11:13:03'),(1795,377,4,'极重',4,'2026-04-01 11:13:03'),(1796,378,1,'轻度晚重',1,'2026-04-01 11:13:03'),(1797,378,2,'明显晚重',2,'2026-04-01 11:13:03'),(1798,378,3,'显著晚重',3,'2026-04-01 11:13:03'),(1799,378,4,'极重',4,'2026-04-01 11:13:03'),(1800,379,1,'轻度',1,'2026-04-01 11:13:03'),(1801,379,2,'中度',2,'2026-04-01 11:13:03'),(1802,379,3,'重度',3,'2026-04-01 11:13:03'),(1803,379,4,'极重',4,'2026-04-01 11:13:03'),(1804,380,1,'多疑',1,'2026-04-01 11:13:03'),(1805,380,2,'牵连观念',2,'2026-04-01 11:13:03'),(1806,380,3,'关系/被害妄想',3,'2026-04-01 11:13:03'),(1807,380,4,'明显偏执幻觉',4,'2026-04-01 11:13:03'),(1808,381,1,'轻度强迫思维',1,'2026-04-01 11:13:03'),(1809,381,2,'中度强迫',2,'2026-04-01 11:13:03'),(1810,381,3,'明显强迫',3,'2026-04-01 11:13:03'),(1811,381,4,'严重强迫行为',4,'2026-04-01 11:13:03'),(1812,382,1,'轻度',1,'2026-04-01 11:13:03'),(1813,382,2,'中度',2,'2026-04-01 11:13:03'),(1814,382,3,'重度',3,'2026-04-01 11:13:03'),(1815,382,4,'极重',4,'2026-04-01 11:13:03'),(1816,383,1,'没有',0,'2026-04-06 18:22:08'),(1817,383,2,'很轻',1,'2026-04-06 18:22:08'),(1818,383,3,'中度',2,'2026-04-06 18:22:08'),(1819,383,4,'偏重',3,'2026-04-06 18:22:08'),(1820,383,5,'严重',4,'2026-04-06 18:22:08'),(1821,384,1,'没有',0,'2026-04-06 18:22:08'),(1822,384,2,'很轻',1,'2026-04-06 18:22:08'),(1823,384,3,'中度',2,'2026-04-06 18:22:08'),(1824,384,4,'偏重',3,'2026-04-06 18:22:08'),(1825,384,5,'严重',4,'2026-04-06 18:22:08'),(1826,385,1,'没有',0,'2026-04-06 18:22:08'),(1827,385,2,'很轻',1,'2026-04-06 18:22:08'),(1828,385,3,'中度',2,'2026-04-06 18:22:08'),(1829,385,4,'偏重',3,'2026-04-06 18:22:08'),(1830,385,5,'严重',4,'2026-04-06 18:22:08'),(1831,386,1,'没有',0,'2026-04-06 18:22:08'),(1832,386,2,'很轻',1,'2026-04-06 18:22:08'),(1833,386,3,'中度',2,'2026-04-06 18:22:08'),(1834,386,4,'偏重',3,'2026-04-06 18:22:08'),(1835,386,5,'严重',4,'2026-04-06 18:22:08'),(1836,387,1,'没有',0,'2026-04-06 18:22:08'),(1837,387,2,'很轻',1,'2026-04-06 18:22:08'),(1838,387,3,'中度',2,'2026-04-06 18:22:08'),(1839,387,4,'偏重',3,'2026-04-06 18:22:08'),(1840,387,5,'严重',4,'2026-04-06 18:22:08'),(1841,388,1,'没有',0,'2026-04-06 18:22:08'),(1842,388,2,'很轻',1,'2026-04-06 18:22:08'),(1843,388,3,'中度',2,'2026-04-06 18:22:08'),(1844,388,4,'偏重',3,'2026-04-06 18:22:08'),(1845,388,5,'严重',4,'2026-04-06 18:22:08'),(1846,389,1,'没有',0,'2026-04-06 18:22:08'),(1847,389,2,'很轻',1,'2026-04-06 18:22:08'),(1848,389,3,'中度',2,'2026-04-06 18:22:08'),(1849,389,4,'偏重',3,'2026-04-06 18:22:08'),(1850,389,5,'严重',4,'2026-04-06 18:22:08'),(1851,390,1,'没有',0,'2026-04-06 18:22:08'),(1852,390,2,'很轻',1,'2026-04-06 18:22:08'),(1853,390,3,'中度',2,'2026-04-06 18:22:08'),(1854,390,4,'偏重',3,'2026-04-06 18:22:08'),(1855,390,5,'严重',4,'2026-04-06 18:22:08'),(1856,391,1,'没有',0,'2026-04-06 18:22:08'),(1857,391,2,'很轻',1,'2026-04-06 18:22:08'),(1858,391,3,'中度',2,'2026-04-06 18:22:08'),(1859,391,4,'偏重',3,'2026-04-06 18:22:08'),(1860,391,5,'严重',4,'2026-04-06 18:22:08'),(1861,392,1,'没有',0,'2026-04-06 18:22:08'),(1862,392,2,'很轻',1,'2026-04-06 18:22:08'),(1863,392,3,'中度',2,'2026-04-06 18:22:08'),(1864,392,4,'偏重',3,'2026-04-06 18:22:08'),(1865,392,5,'严重',4,'2026-04-06 18:22:08'),(1866,393,1,'没有',0,'2026-04-06 18:22:08'),(1867,393,2,'很轻',1,'2026-04-06 18:22:08'),(1868,393,3,'中度',2,'2026-04-06 18:22:08'),(1869,393,4,'偏重',3,'2026-04-06 18:22:08'),(1870,393,5,'严重',4,'2026-04-06 18:22:08'),(1871,394,1,'没有',0,'2026-04-06 18:22:08'),(1872,394,2,'很轻',1,'2026-04-06 18:22:08'),(1873,394,3,'中度',2,'2026-04-06 18:22:08'),(1874,394,4,'偏重',3,'2026-04-06 18:22:08'),(1875,394,5,'严重',4,'2026-04-06 18:22:08'),(1876,395,1,'没有',0,'2026-04-06 18:22:08'),(1877,395,2,'很轻',1,'2026-04-06 18:22:08'),(1878,395,3,'中度',2,'2026-04-06 18:22:08'),(1879,395,4,'偏重',3,'2026-04-06 18:22:08'),(1880,395,5,'严重',4,'2026-04-06 18:22:08'),(1881,396,1,'没有',0,'2026-04-06 18:22:08'),(1882,396,2,'很轻',1,'2026-04-06 18:22:08'),(1883,396,3,'中度',2,'2026-04-06 18:22:08'),(1884,396,4,'偏重',3,'2026-04-06 18:22:08'),(1885,396,5,'严重',4,'2026-04-06 18:22:08'),(1886,397,1,'没有',0,'2026-04-06 18:22:08'),(1887,397,2,'很轻',1,'2026-04-06 18:22:08'),(1888,397,3,'中度',2,'2026-04-06 18:22:08'),(1889,397,4,'偏重',3,'2026-04-06 18:22:08'),(1890,397,5,'严重',4,'2026-04-06 18:22:08'),(1891,398,1,'没有',0,'2026-04-06 18:22:08'),(1892,398,2,'很轻',1,'2026-04-06 18:22:08'),(1893,398,3,'中度',2,'2026-04-06 18:22:08'),(1894,398,4,'偏重',3,'2026-04-06 18:22:08'),(1895,398,5,'严重',4,'2026-04-06 18:22:08'),(1896,399,1,'没有',0,'2026-04-06 18:22:08'),(1897,399,2,'很轻',1,'2026-04-06 18:22:08'),(1898,399,3,'中度',2,'2026-04-06 18:22:08'),(1899,399,4,'偏重',3,'2026-04-06 18:22:08'),(1900,399,5,'严重',4,'2026-04-06 18:22:08'),(1901,400,1,'没有',0,'2026-04-06 18:22:08'),(1902,400,2,'很轻',1,'2026-04-06 18:22:08'),(1903,400,3,'中度',2,'2026-04-06 18:22:08'),(1904,400,4,'偏重',3,'2026-04-06 18:22:08'),(1905,400,5,'严重',4,'2026-04-06 18:22:08'),(1906,401,1,'没有',0,'2026-04-06 18:22:08'),(1907,401,2,'很轻',1,'2026-04-06 18:22:08'),(1908,401,3,'中度',2,'2026-04-06 18:22:08'),(1909,401,4,'偏重',3,'2026-04-06 18:22:08'),(1910,401,5,'严重',4,'2026-04-06 18:22:08'),(1911,402,1,'没有',0,'2026-04-06 18:22:08'),(1912,402,2,'很轻',1,'2026-04-06 18:22:08'),(1913,402,3,'中度',2,'2026-04-06 18:22:08'),(1914,402,4,'偏重',3,'2026-04-06 18:22:08'),(1915,402,5,'严重',4,'2026-04-06 18:22:08'),(1916,403,1,'没有',0,'2026-04-06 18:22:08'),(1917,403,2,'很轻',1,'2026-04-06 18:22:08'),(1918,403,3,'中度',2,'2026-04-06 18:22:08'),(1919,403,4,'偏重',3,'2026-04-06 18:22:08'),(1920,403,5,'严重',4,'2026-04-06 18:22:08'),(1921,404,1,'没有',0,'2026-04-06 18:22:08'),(1922,404,2,'很轻',1,'2026-04-06 18:22:08'),(1923,404,3,'中度',2,'2026-04-06 18:22:08'),(1924,404,4,'偏重',3,'2026-04-06 18:22:08'),(1925,404,5,'严重',4,'2026-04-06 18:22:08'),(1926,405,1,'没有',0,'2026-04-06 18:22:08'),(1927,405,2,'很轻',1,'2026-04-06 18:22:08'),(1928,405,3,'中度',2,'2026-04-06 18:22:08'),(1929,405,4,'偏重',3,'2026-04-06 18:22:08'),(1930,405,5,'严重',4,'2026-04-06 18:22:08'),(1931,406,1,'没有',0,'2026-04-06 18:22:08'),(1932,406,2,'很轻',1,'2026-04-06 18:22:08'),(1933,406,3,'中度',2,'2026-04-06 18:22:08'),(1934,406,4,'偏重',3,'2026-04-06 18:22:08'),(1935,406,5,'严重',4,'2026-04-06 18:22:08'),(1936,407,1,'没有',0,'2026-04-06 18:22:08'),(1937,407,2,'很轻',1,'2026-04-06 18:22:08'),(1938,407,3,'中度',2,'2026-04-06 18:22:08'),(1939,407,4,'偏重',3,'2026-04-06 18:22:08'),(1940,407,5,'严重',4,'2026-04-06 18:22:08'),(1941,408,1,'没有',0,'2026-04-06 18:22:08'),(1942,408,2,'很轻',1,'2026-04-06 18:22:08'),(1943,408,3,'中度',2,'2026-04-06 18:22:08'),(1944,408,4,'偏重',3,'2026-04-06 18:22:08'),(1945,408,5,'严重',4,'2026-04-06 18:22:08'),(1946,409,1,'没有',0,'2026-04-06 18:22:08'),(1947,409,2,'很轻',1,'2026-04-06 18:22:08'),(1948,409,3,'中度',2,'2026-04-06 18:22:08'),(1949,409,4,'偏重',3,'2026-04-06 18:22:08'),(1950,409,5,'严重',4,'2026-04-06 18:22:08'),(1951,410,1,'没有',0,'2026-04-06 18:22:08'),(1952,410,2,'很轻',1,'2026-04-06 18:22:08'),(1953,410,3,'中度',2,'2026-04-06 18:22:08'),(1954,410,4,'偏重',3,'2026-04-06 18:22:08'),(1955,410,5,'严重',4,'2026-04-06 18:22:08'),(1956,411,1,'没有',0,'2026-04-06 18:22:08'),(1957,411,2,'很轻',1,'2026-04-06 18:22:08'),(1958,411,3,'中度',2,'2026-04-06 18:22:08'),(1959,411,4,'偏重',3,'2026-04-06 18:22:08'),(1960,411,5,'严重',4,'2026-04-06 18:22:08'),(1961,412,1,'没有',0,'2026-04-06 18:22:08'),(1962,412,2,'很轻',1,'2026-04-06 18:22:08'),(1963,412,3,'中度',2,'2026-04-06 18:22:08'),(1964,412,4,'偏重',3,'2026-04-06 18:22:08'),(1965,412,5,'严重',4,'2026-04-06 18:22:08'),(1966,413,1,'没有',0,'2026-04-06 18:22:08'),(1967,413,2,'很轻',1,'2026-04-06 18:22:08'),(1968,413,3,'中度',2,'2026-04-06 18:22:08'),(1969,413,4,'偏重',3,'2026-04-06 18:22:08'),(1970,413,5,'严重',4,'2026-04-06 18:22:08'),(1971,414,1,'没有',0,'2026-04-06 18:22:08'),(1972,414,2,'很轻',1,'2026-04-06 18:22:08'),(1973,414,3,'中度',2,'2026-04-06 18:22:08'),(1974,414,4,'偏重',3,'2026-04-06 18:22:08'),(1975,414,5,'严重',4,'2026-04-06 18:22:08'),(1976,415,1,'没有',0,'2026-04-06 18:22:08'),(1977,415,2,'很轻',1,'2026-04-06 18:22:08'),(1978,415,3,'中度',2,'2026-04-06 18:22:08'),(1979,415,4,'偏重',3,'2026-04-06 18:22:08'),(1980,415,5,'严重',4,'2026-04-06 18:22:08'),(1981,416,1,'没有',0,'2026-04-06 18:22:08'),(1982,416,2,'很轻',1,'2026-04-06 18:22:08'),(1983,416,3,'中度',2,'2026-04-06 18:22:08'),(1984,416,4,'偏重',3,'2026-04-06 18:22:08'),(1985,416,5,'严重',4,'2026-04-06 18:22:08'),(1986,417,1,'没有',0,'2026-04-06 18:22:08'),(1987,417,2,'很轻',1,'2026-04-06 18:22:08'),(1988,417,3,'中度',2,'2026-04-06 18:22:08'),(1989,417,4,'偏重',3,'2026-04-06 18:22:08'),(1990,417,5,'严重',4,'2026-04-06 18:22:08'),(1991,418,1,'没有',0,'2026-04-06 18:22:08'),(1992,418,2,'很轻',1,'2026-04-06 18:22:08'),(1993,418,3,'中度',2,'2026-04-06 18:22:08'),(1994,418,4,'偏重',3,'2026-04-06 18:22:08'),(1995,418,5,'严重',4,'2026-04-06 18:22:08'),(1996,419,1,'没有',0,'2026-04-06 18:22:08'),(1997,419,2,'很轻',1,'2026-04-06 18:22:08'),(1998,419,3,'中度',2,'2026-04-06 18:22:08'),(1999,419,4,'偏重',3,'2026-04-06 18:22:08'),(2000,419,5,'严重',4,'2026-04-06 18:22:08'),(2001,420,1,'没有',0,'2026-04-06 18:22:08'),(2002,420,2,'很轻',1,'2026-04-06 18:22:08'),(2003,420,3,'中度',2,'2026-04-06 18:22:08'),(2004,420,4,'偏重',3,'2026-04-06 18:22:08'),(2005,420,5,'严重',4,'2026-04-06 18:22:08'),(2006,421,1,'没有',0,'2026-04-06 18:22:08'),(2007,421,2,'很轻',1,'2026-04-06 18:22:08'),(2008,421,3,'中度',2,'2026-04-06 18:22:08'),(2009,421,4,'偏重',3,'2026-04-06 18:22:08'),(2010,421,5,'严重',4,'2026-04-06 18:22:08'),(2011,422,1,'没有',0,'2026-04-06 18:22:08'),(2012,422,2,'很轻',1,'2026-04-06 18:22:08'),(2013,422,3,'中度',2,'2026-04-06 18:22:08'),(2014,422,4,'偏重',3,'2026-04-06 18:22:08'),(2015,422,5,'严重',4,'2026-04-06 18:22:08'),(2016,423,1,'没有',0,'2026-04-06 18:22:08'),(2017,423,2,'很轻',1,'2026-04-06 18:22:08'),(2018,423,3,'中度',2,'2026-04-06 18:22:08'),(2019,423,4,'偏重',3,'2026-04-06 18:22:08'),(2020,423,5,'严重',4,'2026-04-06 18:22:08'),(2021,424,1,'没有',0,'2026-04-06 18:22:08'),(2022,424,2,'很轻',1,'2026-04-06 18:22:08'),(2023,424,3,'中度',2,'2026-04-06 18:22:08'),(2024,424,4,'偏重',3,'2026-04-06 18:22:08'),(2025,424,5,'严重',4,'2026-04-06 18:22:08'),(2026,425,1,'没有',0,'2026-04-06 18:22:08'),(2027,425,2,'很轻',1,'2026-04-06 18:22:08'),(2028,425,3,'中度',2,'2026-04-06 18:22:08'),(2029,425,4,'偏重',3,'2026-04-06 18:22:08'),(2030,425,5,'严重',4,'2026-04-06 18:22:08'),(2031,426,1,'没有',0,'2026-04-06 18:22:08'),(2032,426,2,'很轻',1,'2026-04-06 18:22:08'),(2033,426,3,'中度',2,'2026-04-06 18:22:08'),(2034,426,4,'偏重',3,'2026-04-06 18:22:08'),(2035,426,5,'严重',4,'2026-04-06 18:22:08'),(2036,427,1,'没有',0,'2026-04-06 18:22:08'),(2037,427,2,'很轻',1,'2026-04-06 18:22:08'),(2038,427,3,'中度',2,'2026-04-06 18:22:08'),(2039,427,4,'偏重',3,'2026-04-06 18:22:08'),(2040,427,5,'严重',4,'2026-04-06 18:22:08'),(2041,428,1,'没有',0,'2026-04-06 18:22:08'),(2042,428,2,'很轻',1,'2026-04-06 18:22:08'),(2043,428,3,'中度',2,'2026-04-06 18:22:08'),(2044,428,4,'偏重',3,'2026-04-06 18:22:08'),(2045,428,5,'严重',4,'2026-04-06 18:22:08'),(2046,429,1,'没有',0,'2026-04-06 18:22:08'),(2047,429,2,'很轻',1,'2026-04-06 18:22:08'),(2048,429,3,'中度',2,'2026-04-06 18:22:08'),(2049,429,4,'偏重',3,'2026-04-06 18:22:08'),(2050,429,5,'严重',4,'2026-04-06 18:22:08'),(2051,430,1,'没有',0,'2026-04-06 18:22:08'),(2052,430,2,'很轻',1,'2026-04-06 18:22:08'),(2053,430,3,'中度',2,'2026-04-06 18:22:08'),(2054,430,4,'偏重',3,'2026-04-06 18:22:08'),(2055,430,5,'严重',4,'2026-04-06 18:22:08'),(2056,431,1,'没有',0,'2026-04-06 18:22:08'),(2057,431,2,'很轻',1,'2026-04-06 18:22:08'),(2058,431,3,'中度',2,'2026-04-06 18:22:08'),(2059,431,4,'偏重',3,'2026-04-06 18:22:08'),(2060,431,5,'严重',4,'2026-04-06 18:22:08'),(2061,432,1,'没有',0,'2026-04-06 18:22:08'),(2062,432,2,'很轻',1,'2026-04-06 18:22:08'),(2063,432,3,'中度',2,'2026-04-06 18:22:08'),(2064,432,4,'偏重',3,'2026-04-06 18:22:08'),(2065,432,5,'严重',4,'2026-04-06 18:22:08'),(2066,433,1,'没有',0,'2026-04-06 18:22:08'),(2067,433,2,'很轻',1,'2026-04-06 18:22:08'),(2068,433,3,'中度',2,'2026-04-06 18:22:08'),(2069,433,4,'偏重',3,'2026-04-06 18:22:08'),(2070,433,5,'严重',4,'2026-04-06 18:22:08'),(2071,434,1,'没有',0,'2026-04-06 18:22:08'),(2072,434,2,'很轻',1,'2026-04-06 18:22:08'),(2073,434,3,'中度',2,'2026-04-06 18:22:08'),(2074,434,4,'偏重',3,'2026-04-06 18:22:08'),(2075,434,5,'严重',4,'2026-04-06 18:22:08'),(2076,435,1,'没有',0,'2026-04-06 18:22:08'),(2077,435,2,'很轻',1,'2026-04-06 18:22:08'),(2078,435,3,'中度',2,'2026-04-06 18:22:08'),(2079,435,4,'偏重',3,'2026-04-06 18:22:08'),(2080,435,5,'严重',4,'2026-04-06 18:22:08'),(2081,436,1,'没有',0,'2026-04-06 18:22:08'),(2082,436,2,'很轻',1,'2026-04-06 18:22:08'),(2083,436,3,'中度',2,'2026-04-06 18:22:08'),(2084,436,4,'偏重',3,'2026-04-06 18:22:08'),(2085,436,5,'严重',4,'2026-04-06 18:22:08'),(2086,437,1,'没有',0,'2026-04-06 18:22:08'),(2087,437,2,'很轻',1,'2026-04-06 18:22:08'),(2088,437,3,'中度',2,'2026-04-06 18:22:08'),(2089,437,4,'偏重',3,'2026-04-06 18:22:08'),(2090,437,5,'严重',4,'2026-04-06 18:22:08'),(2091,438,1,'没有',0,'2026-04-06 18:22:08'),(2092,438,2,'很轻',1,'2026-04-06 18:22:08'),(2093,438,3,'中度',2,'2026-04-06 18:22:08'),(2094,438,4,'偏重',3,'2026-04-06 18:22:08'),(2095,438,5,'严重',4,'2026-04-06 18:22:08'),(2096,439,1,'没有',0,'2026-04-06 18:22:08'),(2097,439,2,'很轻',1,'2026-04-06 18:22:08'),(2098,439,3,'中度',2,'2026-04-06 18:22:08'),(2099,439,4,'偏重',3,'2026-04-06 18:22:08'),(2100,439,5,'严重',4,'2026-04-06 18:22:08'),(2101,440,1,'没有',0,'2026-04-06 18:22:08'),(2102,440,2,'很轻',1,'2026-04-06 18:22:08'),(2103,440,3,'中度',2,'2026-04-06 18:22:08'),(2104,440,4,'偏重',3,'2026-04-06 18:22:08'),(2105,440,5,'严重',4,'2026-04-06 18:22:08'),(2106,441,1,'没有',0,'2026-04-06 18:22:08'),(2107,441,2,'很轻',1,'2026-04-06 18:22:08'),(2108,441,3,'中度',2,'2026-04-06 18:22:08'),(2109,441,4,'偏重',3,'2026-04-06 18:22:08'),(2110,441,5,'严重',4,'2026-04-06 18:22:08'),(2111,442,1,'没有',0,'2026-04-06 18:22:08'),(2112,442,2,'很轻',1,'2026-04-06 18:22:08'),(2113,442,3,'中度',2,'2026-04-06 18:22:08'),(2114,442,4,'偏重',3,'2026-04-06 18:22:08'),(2115,442,5,'严重',4,'2026-04-06 18:22:08'),(2116,443,1,'没有',0,'2026-04-06 18:22:08'),(2117,443,2,'很轻',1,'2026-04-06 18:22:08'),(2118,443,3,'中度',2,'2026-04-06 18:22:08'),(2119,443,4,'偏重',3,'2026-04-06 18:22:08'),(2120,443,5,'严重',4,'2026-04-06 18:22:08'),(2121,444,1,'没有',0,'2026-04-06 18:22:08'),(2122,444,2,'很轻',1,'2026-04-06 18:22:08'),(2123,444,3,'中度',2,'2026-04-06 18:22:08'),(2124,444,4,'偏重',3,'2026-04-06 18:22:08'),(2125,444,5,'严重',4,'2026-04-06 18:22:08'),(2126,445,1,'没有',0,'2026-04-06 18:22:08'),(2127,445,2,'很轻',1,'2026-04-06 18:22:08'),(2128,445,3,'中度',2,'2026-04-06 18:22:08'),(2129,445,4,'偏重',3,'2026-04-06 18:22:08'),(2130,445,5,'严重',4,'2026-04-06 18:22:08'),(2131,446,1,'没有',0,'2026-04-06 18:22:08'),(2132,446,2,'很轻',1,'2026-04-06 18:22:08'),(2133,446,3,'中度',2,'2026-04-06 18:22:08'),(2134,446,4,'偏重',3,'2026-04-06 18:22:08'),(2135,446,5,'严重',4,'2026-04-06 18:22:08'),(2136,447,1,'没有',0,'2026-04-06 18:22:08'),(2137,447,2,'很轻',1,'2026-04-06 18:22:08'),(2138,447,3,'中度',2,'2026-04-06 18:22:08'),(2139,447,4,'偏重',3,'2026-04-06 18:22:08'),(2140,447,5,'严重',4,'2026-04-06 18:22:08'),(2141,448,1,'没有',0,'2026-04-06 18:22:08'),(2142,448,2,'很轻',1,'2026-04-06 18:22:08'),(2143,448,3,'中度',2,'2026-04-06 18:22:08'),(2144,448,4,'偏重',3,'2026-04-06 18:22:08'),(2145,448,5,'严重',4,'2026-04-06 18:22:08'),(2146,449,1,'没有',0,'2026-04-06 18:22:08'),(2147,449,2,'很轻',1,'2026-04-06 18:22:08'),(2148,449,3,'中度',2,'2026-04-06 18:22:08'),(2149,449,4,'偏重',3,'2026-04-06 18:22:08'),(2150,449,5,'严重',4,'2026-04-06 18:22:08'),(2151,450,1,'没有',0,'2026-04-06 18:22:08'),(2152,450,2,'很轻',1,'2026-04-06 18:22:08'),(2153,450,3,'中度',2,'2026-04-06 18:22:08'),(2154,450,4,'偏重',3,'2026-04-06 18:22:08'),(2155,450,5,'严重',4,'2026-04-06 18:22:08'),(2156,451,1,'没有',0,'2026-04-06 18:22:08'),(2157,451,2,'很轻',1,'2026-04-06 18:22:08'),(2158,451,3,'中度',2,'2026-04-06 18:22:08'),(2159,451,4,'偏重',3,'2026-04-06 18:22:08'),(2160,451,5,'严重',4,'2026-04-06 18:22:08'),(2161,452,1,'没有',0,'2026-04-06 18:22:08'),(2162,452,2,'很轻',1,'2026-04-06 18:22:08'),(2163,452,3,'中度',2,'2026-04-06 18:22:08'),(2164,452,4,'偏重',3,'2026-04-06 18:22:08'),(2165,452,5,'严重',4,'2026-04-06 18:22:08'),(2166,453,1,'没有',0,'2026-04-06 18:22:08'),(2167,453,2,'很轻',1,'2026-04-06 18:22:08'),(2168,453,3,'中度',2,'2026-04-06 18:22:08'),(2169,453,4,'偏重',3,'2026-04-06 18:22:08'),(2170,453,5,'严重',4,'2026-04-06 18:22:08'),(2171,454,1,'没有',0,'2026-04-06 18:22:08'),(2172,454,2,'很轻',1,'2026-04-06 18:22:08'),(2173,454,3,'中度',2,'2026-04-06 18:22:08'),(2174,454,4,'偏重',3,'2026-04-06 18:22:08'),(2175,454,5,'严重',4,'2026-04-06 18:22:08'),(2176,455,1,'没有',0,'2026-04-06 18:22:08'),(2177,455,2,'很轻',1,'2026-04-06 18:22:08'),(2178,455,3,'中度',2,'2026-04-06 18:22:08'),(2179,455,4,'偏重',3,'2026-04-06 18:22:08'),(2180,455,5,'严重',4,'2026-04-06 18:22:08'),(2181,456,1,'没有',0,'2026-04-06 18:22:08'),(2182,456,2,'很轻',1,'2026-04-06 18:22:08'),(2183,456,3,'中度',2,'2026-04-06 18:22:08'),(2184,456,4,'偏重',3,'2026-04-06 18:22:08'),(2185,456,5,'严重',4,'2026-04-06 18:22:08'),(2186,457,1,'没有',0,'2026-04-06 18:22:08'),(2187,457,2,'很轻',1,'2026-04-06 18:22:08'),(2188,457,3,'中度',2,'2026-04-06 18:22:08'),(2189,457,4,'偏重',3,'2026-04-06 18:22:08'),(2190,457,5,'严重',4,'2026-04-06 18:22:08');
/*!40000 ALTER TABLE `assessment_version_option` ENABLE KEYS */;
UNLOCK TABLES;

--
-- Table structure for table `assessment_version_question`
--

DROP TABLE IF EXISTS `assessment_version_question`;
/*!40101 SET @saved_cs_client     = @@character_set_client */;
/*!50503 SET character_set_client = utf8mb4 */;
CREATE TABLE `assessment_version_question` (
  `id` bigint NOT NULL AUTO_INCREMENT,
  `version_id` bigint NOT NULL COMMENT '版本ID',
  `question_no` int NOT NULL COMMENT '题号',
  `question_text` varchar(500) CHARACTER SET utf8mb4 COLLATE utf8mb4_unicode_ci NOT NULL COMMENT '题目内容',
  `required_flag` tinyint NOT NULL DEFAULT '1' COMMENT '是否必答',
  `created_at` datetime DEFAULT CURRENT_TIMESTAMP,
  PRIMARY KEY (`id`),
  UNIQUE KEY `uk_version_question_no` (`version_id`,`question_no`),
  KEY `idx_version_question_version_id` (`version_id`),
  CONSTRAINT `fk_version_question_version` FOREIGN KEY (`version_id`) REFERENCES `assessment_scale_version` (`id`)
) ENGINE=InnoDB AUTO_INCREMENT=458 DEFAULT CHARSET=utf8mb4 COLLATE=utf8mb4_unicode_ci COMMENT='量表版本题目表';
/*!40101 SET character_set_client = @saved_cs_client */;

--
-- Dumping data for table `assessment_version_question`
--

LOCK TABLES `assessment_version_question` WRITE;
/*!40000 ALTER TABLE `assessment_version_question` DISABLE KEYS */;
INSERT INTO `assessment_version_question` VALUES (1,2,1,'过去30天里，你是否无明显原因地感到疲惫？',1,'2026-03-15 02:29:57'),(2,2,2,'过去30天里，你是否感到紧张？',1,'2026-03-15 02:29:57'),(3,2,3,'过去30天里，你是否紧张到难以平静下来？',1,'2026-03-15 02:29:57'),(4,2,4,'过去30天里，你是否感到没有希望？',1,'2026-03-15 02:29:57'),(5,2,5,'过去30天里，你是否感到坐立不安或心烦意乱？',1,'2026-03-15 02:29:57'),(6,2,6,'过去30天里，你是否坐立不安到根本坐不住？',1,'2026-03-15 02:29:57'),(7,2,7,'过去30天里，你是否感到情绪低落？',1,'2026-03-15 02:29:57'),(8,2,8,'过去30天里，你是否觉得做任何事都很费力？',1,'2026-03-15 02:29:57'),(9,2,9,'过去30天里，你是否悲伤到没有什么能让你开心起来？',1,'2026-03-15 02:29:57'),(10,2,10,'过去30天里，你是否感到自己毫无价值？',1,'2026-03-15 02:29:57'),(11,4,1,'过去两周，我感觉心情愉快、精神较好',1,'2026-03-15 02:29:57'),(12,4,2,'过去两周，我感觉平静、放松',1,'2026-03-15 02:29:57'),(13,4,3,'过去两周，我感觉精力充沛、做事有劲头',1,'2026-03-15 02:29:57'),(14,4,4,'过去两周，我起床后感觉休息充分',1,'2026-03-15 02:29:57'),(15,4,5,'过去两周，我的日常生活里有让我感兴趣的事情',1,'2026-03-15 02:29:57'),(16,3,1,'过去两周，做事兴趣下降或提不起劲',1,'2026-03-15 02:29:57'),(17,3,2,'过去两周，情绪低落、沮丧或感到无望',1,'2026-03-15 02:29:57'),(18,3,3,'过去两周，入睡困难、易醒或睡得过多',1,'2026-03-15 02:29:57'),(19,3,4,'过去两周，感到疲惫或缺乏精力',1,'2026-03-15 02:29:57'),(20,3,5,'过去两周，食欲差或吃得过多',1,'2026-03-15 02:29:57'),(21,3,6,'过去两周，对自己评价很差，觉得自己失败或让家人失望',1,'2026-03-15 02:29:57'),(22,3,7,'过去两周，难以集中注意力，如学习或阅读时难专心',1,'2026-03-15 02:29:57'),(23,3,8,'过去两周，动作或说话明显变慢，或坐立不安比平时更明显',1,'2026-03-15 02:29:57'),(24,3,9,'过去两周，出现过伤害自己或认为不如消失的想法',1,'2026-03-15 02:29:57'),(25,1,1,'过去两周，感到紧张、焦虑或神经绷得很紧',1,'2026-03-15 02:29:57'),(26,1,2,'过去两周，无法停止担忧或控制担忧',1,'2026-03-15 02:29:57'),(27,1,3,'过去两周，过度担心各种事情',1,'2026-03-15 02:29:57'),(28,1,4,'过去两周，难以放松下来',1,'2026-03-15 02:29:57'),(29,1,5,'过去两周，坐立不安，难以安静坐着',1,'2026-03-15 02:29:57'),(30,1,6,'过去两周，容易烦躁或被激怒',1,'2026-03-15 02:29:57'),(31,1,7,'过去两周，总担心会有糟糕的事情发生',1,'2026-03-15 02:29:57'),(32,8,1,'焦虑心境',1,'2026-03-24 16:22:00'),(33,8,2,'紧张感',1,'2026-03-24 16:22:00'),(34,8,3,'害怕',1,'2026-03-24 16:22:00'),(35,8,4,'失眠',1,'2026-03-24 16:22:00'),(36,8,5,'认知功能',1,'2026-03-24 16:22:00'),(37,8,6,'抑郁心境',1,'2026-03-24 16:22:00'),(38,8,7,'肌肉系统症状',1,'2026-03-24 16:22:00'),(39,8,8,'感觉系统症状',1,'2026-03-24 16:22:00'),(40,8,9,'心血管症状',1,'2026-03-24 16:22:00'),(41,8,10,'呼吸系统症状',1,'2026-03-24 16:22:00'),(42,8,11,'胃肠道症状',1,'2026-03-24 16:22:00'),(43,8,12,'泌尿生殖症状',1,'2026-03-24 16:22:00'),(44,8,13,'自主神经症状',1,'2026-03-24 16:22:00'),(45,8,14,'会谈行为表现',1,'2026-03-24 16:22:00'),(46,9,1,'焦虑心境',1,'2026-03-24 16:54:14'),(47,9,2,'紧张感',1,'2026-03-24 16:54:14'),(48,9,3,'害怕',1,'2026-03-24 16:54:14'),(49,9,4,'失眠',1,'2026-03-24 16:54:14'),(50,9,5,'认知功能',1,'2026-03-24 16:54:14'),(51,9,6,'抑郁心境',1,'2026-03-24 16:54:14'),(52,9,7,'肌肉系统症状',1,'2026-03-24 16:54:14'),(53,9,8,'感觉系统症状',1,'2026-03-24 16:54:14'),(54,9,9,'心血管症状',1,'2026-03-24 16:54:14'),(55,9,10,'呼吸系统症状',1,'2026-03-24 16:54:14'),(56,9,11,'胃肠道症状',1,'2026-03-24 16:54:14'),(57,9,12,'泌尿生殖症状',1,'2026-03-24 16:54:14'),(58,9,13,'自主神经症状',1,'2026-03-24 16:54:14'),(59,9,14,'会谈行为表现',1,'2026-03-24 16:54:14'),(60,10,1,'焦虑心境',1,'2026-03-24 17:02:40'),(61,10,2,'紧张感',1,'2026-03-24 17:02:40'),(62,10,3,'害怕',1,'2026-03-24 17:02:40'),(63,10,4,'失眠',1,'2026-03-24 17:02:40'),(64,10,5,'认知功能',1,'2026-03-24 17:02:40'),(65,10,6,'抑郁心境',1,'2026-03-24 17:02:40'),(66,10,7,'肌肉系统症状',1,'2026-03-24 17:02:40'),(67,10,8,'感觉系统症状',1,'2026-03-24 17:02:40'),(68,10,9,'心血管症状',1,'2026-03-24 17:02:40'),(69,10,10,'呼吸系统症状',1,'2026-03-24 17:02:40'),(70,10,11,'胃肠道症状',1,'2026-03-24 17:02:40'),(71,10,12,'泌尿生殖症状',1,'2026-03-24 17:02:40'),(72,10,13,'自主神经症状',1,'2026-03-24 17:02:40'),(73,10,14,'会谈行为表现',1,'2026-03-24 17:02:40'),(74,11,1,'过去两周，无法停止担忧或控制担忧',1,'2026-03-24 17:03:11'),(75,11,2,'过去两周，过度担心各种事情',1,'2026-03-24 17:03:11'),(76,11,3,'过去两周，难以放松下来',1,'2026-03-24 17:03:11'),(77,11,4,'过去两周，坐立不安，难以安静坐着',1,'2026-03-24 17:03:11'),(78,11,5,'过去两周，容易烦躁或被激怒',1,'2026-03-24 17:03:11'),(79,11,6,'过去两周，总担心会有糟糕的事情发生',1,'2026-03-24 17:03:11'),(80,12,1,'过去两周，无法停止担忧或控制担忧',1,'2026-03-24 17:04:05'),(81,12,2,'过去两周，过度担心各种事情',1,'2026-03-24 17:04:05'),(82,12,3,'过去两周，难以放松下来',1,'2026-03-24 17:04:05'),(83,12,4,'过去两周，坐立不安，难以安静坐着',1,'2026-03-24 17:04:05'),(84,12,5,'过去两周，容易烦躁或被激怒',1,'2026-03-24 17:04:05'),(85,12,6,'过去两周，总担心会有糟糕的事情发生',1,'2026-03-24 17:04:05'),(86,13,1,'头痛（躯体化）',1,'2026-03-28 10:14:10'),(87,13,2,'神经过敏，心中不踏实（焦虑）',1,'2026-03-28 10:14:10'),(88,13,3,'头脑中有不必要的想法或字句盘旋（强迫症状）',1,'2026-03-28 10:14:10'),(89,13,4,'头昏或昏倒（躯体化）',1,'2026-03-28 10:14:10'),(90,13,5,'对异性的兴趣减退（抑郁）',1,'2026-03-28 10:14:10'),(91,13,6,'对旁人责备求全（人际关系敏感）',1,'2026-03-28 10:14:10'),(92,13,7,'感到别人能控制你的思想（精神病性）',1,'2026-03-28 10:14:10'),(93,13,8,'责怪别人制造麻烦（偏执）',1,'2026-03-28 10:14:10'),(94,13,9,'忘性大（强迫症状）',1,'2026-03-28 10:14:10'),(95,13,10,'担心自己的衣饰整齐及仪态的端正（强迫症状）',1,'2026-03-28 10:14:10'),(96,13,11,'容易烦恼和激动（敌对）',1,'2026-03-28 10:14:10'),(97,13,12,'胸痛（躯体化）',1,'2026-03-28 10:14:10'),(98,13,13,'害怕空旷的场所或街道（恐怖）',1,'2026-03-28 10:14:10'),(99,13,14,'感到自己的精力下降，活动减慢（抑郁）',1,'2026-03-28 10:14:10'),(100,13,15,'想结束自己的生命（抑郁）',1,'2026-03-28 10:14:10'),(101,13,16,'听到旁人听不到的声音（精神病性）',1,'2026-03-28 10:14:10'),(102,13,17,'发抖（焦虑）',1,'2026-03-28 10:14:10'),(103,13,18,'感到大多数人都不可信任（偏执）',1,'2026-03-28 10:14:10'),(104,13,19,'胃口不好（躯体化）',1,'2026-03-28 10:14:10'),(105,13,20,'容易哭泣（抑郁）',1,'2026-03-28 10:14:10'),(106,13,21,'同异性相处时感到害羞不自在（人际关系敏感）',1,'2026-03-28 10:14:10'),(107,13,22,'感到受骗、中了圈套或有人想抓住你（抑郁）',1,'2026-03-28 10:14:10'),(108,13,23,'无缘无故地突然感到害怕（焦虑）',1,'2026-03-28 10:14:10'),(109,13,24,'自己不能控制地大发脾气（敌对）',1,'2026-03-28 10:14:10'),(110,13,25,'怕单独出门（恐怖）',1,'2026-03-28 10:14:10'),(111,13,26,'经常责怪自己（抑郁）',1,'2026-03-28 10:14:10'),(112,13,27,'腰痛（躯体化）',1,'2026-03-28 10:14:10'),(113,13,28,'感到难以完成任务（强迫症状）',1,'2026-03-28 10:14:10'),(114,13,29,'感到孤独（抑郁）',1,'2026-03-28 10:14:10'),(115,13,30,'感到苦闷（抑郁）',1,'2026-03-28 10:14:10'),(116,13,31,'过分担忧（抑郁）',1,'2026-03-28 10:14:10'),(117,13,32,'对事物不感兴趣（抑郁）',1,'2026-03-28 10:14:10'),(118,13,33,'感到害怕（焦虑）',1,'2026-03-28 10:14:10'),(119,13,34,'你的感情容易受到伤害（人际关系敏感）',1,'2026-03-28 10:14:10'),(120,13,35,'旁人能知道你的私下想法（精神病性）',1,'2026-03-28 10:14:10'),(121,13,36,'感到别人不理解你、不同情你（人际关系敏感）',1,'2026-03-28 10:14:10'),(122,13,37,'感到人们对你不友好、不喜欢你（人际关系敏感）',1,'2026-03-28 10:14:10'),(123,13,38,'做事必须做得很慢以保证做得正确（强迫症状）',1,'2026-03-28 10:14:10'),(124,13,39,'心跳得很厉害（焦虑）',1,'2026-03-28 10:14:10'),(125,13,40,'恶心或胃部不舒服（躯体化）',1,'2026-03-28 10:14:10'),(126,13,41,'感到比不上他人（人际关系敏感）',1,'2026-03-28 10:14:10'),(127,13,42,'肌肉酸痛（躯体化）',1,'2026-03-28 10:14:10'),(128,13,43,'感到有人在监视你、谈论你（偏执）',1,'2026-03-28 10:14:10'),(129,13,44,'难以入睡（躯体化）',1,'2026-03-28 10:14:10'),(130,13,45,'做事必须反复检查（强迫症状）',1,'2026-03-28 10:14:10'),(131,13,46,'难以作出决定（强迫症状）',1,'2026-03-28 10:14:10'),(132,13,47,'怕乘电车、公共汽车、地铁或火车（恐怖）',1,'2026-03-28 10:14:10'),(133,13,48,'呼吸有困难（躯体化）',1,'2026-03-28 10:14:10'),(134,13,49,'一阵阵发冷或发热（躯体化）',1,'2026-03-28 10:14:10'),(135,13,50,'因为感到害怕而避开某些东西、场合或活动（恐怖）',1,'2026-03-28 10:14:10'),(136,13,51,'脑子变空了（强迫症状）',1,'2026-03-28 10:14:10'),(137,13,52,'身体发麻或刺痛（躯体化）',1,'2026-03-28 10:14:10'),(138,13,53,'喉咙有梗塞感（躯体化）',1,'2026-03-28 10:14:10'),(139,13,54,'感到前途没有希望（抑郁）',1,'2026-03-28 10:14:10'),(140,13,55,'不能集中注意（强迫症状）',1,'2026-03-28 10:14:10'),(141,13,56,'感到身体的某一部分软弱无力（躯体化）',1,'2026-03-28 10:14:10'),(142,13,57,'感到紧张或容易紧张（焦虑）',1,'2026-03-28 10:14:10'),(143,13,58,'感到手或脚发重（躯体化）',1,'2026-03-28 10:14:10'),(144,13,59,'想到死亡的事（抑郁）',1,'2026-03-28 10:14:10'),(145,13,60,'吃得太多（躯体化）',1,'2026-03-28 10:14:10'),(146,13,61,'当别人看着你或谈论你时感到不自在（人际关系敏感）',1,'2026-03-28 10:14:10'),(147,13,62,'有一些不属于你自己的想法（精神病性）',1,'2026-03-28 10:14:10'),(148,13,63,'有想打人或伤害他人的冲动（敌对）',1,'2026-03-28 10:14:10'),(149,13,64,'醒得太早（躯体化）',1,'2026-03-28 10:14:10'),(150,13,65,'必须反复洗手、点数目或触摸某些东西（强迫症状）',1,'2026-03-28 10:14:10'),(151,13,66,'睡得不稳不深（躯体化）',1,'2026-03-28 10:14:10'),(152,13,67,'有想摔坏或破坏东西的冲动（敌对）',1,'2026-03-28 10:14:10'),(153,13,68,'有一些别人没有的想法或念头（偏执）',1,'2026-03-28 10:14:10'),(154,13,69,'感到对别人神经过敏（人际关系敏感）',1,'2026-03-28 10:14:10'),(155,13,70,'在商店或电影院等人多的地方感到不自在（恐怖）',1,'2026-03-28 10:14:10'),(156,13,71,'感到任何事情都很困难（抑郁）',1,'2026-03-28 10:14:10'),(157,13,72,'一阵阵恐惧或惊恐（焦虑）',1,'2026-03-28 10:14:10'),(158,13,73,'感到在公共场合吃东西很不舒服（人际关系敏感）',1,'2026-03-28 10:14:10'),(159,13,74,'经常与人争论（敌对）',1,'2026-03-28 10:14:10'),(160,13,75,'单独一人时神经很紧张（恐怖）',1,'2026-03-28 10:14:10'),(161,14,1,'头痛（躯体化）',1,'2026-03-28 10:25:10'),(162,14,2,'神经过敏，心中不踏实（焦虑）',1,'2026-03-28 10:25:10'),(163,14,3,'头脑中有不必要的想法或字句盘旋（强迫症状）',1,'2026-03-28 10:25:10'),(164,14,4,'头昏或昏倒（躯体化）',1,'2026-03-28 10:25:10'),(165,14,5,'对异性的兴趣减退（抑郁）',1,'2026-03-28 10:25:10'),(166,14,6,'对旁人责备求全（人际关系敏感）',1,'2026-03-28 10:25:10'),(167,14,7,'感到别人能控制你的思想（精神病性）',1,'2026-03-28 10:25:10'),(168,14,8,'责怪别人制造麻烦（偏执）',1,'2026-03-28 10:25:10'),(169,14,9,'忘性大（强迫症状）',1,'2026-03-28 10:25:10'),(170,14,10,'担心自己的衣饰整齐及仪态的端正（强迫症状）',1,'2026-03-28 10:25:10'),(171,14,11,'容易烦恼和激动（敌对）',1,'2026-03-28 10:25:10'),(172,14,12,'胸痛（躯体化）',1,'2026-03-28 10:25:10'),(173,14,13,'害怕空旷的场所或街道（恐怖）',1,'2026-03-28 10:25:10'),(174,14,14,'感到自己的精力下降，活动减慢（抑郁）',1,'2026-03-28 10:25:10'),(175,14,15,'想结束自己的生命（抑郁）',1,'2026-03-28 10:25:10'),(176,14,16,'听到旁人听不到的声音（精神病性）',1,'2026-03-28 10:25:10'),(177,14,17,'发抖（焦虑）',1,'2026-03-28 10:25:10'),(178,14,18,'感到大多数人都不可信任（偏执）',1,'2026-03-28 10:25:10'),(179,14,19,'胃口不好（躯体化）',1,'2026-03-28 10:25:10'),(180,14,20,'容易哭泣（抑郁）',1,'2026-03-28 10:25:10'),(181,14,21,'同异性相处时感到害羞不自在（人际关系敏感）',1,'2026-03-28 10:25:10'),(182,14,22,'感到受骗、中了圈套或有人想抓住你（抑郁）',1,'2026-03-28 10:25:10'),(183,14,23,'无缘无故地突然感到害怕（焦虑）',1,'2026-03-28 10:25:10'),(184,14,24,'自己不能控制地大发脾气（敌对）',1,'2026-03-28 10:25:10'),(185,14,25,'怕单独出门（恐怖）',1,'2026-03-28 10:25:10'),(186,14,26,'经常责怪自己（抑郁）',1,'2026-03-28 10:25:10'),(187,14,27,'腰痛（躯体化）',1,'2026-03-28 10:25:10'),(188,14,28,'感到难以完成任务（强迫症状）',1,'2026-03-28 10:25:10'),(189,14,29,'感到孤独（抑郁）',1,'2026-03-28 10:25:10'),(190,14,30,'感到苦闷（抑郁）',1,'2026-03-28 10:25:10'),(191,14,31,'过分担忧（抑郁）',1,'2026-03-28 10:25:10'),(192,14,32,'对事物不感兴趣（抑郁）',1,'2026-03-28 10:25:10'),(193,14,33,'感到害怕（焦虑）',1,'2026-03-28 10:25:10'),(194,14,34,'你的感情容易受到伤害（人际关系敏感）',1,'2026-03-28 10:25:10'),(195,14,35,'旁人能知道你的私下想法（精神病性）',1,'2026-03-28 10:25:10'),(196,14,36,'感到别人不理解你、不同情你（人际关系敏感）',1,'2026-03-28 10:25:10'),(197,14,37,'感到人们对你不友好、不喜欢你（人际关系敏感）',1,'2026-03-28 10:25:10'),(198,14,38,'做事必须做得很慢以保证做得正确（强迫症状）',1,'2026-03-28 10:25:10'),(199,14,39,'心跳得很厉害（焦虑）',1,'2026-03-28 10:25:10'),(200,14,40,'恶心或胃部不舒服（躯体化）',1,'2026-03-28 10:25:10'),(201,14,41,'感到比不上他人（人际关系敏感）',1,'2026-03-28 10:25:10'),(202,14,42,'肌肉酸痛（躯体化）',1,'2026-03-28 10:25:10'),(203,14,43,'感到有人在监视你、谈论你（偏执）',1,'2026-03-28 10:25:10'),(204,14,44,'难以入睡（躯体化）',1,'2026-03-28 10:25:10'),(205,14,45,'做事必须反复检查（强迫症状）',1,'2026-03-28 10:25:10'),(206,14,46,'难以作出决定（强迫症状）',1,'2026-03-28 10:25:10'),(207,14,47,'怕乘电车、公共汽车、地铁或火车（恐怖）',1,'2026-03-28 10:25:10'),(208,14,48,'呼吸有困难（躯体化）',1,'2026-03-28 10:25:10'),(209,14,49,'一阵阵发冷或发热（躯体化）',1,'2026-03-28 10:25:10'),(210,14,50,'因为感到害怕而避开某些东西、场合或活动（恐怖）',1,'2026-03-28 10:25:10'),(211,14,51,'脑子变空了（强迫症状）',1,'2026-03-28 10:25:10'),(212,14,52,'身体发麻或刺痛（躯体化）',1,'2026-03-28 10:25:10'),(213,14,53,'喉咙有梗塞感（躯体化）',1,'2026-03-28 10:25:10'),(214,14,54,'感到前途没有希望（抑郁）',1,'2026-03-28 10:25:10'),(215,14,55,'不能集中注意（强迫症状）',1,'2026-03-28 10:25:11'),(216,14,56,'感到身体的某一部分软弱无力（躯体化）',1,'2026-03-28 10:25:11'),(217,14,57,'感到紧张或容易紧张（焦虑）',1,'2026-03-28 10:25:11'),(218,14,58,'感到手或脚发重（躯体化）',1,'2026-03-28 10:25:11'),(219,14,59,'想到死亡的事（抑郁）',1,'2026-03-28 10:25:11'),(220,14,60,'吃得太多（躯体化）',1,'2026-03-28 10:25:11'),(221,14,61,'当别人看着你或谈论你时感到不自在（人际关系敏感）',1,'2026-03-28 10:25:11'),(222,14,62,'有一些不属于你自己的想法（精神病性）',1,'2026-03-28 10:25:11'),(223,14,63,'有想打人或伤害他人的冲动（敌对）',1,'2026-03-28 10:25:11'),(224,14,64,'醒得太早（躯体化）',1,'2026-03-28 10:25:11'),(225,14,65,'必须反复洗手、点数目或触摸某些东西（强迫症状）',1,'2026-03-28 10:25:11'),(226,14,66,'睡得不稳不深（躯体化）',1,'2026-03-28 10:25:11'),(227,14,67,'有想摔坏或破坏东西的冲动（敌对）',1,'2026-03-28 10:25:11'),(228,14,68,'有一些别人没有的想法或念头（偏执）',1,'2026-03-28 10:25:11'),(229,14,69,'感到对别人神经过敏（人际关系敏感）',1,'2026-03-28 10:25:11'),(230,14,70,'在商店或电影院等人多的地方感到不自在（恐怖）',1,'2026-03-28 10:25:11'),(231,14,71,'感到任何事情都很困难（抑郁）',1,'2026-03-28 10:25:11'),(232,14,72,'一阵阵恐惧或惊恐（焦虑）',1,'2026-03-28 10:25:11'),(233,14,73,'感到在公共场合吃东西很不舒服（人际关系敏感）',1,'2026-03-28 10:25:11'),(234,14,74,'经常与人争论（敌对）',1,'2026-03-28 10:25:11'),(235,14,75,'单独一人时神经很紧张（恐怖）',1,'2026-03-28 10:25:11'),(236,15,1,'焦虑心境',1,'2026-03-28 11:44:15'),(237,15,2,'紧张感',1,'2026-03-28 11:44:15'),(238,15,3,'害怕',1,'2026-03-28 11:44:15'),(239,15,4,'失眠',1,'2026-03-28 11:44:15'),(240,15,5,'认知功能',1,'2026-03-28 11:44:15'),(241,15,6,'抑郁心境',1,'2026-03-28 11:44:15'),(242,15,7,'肌肉系统症状',1,'2026-03-28 11:44:15'),(243,15,8,'感觉系统症状',1,'2026-03-28 11:44:15'),(244,15,9,'心血管症状',1,'2026-03-28 11:44:15'),(245,15,10,'呼吸系统症状',1,'2026-03-28 11:44:15'),(246,15,11,'胃肠道症状',1,'2026-03-28 11:44:15'),(247,15,12,'泌尿生殖症状',1,'2026-03-28 11:44:15'),(248,15,13,'自主神经症状',1,'2026-03-28 11:44:15'),(249,15,14,'会谈行为表现',1,'2026-03-28 11:44:15'),(250,16,1,'紧张感',1,'2026-03-28 11:51:20'),(251,16,2,'害怕',1,'2026-03-28 11:51:20'),(252,16,3,'失眠',1,'2026-03-28 11:51:20'),(253,16,4,'认知功能',1,'2026-03-28 11:51:20'),(254,16,5,'抑郁心境',1,'2026-03-28 11:51:20'),(255,16,6,'肌肉系统症状',1,'2026-03-28 11:51:20'),(256,16,7,'感觉系统症状',1,'2026-03-28 11:51:20'),(257,16,8,'心血管症状',1,'2026-03-28 11:51:20'),(258,16,9,'呼吸系统症状',1,'2026-03-28 11:51:20'),(259,16,10,'胃肠道症状',1,'2026-03-28 11:51:20'),(260,16,11,'泌尿生殖症状',1,'2026-03-28 11:51:20'),(261,16,12,'自主神经症状',1,'2026-03-28 11:51:20'),(262,16,13,'会谈行为表现',1,'2026-03-28 11:51:20'),(263,17,1,'抑郁情绪',1,'2026-04-01 09:56:15'),(264,17,2,'有罪感',1,'2026-04-01 09:56:15'),(265,17,3,'自杀',1,'2026-04-01 09:56:15'),(266,17,4,'入睡困难',1,'2026-04-01 09:56:15'),(267,17,5,'睡眠不深',1,'2026-04-01 09:56:15'),(268,17,6,'早醒',1,'2026-04-01 09:56:15'),(269,17,7,'工作与兴趣',1,'2026-04-01 09:56:15'),(270,17,8,'迟缓（思维/言语/动作）',1,'2026-04-01 09:56:15'),(271,17,9,'激越',1,'2026-04-01 09:56:15'),(272,17,10,'精神性焦虑',1,'2026-04-01 09:56:15'),(273,17,11,'躯体性焦虑（胃肠道）',1,'2026-04-01 09:56:15'),(274,17,12,'躯体性焦虑（心/肺）',1,'2026-04-01 09:56:15'),(275,17,13,'胃肠道症状',1,'2026-04-01 09:56:15'),(276,17,14,'全身躯体症状',1,'2026-04-01 09:56:15'),(277,17,15,'性症状',1,'2026-04-01 09:56:15'),(278,17,16,'疑病',1,'2026-04-01 09:56:15'),(279,17,17,'体重减轻',1,'2026-04-01 09:56:15'),(280,17,18,'自知力',1,'2026-04-01 09:56:15'),(281,17,19,'日夜变化（晨重）',1,'2026-04-01 09:56:15'),(282,17,20,'日夜变化（晚重）',1,'2026-04-01 09:56:15'),(283,17,21,'人格或现实解体',1,'2026-04-01 09:56:15'),(284,17,22,'偏执症状',1,'2026-04-01 09:56:15'),(285,17,23,'强迫症状',1,'2026-04-01 09:56:15'),(286,17,24,'能力减退感',1,'2026-04-01 09:56:15'),(287,18,1,'抑郁情绪',1,'2026-04-01 10:43:33'),(288,18,2,'有罪感',1,'2026-04-01 10:43:33'),(289,18,3,'自杀',1,'2026-04-01 10:43:33'),(290,18,4,'入睡困难',1,'2026-04-01 10:43:33'),(291,18,5,'睡眠不深',1,'2026-04-01 10:43:33'),(292,18,6,'早醒',1,'2026-04-01 10:43:33'),(293,18,7,'工作与兴趣',1,'2026-04-01 10:43:33'),(294,18,8,'迟缓（思维/言语/动作）',1,'2026-04-01 10:43:33'),(295,18,9,'激越',1,'2026-04-01 10:43:33'),(296,18,10,'精神性焦虑',1,'2026-04-01 10:43:33'),(297,18,11,'躯体性焦虑（胃肠道）',1,'2026-04-01 10:43:33'),(298,18,12,'躯体性焦虑（心/肺）',1,'2026-04-01 10:43:33'),(299,18,13,'胃肠道症状',1,'2026-04-01 10:43:33'),(300,18,14,'全身躯体症状',1,'2026-04-01 10:43:33'),(301,18,15,'性症状',1,'2026-04-01 10:43:33'),(302,18,16,'疑病',1,'2026-04-01 10:43:33'),(303,18,17,'体重减轻',1,'2026-04-01 10:43:33'),(304,18,18,'自知力',1,'2026-04-01 10:43:33'),(305,18,19,'日夜变化（晨重）',1,'2026-04-01 10:43:33'),(306,18,20,'日夜变化（晚重）',1,'2026-04-01 10:43:33'),(307,18,21,'人格或现实解体',1,'2026-04-01 10:43:33'),(308,18,22,'偏执症状',1,'2026-04-01 10:43:33'),(309,18,23,'强迫症状',1,'2026-04-01 10:43:33'),(310,18,24,'能力减退感',1,'2026-04-01 10:43:33'),(311,19,1,'抑郁情绪',1,'2026-04-01 10:56:49'),(312,19,2,'有罪感',1,'2026-04-01 10:56:49'),(313,19,3,'自杀',1,'2026-04-01 10:56:49'),(314,19,4,'入睡困难',1,'2026-04-01 10:56:49'),(315,19,5,'睡眠不深',1,'2026-04-01 10:56:49'),(316,19,6,'早醒',1,'2026-04-01 10:56:49'),(317,19,7,'工作与兴趣',1,'2026-04-01 10:56:49'),(318,19,8,'迟缓（思维/言语/动作）',1,'2026-04-01 10:56:49'),(319,19,9,'激越',1,'2026-04-01 10:56:49'),(320,19,10,'精神性焦虑',1,'2026-04-01 10:56:49'),(321,19,11,'躯体性焦虑（胃肠道）',1,'2026-04-01 10:56:49'),(322,19,12,'躯体性焦虑（心/肺）',1,'2026-04-01 10:56:49'),(323,19,13,'胃肠道症状',1,'2026-04-01 10:56:49'),(324,19,14,'全身躯体症状',1,'2026-04-01 10:56:49'),(325,19,15,'性症状',1,'2026-04-01 10:56:49'),(326,19,16,'疑病',1,'2026-04-01 10:56:49'),(327,19,17,'体重减轻',1,'2026-04-01 10:56:49'),(328,19,18,'自知力',1,'2026-04-01 10:56:49'),(329,19,19,'日夜变化（晨重）',1,'2026-04-01 10:56:49'),(330,19,20,'日夜变化（晚重）',1,'2026-04-01 10:56:49'),(331,19,21,'人格或现实解体',1,'2026-04-01 10:56:49'),(332,19,22,'偏执症状',1,'2026-04-01 10:56:49'),(333,19,23,'强迫症状',1,'2026-04-01 10:56:49'),(334,19,24,'能力减退感',1,'2026-04-01 10:56:49'),(335,20,1,'抑郁情绪',1,'2026-04-01 10:57:52'),(336,20,2,'有罪感',1,'2026-04-01 10:57:52'),(337,20,3,'自杀',1,'2026-04-01 10:57:52'),(338,20,4,'入睡困难',1,'2026-04-01 10:57:52'),(339,20,5,'睡眠不深',1,'2026-04-01 10:57:52'),(340,20,6,'早醒',1,'2026-04-01 10:57:52'),(341,20,7,'工作与兴趣',1,'2026-04-01 10:57:52'),(342,20,8,'迟缓（思维/言语/动作）',1,'2026-04-01 10:57:52'),(343,20,9,'激越',1,'2026-04-01 10:57:52'),(344,20,10,'精神性焦虑',1,'2026-04-01 10:57:52'),(345,20,11,'躯体性焦虑（胃肠道）',1,'2026-04-01 10:57:52'),(346,20,12,'躯体性焦虑（心/肺）',1,'2026-04-01 10:57:52'),(347,20,13,'胃肠道症状',1,'2026-04-01 10:57:52'),(348,20,14,'全身躯体症状',1,'2026-04-01 10:57:52'),(349,20,15,'性症状',1,'2026-04-01 10:57:52'),(350,20,16,'疑病',1,'2026-04-01 10:57:52'),(351,20,17,'体重减轻',1,'2026-04-01 10:57:52'),(352,20,18,'自知力',1,'2026-04-01 10:57:52'),(353,20,19,'日夜变化（晨重）',1,'2026-04-01 10:57:52'),(354,20,20,'日夜变化（晚重）',1,'2026-04-01 10:57:52'),(355,20,21,'人格或现实解体',1,'2026-04-01 10:57:52'),(356,20,22,'偏执症状',1,'2026-04-01 10:57:52'),(357,20,23,'强迫症状',1,'2026-04-01 10:57:52'),(358,20,24,'能力减退感',1,'2026-04-01 10:57:52'),(359,21,1,'抑郁情绪',1,'2026-04-01 11:13:03'),(360,21,2,'有罪感',1,'2026-04-01 11:13:03'),(361,21,3,'自杀',1,'2026-04-01 11:13:03'),(362,21,4,'入睡困难',1,'2026-04-01 11:13:03'),(363,21,5,'睡眠不深',1,'2026-04-01 11:13:03'),(364,21,6,'早醒',1,'2026-04-01 11:13:03'),(365,21,7,'工作与兴趣',1,'2026-04-01 11:13:03'),(366,21,8,'迟缓（思维/言语/动作）',1,'2026-04-01 11:13:03'),(367,21,9,'激越',1,'2026-04-01 11:13:03'),(368,21,10,'精神性焦虑',1,'2026-04-01 11:13:03'),(369,21,11,'躯体性焦虑（胃肠道）',1,'2026-04-01 11:13:03'),(370,21,12,'躯体性焦虑（心/肺）',1,'2026-04-01 11:13:03'),(371,21,13,'胃肠道症状',1,'2026-04-01 11:13:03'),(372,21,14,'全身躯体症状',1,'2026-04-01 11:13:03'),(373,21,15,'性症状',1,'2026-04-01 11:13:03'),(374,21,16,'疑病',1,'2026-04-01 11:13:03'),(375,21,17,'体重减轻',1,'2026-04-01 11:13:03'),(376,21,18,'自知力',1,'2026-04-01 11:13:03'),(377,21,19,'日夜变化（晨重）',1,'2026-04-01 11:13:03'),(378,21,20,'日夜变化（晚重）',1,'2026-04-01 11:13:03'),(379,21,21,'人格或现实解体',1,'2026-04-01 11:13:03'),(380,21,22,'偏执症状',1,'2026-04-01 11:13:03'),(381,21,23,'强迫症状',1,'2026-04-01 11:13:03'),(382,21,24,'能力减退感',1,'2026-04-01 11:13:03'),(383,22,1,'头痛（躯体化）',1,'2026-04-06 18:22:08'),(384,22,2,'神经过敏，心中不踏实（焦虑）',1,'2026-04-06 18:22:08'),(385,22,3,'头脑中有不必要的想法或字句盘旋（强迫症状）',1,'2026-04-06 18:22:08'),(386,22,4,'头昏或昏倒（躯体化）',1,'2026-04-06 18:22:08'),(387,22,5,'对异性的兴趣减退（抑郁）',1,'2026-04-06 18:22:08'),(388,22,6,'对旁人责备求全（人际关系敏感）',1,'2026-04-06 18:22:08'),(389,22,7,'感到别人能控制你的思想（精神病性）',1,'2026-04-06 18:22:08'),(390,22,8,'责怪别人制造麻烦（偏执）',1,'2026-04-06 18:22:08'),(391,22,9,'忘性大（强迫症状）',1,'2026-04-06 18:22:08'),(392,22,10,'担心自己的衣饰整齐及仪态的端正（强迫症状）',1,'2026-04-06 18:22:08'),(393,22,11,'容易烦恼和激动（敌对）',1,'2026-04-06 18:22:08'),(394,22,12,'胸痛（躯体化）',1,'2026-04-06 18:22:08'),(395,22,13,'害怕空旷的场所或街道（恐怖）',1,'2026-04-06 18:22:08'),(396,22,14,'感到自己的精力下降，活动减慢（抑郁）',1,'2026-04-06 18:22:08'),(397,22,15,'想结束自己的生命（抑郁）',1,'2026-04-06 18:22:08'),(398,22,16,'听到旁人听不到的声音（精神病性）',1,'2026-04-06 18:22:08'),(399,22,17,'发抖（焦虑）',1,'2026-04-06 18:22:08'),(400,22,18,'感到大多数人都不可信任（偏执）',1,'2026-04-06 18:22:08'),(401,22,19,'胃口不好（躯体化）',1,'2026-04-06 18:22:08'),(402,22,20,'容易哭泣（抑郁）',1,'2026-04-06 18:22:08'),(403,22,21,'同异性相处时感到害羞不自在（人际关系敏感）',1,'2026-04-06 18:22:08'),(404,22,22,'感到受骗、中了圈套或有人想抓住你（抑郁）',1,'2026-04-06 18:22:08'),(405,22,23,'无缘无故地突然感到害怕（焦虑）',1,'2026-04-06 18:22:08'),(406,22,24,'自己不能控制地大发脾气（敌对）',1,'2026-04-06 18:22:08'),(407,22,25,'怕单独出门（恐怖）',1,'2026-04-06 18:22:08'),(408,22,26,'经常责怪自己（抑郁）',1,'2026-04-06 18:22:08'),(409,22,27,'腰痛（躯体化）',1,'2026-04-06 18:22:08'),(410,22,28,'感到难以完成任务（强迫症状）',1,'2026-04-06 18:22:08'),(411,22,29,'感到孤独（抑郁）',1,'2026-04-06 18:22:08'),(412,22,30,'感到苦闷（抑郁）',1,'2026-04-06 18:22:08'),(413,22,31,'过分担忧（抑郁）',1,'2026-04-06 18:22:08'),(414,22,32,'对事物不感兴趣（抑郁）',1,'2026-04-06 18:22:08'),(415,22,33,'感到害怕（焦虑）',1,'2026-04-06 18:22:08'),(416,22,34,'你的感情容易受到伤害（人际关系敏感）',1,'2026-04-06 18:22:08'),(417,22,35,'旁人能知道你的私下想法（精神病性）',1,'2026-04-06 18:22:08'),(418,22,36,'感到别人不理解你、不同情你（人际关系敏感）',1,'2026-04-06 18:22:08'),(419,22,37,'感到人们对你不友好、不喜欢你（人际关系敏感）',1,'2026-04-06 18:22:08'),(420,22,38,'做事必须做得很慢以保证做得正确（强迫症状）',1,'2026-04-06 18:22:08'),(421,22,39,'心跳得很厉害（焦虑）',1,'2026-04-06 18:22:08'),(422,22,40,'恶心或胃部不舒服（躯体化）',1,'2026-04-06 18:22:08'),(423,22,41,'感到比不上他人（人际关系敏感）',1,'2026-04-06 18:22:08'),(424,22,42,'肌肉酸痛（躯体化）',1,'2026-04-06 18:22:08'),(425,22,43,'感到有人在监视你、谈论你（偏执）',1,'2026-04-06 18:22:08'),(426,22,44,'难以入睡（躯体化）',1,'2026-04-06 18:22:08'),(427,22,45,'做事必须反复检查（强迫症状）',1,'2026-04-06 18:22:08'),(428,22,46,'难以作出决定（强迫症状）',1,'2026-04-06 18:22:08'),(429,22,47,'怕乘电车、公共汽车、地铁或火车（恐怖）',1,'2026-04-06 18:22:08'),(430,22,48,'呼吸有困难（躯体化）',1,'2026-04-06 18:22:08'),(431,22,49,'一阵阵发冷或发热（躯体化）',1,'2026-04-06 18:22:08'),(432,22,50,'因为感到害怕而避开某些东西、场合或活动（恐怖）',1,'2026-04-06 18:22:08'),(433,22,51,'脑子变空了（强迫症状）',1,'2026-04-06 18:22:08'),(434,22,52,'身体发麻或刺痛（躯体化）',1,'2026-04-06 18:22:08'),(435,22,53,'喉咙有梗塞感（躯体化）',1,'2026-04-06 18:22:08'),(436,22,54,'感到前途没有希望（抑郁）',1,'2026-04-06 18:22:08'),(437,22,55,'不能集中注意（强迫症状）',1,'2026-04-06 18:22:08'),(438,22,56,'感到身体的某一部分软弱无力（躯体化）',1,'2026-04-06 18:22:08'),(439,22,57,'感到紧张或容易紧张（焦虑）',1,'2026-04-06 18:22:08'),(440,22,58,'感到手或脚发重（躯体化）',1,'2026-04-06 18:22:08'),(441,22,59,'想到死亡的事（抑郁）',1,'2026-04-06 18:22:08'),(442,22,60,'吃得太多（躯体化）',1,'2026-04-06 18:22:08'),(443,22,61,'当别人看着你或谈论你时感到不自在（人际关系敏感）',1,'2026-04-06 18:22:08'),(444,22,62,'有一些不属于你自己的想法（精神病性）',1,'2026-04-06 18:22:08'),(445,22,63,'有想打人或伤害他人的冲动（敌对）',1,'2026-04-06 18:22:08'),(446,22,64,'醒得太早（躯体化）',1,'2026-04-06 18:22:08'),(447,22,65,'必须反复洗手、点数目或触摸某些东西（强迫症状）',1,'2026-04-06 18:22:08'),(448,22,66,'睡得不稳不深（躯体化）',1,'2026-04-06 18:22:08'),(449,22,67,'有想摔坏或破坏东西的冲动（敌对）',1,'2026-04-06 18:22:08'),(450,22,68,'有一些别人没有的想法或念头（偏执）',1,'2026-04-06 18:22:08'),(451,22,69,'感到对别人神经过敏（人际关系敏感）',1,'2026-04-06 18:22:08'),(452,22,70,'在商店或电影院等人多的地方感到不自在（恐怖）',1,'2026-04-06 18:22:08'),(453,22,71,'感到任何事情都很困难（抑郁）',1,'2026-04-06 18:22:08'),(454,22,72,'一阵阵恐惧或惊恐（焦虑）',1,'2026-04-06 18:22:08'),(455,22,73,'感到在公共场合吃东西很不舒服（人际关系敏感）',1,'2026-04-06 18:22:08'),(456,22,74,'经常与人争论（敌对）',1,'2026-04-06 18:22:08'),(457,22,75,'单独一人时神经很紧张（恐怖）',1,'2026-04-06 18:22:08');
/*!40000 ALTER TABLE `assessment_version_question` ENABLE KEYS */;
UNLOCK TABLES;

--
-- Table structure for table `assessment_version_rule`
--

DROP TABLE IF EXISTS `assessment_version_rule`;
/*!40101 SET @saved_cs_client     = @@character_set_client */;
/*!50503 SET character_set_client = utf8mb4 */;
CREATE TABLE `assessment_version_rule` (
  `id` bigint NOT NULL AUTO_INCREMENT,
  `version_id` bigint NOT NULL COMMENT '版本ID',
  `min_score` int NOT NULL COMMENT '最小分',
  `max_score` int NOT NULL COMMENT '最大分',
  `result_level` varchar(50) CHARACTER SET utf8mb4 COLLATE utf8mb4_unicode_ci NOT NULL COMMENT '结果等级',
  `result_summary` varchar(255) CHARACTER SET utf8mb4 COLLATE utf8mb4_unicode_ci NOT NULL COMMENT '结果说明',
  `suggestion` varchar(500) CHARACTER SET utf8mb4 COLLATE utf8mb4_unicode_ci DEFAULT NULL COMMENT '建议',
  `created_at` datetime DEFAULT CURRENT_TIMESTAMP,
  PRIMARY KEY (`id`),
  KEY `idx_version_rule_version_id` (`version_id`),
  CONSTRAINT `fk_version_rule_version` FOREIGN KEY (`version_id`) REFERENCES `assessment_scale_version` (`id`)
) ENGINE=InnoDB AUTO_INCREMENT=82 DEFAULT CHARSET=utf8mb4 COLLATE=utf8mb4_unicode_ci COMMENT='量表版本判定规则表';
/*!40101 SET character_set_client = @saved_cs_client */;

--
-- Dumping data for table `assessment_version_rule`
--

LOCK TABLES `assessment_version_rule` WRITE;
/*!40000 ALTER TABLE `assessment_version_rule` DISABLE KEYS */;
INSERT INTO `assessment_version_rule` VALUES (1,2,10,15,'低','心理困扰水平较低','建议保持当前状态','2026-03-15 02:29:57'),(2,2,16,21,'中等','存在一定心理困扰','建议关注近期压力事件，必要时复测','2026-03-15 02:29:57'),(3,2,22,29,'高','心理困扰水平较高','建议预约心理咨询','2026-03-15 02:29:57'),(4,2,30,50,'很高','心理困扰水平很高','建议尽快寻求专业帮助','2026-03-15 02:29:57'),(5,4,0,12,'较差','当前幸福感偏低，建议进一步评估情绪状态','建议继续做 PHQ-9 或联系心理老师','2026-03-15 02:29:57'),(6,4,13,25,'正常','当前幸福感总体正常','建议保持规律作息并定期复测','2026-03-15 02:29:57'),(7,3,0,4,'无或极轻','当前抑郁症状较少','建议保持规律生活并持续关注情绪变化','2026-03-15 02:29:57'),(8,3,5,9,'轻度','存在轻度抑郁倾向','建议一到两周后复测，并关注睡眠与压力','2026-03-15 02:29:57'),(9,3,10,14,'中度','存在中度抑郁风险','建议预约心理咨询或联系辅导员','2026-03-15 02:29:57'),(10,3,15,19,'中重度','抑郁风险较高','建议尽快进行专业心理评估','2026-03-15 02:29:57'),(11,3,20,27,'重度','抑郁风险高','建议尽快联系专业心理老师或医疗机构','2026-03-15 02:29:57'),(12,1,0,4,'无或极轻','当前焦虑症状较少','建议保持稳定作息和运动','2026-03-15 02:29:57'),(13,1,5,9,'轻度','存在轻度焦虑倾向','建议关注压力来源并进行自我调节','2026-03-15 02:29:57'),(14,1,10,14,'中度','存在中度焦虑风险','建议进一步咨询心理老师','2026-03-15 02:29:57'),(15,1,15,21,'重度','焦虑风险较高','建议尽快接受专业评估','2026-03-15 02:29:57'),(16,8,0,6,'无焦虑','当前无明显焦虑症状','建议保持稳定作息和运动，持续关注情绪状态','2026-03-24 16:22:00'),(17,8,7,13,'可能轻度焦虑','存在轻度焦虑倾向','建议关注压力来源，进行自我调节，定期复测','2026-03-24 16:22:00'),(18,8,14,20,'轻度焦虑','存在轻度焦虑风险','建议进一步咨询心理老师，学习情绪调节方法','2026-03-24 16:22:00'),(19,8,21,28,'中度焦虑','存在中度焦虑风险','建议预约专业心理咨询，接受系统干预','2026-03-24 16:22:00'),(20,8,29,56,'重度焦虑','焦虑风险极高','建议尽快接受专业心理评估与临床干预','2026-03-24 16:22:00'),(21,9,0,6,'无焦虑','当前无明显焦虑症状','建议保持稳定作息和运动，持续关注情绪状态','2026-03-24 16:54:14'),(22,9,7,13,'可能轻度焦虑','存在轻度焦虑倾向','建议关注压力来源，进行自我调节，定期复测','2026-03-24 16:54:14'),(23,9,14,20,'轻度焦虑','存在轻度焦虑风险','建议进一步咨询心理老师，学习情绪调节方法','2026-03-24 16:54:14'),(24,9,21,28,'中度焦虑','存在中度焦虑风险','建议预约专业心理咨询，接受系统干预','2026-03-24 16:54:14'),(25,9,29,56,'重度焦虑','焦虑风险极高','建议尽快接受专业心理评估与临床干预','2026-03-24 16:54:14'),(26,10,0,6,'无焦虑','当前无明显焦虑症状','建议保持稳定作息和运动，持续关注情绪状态','2026-03-24 17:02:40'),(27,10,7,13,'可能轻度焦虑','存在轻度焦虑倾向','建议关注压力来源，进行自我调节，定期复测','2026-03-24 17:02:40'),(28,10,14,20,'轻度焦虑','存在轻度焦虑风险','建议进一步咨询心理老师，学习情绪调节方法','2026-03-24 17:02:40'),(29,10,21,28,'中度焦虑','存在中度焦虑风险','建议预约专业心理咨询，接受系统干预','2026-03-24 17:02:40'),(30,10,29,56,'重度焦虑','焦虑风险极高','建议尽快接受专业心理评估与临床干预','2026-03-24 17:02:40'),(31,11,0,4,'无或极轻','当前焦虑症状较少','建议保持稳定作息和运动','2026-03-24 17:03:11'),(32,11,5,9,'轻度','存在轻度焦虑倾向','建议关注压力来源并进行自我调节','2026-03-24 17:03:11'),(33,11,10,14,'中度','存在中度焦虑风险','建议进一步咨询心理老师','2026-03-24 17:03:11'),(34,11,15,21,'重度','焦虑风险较高','建议尽快接受专业评估','2026-03-24 17:03:11'),(35,12,0,3,'无或极轻','当前焦虑症状较少','建议保持稳定作息和运动','2026-03-24 17:04:05'),(36,12,4,8,'轻度','存在轻度焦虑倾向','建议关注压力来源并进行自我调节','2026-03-24 17:04:05'),(37,12,11,13,'中度','存在中度焦虑风险','建议进一步咨询心理老师','2026-03-24 17:04:05'),(38,12,14,22,'重度','焦虑风险较高','建议尽快接受专业评估','2026-03-24 17:04:05'),(39,13,0,75,'无抑郁','最近一周无明显心理症状，心理状态良好，无需特殊干预','建议保持规律作息与良好心态，定期复测','2026-03-28 10:14:10'),(40,13,76,150,'轻度症状','存在轻微心理症状，对日常生活、工作影响较小，可通过自我调节改善','建议关注情绪变化，1-2 周后复测，必要时自我调节','2026-03-28 10:14:10'),(41,13,151,225,'中度症状','心理症状较明显，可能影响人际社交与日常状态，建议寻求专业咨询','建议预约心理咨询或联系学校心理辅导员','2026-03-28 10:14:10'),(42,13,226,300,'重度症状','心理症状严重，显著影响生活、工作及社交功能，需及时进行专业干预','建议尽快联系专业心理老师或精神科医生，接受专业干预','2026-03-28 10:14:10'),(43,14,0,75,'无抑郁','最近一周无明显心理症状，心理状态良好，无需特殊干预','建议保持规律作息与良好心态，定期复测','2026-03-28 10:25:11'),(44,14,76,150,'轻度症状','存在轻微心理症状，对日常生活、工作影响较小，可通过自我调节改善','建议关注情绪变化，1-2 周后复测，必要时自我调节','2026-03-28 10:25:11'),(45,14,151,225,'中度症状','心理症状较明显，可能影响人际社交与日常状态，建议寻求专业咨询','建议预约心理咨询或联系学校心理辅导员','2026-03-28 10:25:11'),(46,14,226,300,'重度症状','心理症状严重，显著影响生活、工作及社交功能，需及时进行专业干预','建议尽快联系专业心理老师或精神科医生，接受专业干预','2026-03-28 10:25:11'),(47,15,0,6,'无焦虑','当前无明显焦虑症状','建议保持稳定作息和运动，持续关注情绪状态','2026-03-28 11:44:15'),(48,15,7,13,'可能轻度焦虑','存在轻度焦虑倾向','建议关注压力来源，进行自我调节，定期复测','2026-03-28 11:44:15'),(49,15,14,20,'轻度焦虑','存在轻度焦虑风险','建议进一步咨询心理老师，学习情绪调节方法','2026-03-28 11:44:15'),(50,15,21,28,'中度焦虑','存在中度焦虑风险','建议预约专业心理咨询，接受系统干预','2026-03-28 11:44:15'),(51,15,29,56,'重度焦虑','焦虑风险极高','建议尽快接受专业心理评估与临床干预','2026-03-28 11:44:15'),(52,16,0,6,'无焦虑','当前无明显焦虑症状','建议保持稳定作息和运动，持续关注情绪状态','2026-03-28 11:51:20'),(53,16,7,13,'可能轻度焦虑','存在轻度焦虑倾向','建议关注压力来源，进行自我调节，定期复测','2026-03-28 11:51:20'),(54,16,14,20,'轻度焦虑','存在轻度焦虑风险','建议进一步咨询心理老师，学习情绪调节方法','2026-03-28 11:51:20'),(55,16,21,28,'中度焦虑','存在中度焦虑风险','建议预约专业心理咨询，接受系统干预','2026-03-28 11:51:20'),(56,16,29,56,'重度焦虑','焦虑风险极高','建议尽快接受专业心理评估与临床干预','2026-03-28 11:51:20'),(57,17,0,75,'无抑郁','最近一周无明显心理症状，心理状态良好，无需特殊干预','建议保持规律作息与良好心态，定期复测','2026-04-01 09:56:15'),(58,17,76,150,'轻度症状','存在轻微心理症状，对日常生活、工作影响较小，可通过自我调节改善','建议关注情绪变化，1-2 周后复测，必要时自我调节','2026-04-01 09:56:15'),(59,17,151,225,'中度症状','心理症状较明显，可能影响人际社交与日常状态，建议寻求专业咨询','建议预约心理咨询或联系学校心理辅导员','2026-04-01 09:56:15'),(60,17,226,300,'重度症状','心理症状严重，显著影响生活、工作及社交功能，需及时进行专业干预','建议尽快联系专业心理老师或精神科医生，接受专业干预','2026-04-01 09:56:15'),(61,18,0,75,'无抑郁','最近一周无明显心理症状，心理状态良好，无需特殊干预','建议保持规律作息与良好心态，定期复测','2026-04-01 10:43:33'),(62,18,76,150,'轻度症状','存在轻微心理症状，对日常生活、工作影响较小，可通过自我调节改善','建议关注情绪变化，1-2 周后复测，必要时自我调节','2026-04-01 10:43:33'),(63,18,151,225,'中度症状','心理症状较明显，可能影响人际社交与日常状态，建议寻求专业咨询','建议预约心理咨询或联系学校心理辅导员','2026-04-01 10:43:33'),(64,18,226,300,'重度症状','心理症状严重，显著影响生活、工作及社交功能，需及时进行专业干预','建议尽快联系专业心理老师或精神科医生，接受专业干预','2026-04-01 10:43:33'),(65,19,0,75,'无抑郁','最近一周无明显心理症状，心理状态良好，无需特殊干预','建议保持规律作息与良好心态，定期复测','2026-04-01 10:56:49'),(66,19,76,150,'轻度症状','存在轻微心理症状，对日常生活、工作影响较小，可通过自我调节改善','建议关注情绪变化，1-2 周后复测，必要时自我调节','2026-04-01 10:56:49'),(67,19,151,225,'中度症状','心理症状较明显，可能影响人际社交与日常状态，建议寻求专业咨询','建议预约心理咨询或联系学校心理辅导员','2026-04-01 10:56:49'),(68,19,226,300,'重度症状','心理症状严重，显著影响生活、工作及社交功能，需及时进行专业干预','建议尽快联系专业心理老师或精神科医生，接受专业干预','2026-04-01 10:56:49'),(69,20,0,75,'无抑郁','最近一周无明显心理症状，心理状态良好，无需特殊干预','建议保持规律作息与良好心态，定期复测','2026-04-01 10:57:52'),(70,20,76,150,'轻度症状','存在轻微心理症状，对日常生活、工作影响较小，可通过自我调节改善','建议关注情绪变化，1-2 周后复测，必要时自我调节','2026-04-01 10:57:52'),(71,20,151,225,'中度症状','心理症状较明显，可能影响人际社交与日常状态，建议寻求专业咨询','建议预约心理咨询或联系学校心理辅导员','2026-04-01 10:57:52'),(72,20,226,300,'重度症状','心理症状严重，显著影响生活、工作及社交功能，需及时进行专业干预','建议尽快联系专业心理老师或精神科医生，接受专业干预','2026-04-01 10:57:52'),(73,21,0,6,'无焦虑','当前无明显焦虑症状','建议保持稳定作息和运动，持续关注情绪状态','2026-04-01 11:13:03'),(74,21,7,13,'可能轻度焦虑','存在轻度焦虑倾向','建议关注压力来源，进行自我调节，定期复测','2026-04-01 11:13:03'),(75,21,14,20,'轻度焦虑','存在轻度焦虑风险','建议进一步咨询心理老师，学习情绪调节方法','2026-04-01 11:13:03'),(76,21,21,28,'中度焦虑','存在中度焦虑风险','建议预约专业心理咨询，接受系统干预','2026-04-01 11:13:03'),(77,21,29,56,'重度焦虑','焦虑风险极高','建议尽快接受专业心理评估与临床干预','2026-04-01 11:13:03'),(78,22,0,75,'无抑郁','最近一周无明显心理症状，心理状态良好，无需特殊干预','建议保持规律作息与良好心态，定期复测','2026-04-06 18:22:08'),(79,22,76,150,'轻度症状','存在轻微心理症状，对日常生活、工作影响较小，可通过自我调节改善','建议关注情绪变化，1-2 周后复测，必要时自我调节','2026-04-06 18:22:08'),(80,22,151,225,'中度症状','心理症状较明显，可能影响人际社交与日常状态，建议寻求专业咨询','建议预约心理咨询或联系学校心理辅导员','2026-04-06 18:22:08'),(81,22,226,300,'重度症状','心理症状严重，显著影响生活、工作及社交功能，需及时进行专业干预','建议尽快联系专业心理老师或精神科医生，接受专业干预','2026-04-06 18:22:08');
/*!40000 ALTER TABLE `assessment_version_rule` ENABLE KEYS */;
UNLOCK TABLES;

--
-- Table structure for table `counselor`
--

DROP TABLE IF EXISTS `counselor`;
/*!40101 SET @saved_cs_client     = @@character_set_client */;
/*!50503 SET character_set_client = utf8mb4 */;
CREATE TABLE `counselor` (
  `account` varchar(50) CHARACTER SET utf8mb4 COLLATE utf8mb4_unicode_ci NOT NULL COMMENT '账号',
  `name` varchar(50) CHARACTER SET utf8mb4 COLLATE utf8mb4_unicode_ci NOT NULL DEFAULT '' COMMENT '辅导员姓名',
  `password` varchar(255) CHARACTER SET utf8mb4 COLLATE utf8mb4_unicode_ci NOT NULL COMMENT '密码',
  `college` varchar(100) CHARACTER SET utf8mb4 COLLATE utf8mb4_unicode_ci NOT NULL COMMENT '学院',
  `grade` varchar(20) CHARACTER SET utf8mb4 COLLATE utf8mb4_unicode_ci NOT NULL DEFAULT '' COMMENT '负责年级，如2023级',
  `phone` varchar(20) CHARACTER SET utf8mb4 COLLATE utf8mb4_unicode_ci NOT NULL COMMENT '手机号',
  `avatar_url` varchar(500) CHARACTER SET utf8mb4 COLLATE utf8mb4_unicode_ci DEFAULT NULL COMMENT '辅导员头像地址',
  PRIMARY KEY (`account`)
) ENGINE=InnoDB DEFAULT CHARSET=utf8mb4 COLLATE=utf8mb4_unicode_ci COMMENT='辅导员表';
/*!40101 SET character_set_client = @saved_cs_client */;

--
-- Dumping data for table `counselor`
--

LOCK TABLES `counselor` WRITE;
/*!40000 ALTER TABLE `counselor` DISABLE KEYS */;
INSERT INTO `counselor` VALUES ('counselor_11','李辅导员-修改后','654321','设计学院','2024级','13999990000',NULL),('counselor01','李老师','counselor@01','计算机与人工智能学院','2022级','13700137001','/files/avatar/counselor/counselor01_1775460230114_b1a14e2e58df.png'),('counselor02','王老师','counselor@02','计算机与人工智能学院','2022级','13700137002','/files/avatar/counselor/counselor02_1774605628572_2f5dcb76eed0.png'),('counselor03','王老师','counselor03','计算机与人工智能学院','2022级','13700137003',NULL),('counselor04','李老师','counselor04','计算机与人工智能学院','2022级','13700137004',NULL),('counselor05','李老师','counselor05','计算机与人工智能学院','2022级','13700137005',NULL),('counselor06','李老师','counselor06','计算机与人工智能学院','2022级','13700137006',NULL),('counselor07','李老师','counselor07','计算机与人工智能学院','2022级','13700137007',NULL),('counselor08','李老师','counselor07','计算机与人工智能学院','2022级','13700137007',NULL),('counselor09','李老师','counselor07','计算机与人工智能学院','2022级','13700137007',NULL),('counselor10','李老师','counselor07','计算机与人工智能学院','2022级','13700137007',NULL);
/*!40000 ALTER TABLE `counselor` ENABLE KEYS */;
UNLOCK TABLES;

--
-- Table structure for table `counselor_class_mapping`
--

DROP TABLE IF EXISTS `counselor_class_mapping`;
/*!40101 SET @saved_cs_client     = @@character_set_client */;
/*!50503 SET character_set_client = utf8mb4 */;
CREATE TABLE `counselor_class_mapping` (
  `id` bigint NOT NULL AUTO_INCREMENT COMMENT '主键',
  `counselor_account` varchar(50) CHARACTER SET utf8mb4 COLLATE utf8mb4_unicode_ci NOT NULL COMMENT '辅导员账号',
  `class_name` varchar(100) CHARACTER SET utf8mb4 COLLATE utf8mb4_unicode_ci NOT NULL COMMENT '班级',
  `created_at` datetime DEFAULT CURRENT_TIMESTAMP COMMENT '创建时间',
  `updated_at` datetime DEFAULT CURRENT_TIMESTAMP ON UPDATE CURRENT_TIMESTAMP COMMENT '更新时间',
  PRIMARY KEY (`id`),
  UNIQUE KEY `uk_class_name` (`class_name`),
  KEY `idx_counselor_account` (`counselor_account`),
  CONSTRAINT `fk_counselor_class_mapping_account` FOREIGN KEY (`counselor_account`) REFERENCES `counselor` (`account`) ON DELETE CASCADE ON UPDATE CASCADE
) ENGINE=InnoDB AUTO_INCREMENT=39 DEFAULT CHARSET=utf8mb4 COLLATE=utf8mb4_unicode_ci COMMENT='辅导员负责班级关系表';
/*!40101 SET character_set_client = @saved_cs_client */;

--
-- Dumping data for table `counselor_class_mapping`
--

LOCK TABLES `counselor_class_mapping` WRITE;
/*!40000 ALTER TABLE `counselor_class_mapping` DISABLE KEYS */;
INSERT INTO `counselor_class_mapping` VALUES (13,'counselor02','计算机2202班','2026-04-02 17:52:08','2026-04-02 17:52:08'),(14,'counselor02','计算机2203班','2026-04-02 17:52:08','2026-04-02 17:52:08'),(15,'counselor02','计算机2204班','2026-04-02 17:52:08','2026-04-02 17:52:08'),(16,'counselor02','计算机2205班','2026-04-02 17:52:08','2026-04-02 17:52:08'),(17,'counselor02','计算机2206班','2026-04-02 17:52:08','2026-04-02 17:52:08'),(18,'counselor01','软件2202班','2026-04-02 17:52:37','2026-04-02 17:52:37'),(19,'counselor01','软件2203班','2026-04-02 17:52:37','2026-04-02 17:52:37'),(20,'counselor01','软件2204班','2026-04-02 17:52:37','2026-04-02 17:52:37'),(21,'counselor01','软件2205班','2026-04-02 17:52:37','2026-04-02 17:52:37'),(22,'counselor01','软件2206班','2026-04-02 17:52:37','2026-04-02 17:52:37'),(37,'counselor_11','视觉传达1班','2026-04-06 17:57:33','2026-04-06 17:57:33'),(38,'counselor_11','视觉传达2班','2026-04-06 17:57:33','2026-04-06 17:57:33');
/*!40000 ALTER TABLE `counselor_class_mapping` ENABLE KEYS */;
UNLOCK TABLES;

--
-- Table structure for table `student`
--

DROP TABLE IF EXISTS `student`;
/*!40101 SET @saved_cs_client     = @@character_set_client */;
/*!50503 SET character_set_client = utf8mb4 */;
CREATE TABLE `student` (
  `student_id` varchar(20) CHARACTER SET utf8mb4 COLLATE utf8mb4_unicode_ci NOT NULL COMMENT '学号',
  `name` varchar(50) CHARACTER SET utf8mb4 COLLATE utf8mb4_unicode_ci NOT NULL DEFAULT '' COMMENT '姓名',
  `college` varchar(100) CHARACTER SET utf8mb4 COLLATE utf8mb4_unicode_ci NOT NULL COMMENT '学院',
  `class_name` varchar(100) CHARACTER SET utf8mb4 COLLATE utf8mb4_unicode_ci NOT NULL COMMENT '班级',
  `grade` varchar(20) CHARACTER SET utf8mb4 COLLATE utf8mb4_unicode_ci NOT NULL DEFAULT '' COMMENT '年级，如2023级',
  `password` varchar(255) CHARACTER SET utf8mb4 COLLATE utf8mb4_unicode_ci NOT NULL COMMENT '密码',
  `phone` varchar(20) CHARACTER SET utf8mb4 COLLATE utf8mb4_unicode_ci DEFAULT NULL COMMENT '手机号',
  `avatar_url` varchar(500) CHARACTER SET utf8mb4 COLLATE utf8mb4_unicode_ci DEFAULT NULL COMMENT '头像访问地址',
  PRIMARY KEY (`student_id`),
  UNIQUE KEY `uk_student_phone` (`phone`)
) ENGINE=InnoDB DEFAULT CHARSET=utf8mb4 COLLATE=utf8mb4_unicode_ci COMMENT='学生表';
/*!40101 SET character_set_client = @saved_cs_client */;

--
-- Dumping data for table `student`
--

LOCK TABLES `student` WRITE;
/*!40000 ALTER TABLE `student` DISABLE KEYS */;
INSERT INTO `student` VALUES ('2022010101','张三','计算机与人工智能学院','软件2201班','2022级','1234567','13800000001','/files/avatar/student/2022010101_1775459495096_710273e8e1b4.png'),('2022010102','李四','计算机与人工智能学院','软件2201班','2022级','123456aA!','13800000002',NULL),('2022010103','王五','计算机与人工智能学院','软件2201班','2022级','123456aA!','13800000003',NULL),('2022010104','软件2201学生04','计算机与人工智能学院','软件2201班','2022级','123456aA!','13800000004',NULL),('2022010105','软件2201学生05','计算机与人工智能学院','软件2201班','2022级','123456aA!','13800000005',NULL),('2022010106','软件2201学生06','计算机与人工智能学院','软件2201班','2022级','123456aA!','13800000006',NULL),('2022010107','软件2201学生07','计算机与人工智能学院','软件2201班','2022级','123456aA!','13800000007',NULL),('2022010108','软件2201学生08','计算机与人工智能学院','软件2201班','2022级','123456aA!','13800000008',NULL),('2022010109','软件2201学生09','计算机与人工智能学院','软件2201班','2022级','123456aA!','13800000009',NULL),('2022010110','软件2201学生10','计算机与人工智能学院','软件2201班','2022级','123456aA!','13800000010',NULL),('2022010201','软件2202学生01','计算机与人工智能学院','软件2202班','2022级','123456aA!','13800000011',NULL),('2022010202','软件2202学生02','计算机与人工智能学院','软件2202班','2022级','123456aA!','13800000012',NULL),('2022010203','软件2202学生03','计算机与人工智能学院','软件2202班','2022级','123456aA!','13800000013',NULL),('2022010204','软件2202学生04','计算机与人工智能学院','软件2202班','2022级','123456aA!','13800000014',NULL),('2022010205','软件2202学生05','计算机与人工智能学院','软件2202班','2022级','123456aA!','13800000015',NULL),('2022010206','软件2202学生06','计算机与人工智能学院','软件2202班','2022级','123456aA!','13800000016',NULL),('2022010207','软件2202学生07','计算机与人工智能学院','软件2202班','2022级','123456aA!','13800000017',NULL),('2022010208','软件2202学生08','计算机与人工智能学院','软件2202班','2022级','123456aA!','13800000018',NULL),('2022010209','软件2202学生09','计算机与人工智能学院','软件2202班','2022级','123456aA!','13800000019',NULL),('2022010210','软件2202学生10','计算机与人工智能学院','软件2202班','2022级','123456aA!','13800000020',NULL),('2022010301','软件2203学生01','计算机与人工智能学院','软件2203班','2022级','123456aA!','13800000021',NULL),('2022010302','软件2203学生02','计算机与人工智能学院','软件2203班','2022级','123456aA!','13800000022',NULL),('2022010303','软件2203学生03','计算机与人工智能学院','软件2203班','2022级','123456aA!','13800000023',NULL),('2022010304','软件2203学生04','计算机与人工智能学院','软件2203班','2022级','123456aA!','13800000024',NULL),('2022010305','软件2203学生05','计算机与人工智能学院','软件2203班','2022级','123456aA!','13800000025',NULL),('2022010306','软件2203学生06','计算机与人工智能学院','软件2203班','2022级','123456aA!','13800000026',NULL),('2022010307','软件2203学生07','计算机与人工智能学院','软件2203班','2022级','123456aA!','13800000027',NULL),('2022010308','软件2203学生08','计算机与人工智能学院','软件2203班','2022级','123456aA!','13800000028',NULL),('2022010309','软件2203学生09','计算机与人工智能学院','软件2203班','2022级','123456aA!','13800000029',NULL),('2022010310','软件2203学生10','计算机与人工智能学院','软件2203班','2022级','123456aA!','13800000030',NULL),('2022010401','软件2204学生01','计算机与人工智能学院','软件2204班','2022级','123456aA!','13800000031',NULL),('2022010402','软件2204学生02','计算机与人工智能学院','软件2204班','2022级','123456aA!','13800000032',NULL),('2022010403','软件2204学生03','计算机与人工智能学院','软件2204班','2022级','123456aA!','13800000033',NULL),('2022010404','软件2204学生04','计算机与人工智能学院','软件2204班','2022级','123456aA!','13800000034',NULL),('2022010405','软件2204学生05','计算机与人工智能学院','软件2204班','2022级','123456aA!','13800000035',NULL),('2022010406','软件2204学生06','计算机与人工智能学院','软件2204班','2022级','123456aA!','13800000036',NULL),('2022010407','软件2204学生07','计算机与人工智能学院','软件2204班','2022级','123456aA!','13800000037',NULL),('2022010408','软件2204学生08','计算机与人工智能学院','软件2204班','2022级','123456aA!','13800000038',NULL),('2022010409','软件2204学生09','计算机与人工智能学院','软件2204班','2022级','123456aA!','13800000039',NULL),('2022010410','软件2204学生10','计算机与人工智能学院','软件2204班','2022级','123456aA!','13800000040',NULL),('2022010501','软件2205学生01','计算机与人工智能学院','软件2205班','2022级','123456aA!','13800000041',NULL),('2022010502','软件2205学生02','计算机与人工智能学院','软件2205班','2022级','123456aA!','13800000042',NULL),('2022010503','软件2205学生03','计算机与人工智能学院','软件2205班','2022级','123456aA!','13800000043',NULL),('2022010504','软件2205学生04','计算机与人工智能学院','软件2205班','2022级','123456aA!','13800000044',NULL),('2022010505','软件2205学生05','计算机与人工智能学院','软件2205班','2022级','123456aA!','13800000045',NULL),('2022010506','软件2205学生06','计算机与人工智能学院','软件2205班','2022级','123456aA!','13800000046',NULL),('2022010507','软件2205学生07','计算机与人工智能学院','软件2205班','2022级','123456aA!','13800000047',NULL),('2022010508','软件2205学生08','计算机与人工智能学院','软件2205班','2022级','123456aA!','13800000048',NULL),('2022010509','软件2205学生09','计算机与人工智能学院','软件2205班','2022级','123456aA!','13800000049',NULL),('2022010510','软件2205学生10','计算机与人工智能学院','软件2205班','2022级','123456aA!','13800000050',NULL),('2022010601','软件2206学生01','计算机与人工智能学院','软件2206班','2022级','123456aA!','13800000051',NULL),('2022010602','软件2206学生02','计算机与人工智能学院','软件2206班','2022级','123456aA!','13800000052',NULL),('2022010603','软件2206学生03','计算机与人工智能学院','软件2206班','2022级','123456aA!','13800000053',NULL),('2022010604','软件2206学生04','计算机与人工智能学院','软件2206班','2022级','123456aA!','13800000054',NULL),('2022010605','软件2206学生05','计算机与人工智能学院','软件2206班','2022级','123456aA!','13800000055',NULL),('2022010606','软件2206学生06','计算机与人工智能学院','软件2206班','2022级','123456aA!','13800000056',NULL),('2022010607','软件2206学生07','计算机与人工智能学院','软件2206班','2022级','123456aA!','13800000057',NULL),('2022010608','软件2206学生08','计算机与人工智能学院','软件2206班','2022级','123456aA!','13800000058',NULL),('2022010609','软件2206学生09','计算机与人工智能学院','软件2206班','2022级','123456aA!','13800000059',NULL),('2022010610','软件2206学生10','计算机与人工智能学院','软件2206班','2022级','123456aA!','13800000060',NULL),('2022020101','计算机2201学生01','计算机与人工智能学院','计算机2201班','2022级','123456','13800000061','/files/avatar/student/2022020101_1774669245444_b7c7deba8411.png'),('2022020102','计算机2201学生02','计算机与人工智能学院','计算机2201班','2022级','123456aA!','13800000062',NULL),('2022020103','计算机2201学生03','计算机与人工智能学院','计算机2201班','2022级','123456aA!','13800000063',NULL),('2022020104','计算机2201学生04','计算机与人工智能学院','计算机2201班','2022级','123456aA!','13800000064',NULL),('2022020105','计算机2201学生05','计算机与人工智能学院','计算机2201班','2022级','123456aA!','13800000065',NULL),('2022020106','计算机2201学生06','计算机与人工智能学院','计算机2201班','2022级','123456aA!','13800000066',NULL),('2022020107','计算机2201学生07','计算机与人工智能学院','计算机2201班','2022级','123456aA!','13800000067',NULL),('2022020108','计算机2201学生08','计算机与人工智能学院','计算机2201班','2022级','123456aA!','13800000068',NULL),('2022020109','计算机2201学生09','计算机与人工智能学院','计算机2201班','2022级','123456aA!','13800000069',NULL),('2022020110','计算机2201学生10','计算机与人工智能学院','计算机2201班','2022级','123456aA!','13800000070',NULL),('2022020201','计算机2202学生01','计算机与人工智能学院','计算机2202班','2022级','123456aA!','13800000071',NULL),('2022020202','计算机2202学生02','计算机与人工智能学院','计算机2202班','2022级','123456aA!','13800000072',NULL),('2022020203','计算机2202学生03','计算机与人工智能学院','计算机2202班','2022级','123456aA!','13800000073',NULL),('2022020204','计算机2202学生04','计算机与人工智能学院','计算机2202班','2022级','123456aA!','13800000074',NULL),('2022020205','计算机2202学生05','计算机与人工智能学院','计算机2202班','2022级','123456aA!','13800000075',NULL),('2022020206','计算机2202学生06','计算机与人工智能学院','计算机2202班','2022级','123456aA!','13800000076',NULL),('2022020207','计算机2202学生07','计算机与人工智能学院','计算机2202班','2022级','123456aA!','13800000077',NULL),('2022020208','计算机2202学生08','计算机与人工智能学院','计算机2202班','2022级','123456aA!','13800000078',NULL),('2022020209','计算机2202学生09','计算机与人工智能学院','计算机2202班','2022级','123456aA!','13800000079',NULL),('2022020210','计算机2202学生10','计算机与人工智能学院','计算机2202班','2022级','123456aA!','13800000080',NULL),('2022020301','计算机2203学生01','计算机与人工智能学院','计算机2203班','2022级','123456aA!','13800000081',NULL),('2022020302','计算机2203学生02','计算机与人工智能学院','计算机2203班','2022级','123456aA!','13800000082',NULL),('2022020303','计算机2203学生03','计算机与人工智能学院','计算机2203班','2022级','123456aA!','13800000083',NULL),('2022020304','计算机2203学生04','计算机与人工智能学院','计算机2203班','2022级','123456aA!','13800000084',NULL),('2022020305','计算机2203学生05','计算机与人工智能学院','计算机2203班','2022级','123456aA!','13800000085',NULL),('2022020306','计算机2203学生06','计算机与人工智能学院','计算机2203班','2022级','123456aA!','13800000086',NULL),('2022020307','计算机2203学生07','计算机与人工智能学院','计算机2203班','2022级','123456aA!','13800000087',NULL),('2022020308','计算机2203学生08','计算机与人工智能学院','计算机2203班','2022级','123456aA!','13800000088',NULL),('2022020309','计算机2203学生09','计算机与人工智能学院','计算机2203班','2022级','123456aA!','13800000089',NULL),('2022020310','计算机2203学生10','计算机与人工智能学院','计算机2203班','2022级','123456aA!','13800000090',NULL),('2022020401','计算机2204学生01','计算机与人工智能学院','计算机2204班','2022级','123456aA!','13800000091',NULL),('2022020402','计算机2204学生02','计算机与人工智能学院','计算机2204班','2022级','123456aA!','13800000092',NULL),('2022020403','计算机2204学生03','计算机与人工智能学院','计算机2204班','2022级','123456aA!','13800000093',NULL),('2022020404','计算机2204学生04','计算机与人工智能学院','计算机2204班','2022级','123456aA!','13800000094',NULL),('2022020405','计算机2204学生05','计算机与人工智能学院','计算机2204班','2022级','123456aA!','13800000095',NULL),('2022020406','计算机2204学生06','计算机与人工智能学院','计算机2204班','2022级','123456aA!','13800000096',NULL),('2022020407','计算机2204学生07','计算机与人工智能学院','计算机2204班','2022级','123456aA!','13800000097',NULL),('2022020408','计算机2204学生08','计算机与人工智能学院','计算机2204班','2022级','123456aA!','13800000098',NULL),('2022020409','计算机2204学生09','计算机与人工智能学院','计算机2204班','2022级','123456aA!','13800000099',NULL),('2022020410','计算机2204学生10','计算机与人工智能学院','计算机2204班','2022级','123456aA!','13800000100',NULL),('2022020501','计算机2205学生01','计算机与人工智能学院','计算机2205班','2022级','123456aA!','13800000101',NULL),('2022020502','计算机2205学生02','计算机与人工智能学院','计算机2205班','2022级','123456aA!','13800000102',NULL),('2022020503','计算机2205学生03','计算机与人工智能学院','计算机2205班','2022级','123456aA!','13800000103',NULL),('2022020504','计算机2205学生04','计算机与人工智能学院','计算机2205班','2022级','123456aA!','13800000104',NULL),('2022020505','计算机2205学生05','计算机与人工智能学院','计算机2205班','2022级','123456aA!','13800000105',NULL),('2022020506','计算机2205学生06','计算机与人工智能学院','计算机2205班','2022级','123456aA!','13800000106',NULL),('2022020507','计算机2205学生07','计算机与人工智能学院','计算机2205班','2022级','123456aA!','13800000107',NULL),('2022020508','计算机2205学生08','计算机与人工智能学院','计算机2205班','2022级','123456aA!','13800000108',NULL),('2022020509','计算机2205学生09','计算机与人工智能学院','计算机2205班','2022级','123456aA!','13800000109',NULL),('2022020510','计算机2205学生10','计算机与人工智能学院','计算机2205班','2022级','123456aA!','13800000110',NULL),('2022020601','计算机2206学生01','计算机与人工智能学院','计算机2206班','2022级','123456aA!','13800000111',NULL),('2022020602','计算机2206学生02','计算机与人工智能学院','计算机2206班','2022级','123456aA!','13800000112',NULL),('2022020603','计算机2206学生03','计算机与人工智能学院','计算机2206班','2022级','123456aA!','13800000113',NULL),('2022020604','计算机2206学生04','计算机与人工智能学院','计算机2206班','2022级','123456aA!','13800000114',NULL),('2022020605','计算机2206学生05','计算机与人工智能学院','计算机2206班','2022级','123456aA!','13800000115',NULL),('2022020606','计算机2206学生06','计算机与人工智能学院','计算机2206班','2022级','123456aA!','13800000116',NULL),('2022020607','计算机2206学生07','计算机与人工智能学院','计算机2206班','2022级','123456aA!','13800000117',NULL),('2022020608','计算机2206学生08','计算机与人工智能学院','计算机2206班','2022级','123456aA!','13800000118',NULL),('2022020609','计算机2206学生09','计算机与人工智能学院','计算机2206班','2022级','123456aA!','13800000119',NULL),('2022020610','计算机2206学生10','计算机与人工智能学院','计算机2206班','2022级','123456aA!','13800000120',NULL);
/*!40000 ALTER TABLE `student` ENABLE KEYS */;
UNLOCK TABLES;

--
-- Table structure for table `student_assessment_answer`
--

DROP TABLE IF EXISTS `student_assessment_answer`;
/*!40101 SET @saved_cs_client     = @@character_set_client */;
/*!50503 SET character_set_client = utf8mb4 */;
CREATE TABLE `student_assessment_answer` (
  `id` bigint NOT NULL AUTO_INCREMENT COMMENT '主键',
  `record_id` bigint NOT NULL COMMENT '测评主记录ID',
  `version_question_id` bigint NOT NULL COMMENT '版本题目ID',
  `question_no` int NOT NULL COMMENT '题号快照',
  `question_text` varchar(500) CHARACTER SET utf8mb4 COLLATE utf8mb4_unicode_ci NOT NULL COMMENT '题目内容快照',
  `version_option_id` bigint NOT NULL COMMENT '版本选项ID',
  `option_no` int NOT NULL COMMENT '选项序号快照',
  `option_text` varchar(255) CHARACTER SET utf8mb4 COLLATE utf8mb4_unicode_ci NOT NULL COMMENT '选项内容快照',
  `answer_score` int NOT NULL COMMENT '该题得分',
  `created_at` datetime DEFAULT CURRENT_TIMESTAMP COMMENT '创建时间',
  PRIMARY KEY (`id`),
  KEY `idx_student_assessment_answer_record_id` (`record_id`),
  KEY `idx_student_assessment_answer_question_id` (`version_question_id`),
  KEY `idx_student_assessment_answer_option_id` (`version_option_id`),
  CONSTRAINT `fk_student_assessment_answer_option` FOREIGN KEY (`version_option_id`) REFERENCES `assessment_version_option` (`id`),
  CONSTRAINT `fk_student_assessment_answer_question` FOREIGN KEY (`version_question_id`) REFERENCES `assessment_version_question` (`id`),
  CONSTRAINT `fk_student_assessment_answer_record` FOREIGN KEY (`record_id`) REFERENCES `student_assessment_record` (`id`) ON DELETE CASCADE
) ENGINE=InnoDB AUTO_INCREMENT=81 DEFAULT CHARSET=utf8mb4 COLLATE=utf8mb4_unicode_ci COMMENT='学生单量表作答明细表';
/*!40101 SET character_set_client = @saved_cs_client */;

--
-- Dumping data for table `student_assessment_answer`
--

LOCK TABLES `student_assessment_answer` WRITE;
/*!40000 ALTER TABLE `student_assessment_answer` DISABLE KEYS */;
INSERT INTO `student_assessment_answer` VALUES (1,1534,60,1,'焦虑心境',397,2,'轻度紧张担忧',1,'2026-03-27 16:52:04'),(2,1534,61,2,'紧张感',401,1,'无',0,'2026-03-27 16:52:04'),(3,1534,62,3,'害怕',406,1,'无',0,'2026-03-27 16:52:04'),(4,1534,63,4,'失眠',412,2,'入睡困难',1,'2026-03-27 16:52:04'),(5,1534,64,5,'认知功能',416,1,'无',0,'2026-03-27 16:52:04'),(6,1534,65,6,'抑郁心境',421,1,'无',0,'2026-03-27 16:52:04'),(7,1534,66,7,'肌肉系统症状',426,1,'无',0,'2026-03-27 16:52:04'),(8,1534,67,8,'感觉系统症状',431,1,'无',0,'2026-03-27 16:52:04'),(9,1534,68,9,'心血管症状',436,1,'无',0,'2026-03-27 16:52:04'),(10,1534,69,10,'呼吸系统症状',441,1,'无',0,'2026-03-27 16:52:04'),(11,1534,70,11,'胃肠道症状',446,1,'无',0,'2026-03-27 16:52:04'),(12,1534,71,12,'泌尿生殖症状',451,1,'无',0,'2026-03-27 16:52:04'),(13,1534,72,13,'自主神经症状',456,1,'无',0,'2026-03-27 16:52:04'),(14,1534,73,14,'会谈行为表现',461,1,'正常',0,'2026-03-27 16:52:04'),(15,1535,60,1,'焦虑心境',396,1,'无',0,'2026-03-27 17:47:06'),(16,1535,61,2,'紧张感',401,1,'无',0,'2026-03-27 17:47:06'),(17,1535,62,3,'害怕',406,1,'无',0,'2026-03-27 17:47:06'),(18,1535,63,4,'失眠',411,1,'无',0,'2026-03-27 17:47:06'),(19,1535,64,5,'认知功能',416,1,'无',0,'2026-03-27 17:47:06'),(20,1535,65,6,'抑郁心境',421,1,'无',0,'2026-03-27 17:47:06'),(21,1535,66,7,'肌肉系统症状',426,1,'无',0,'2026-03-27 17:47:06'),(22,1535,67,8,'感觉系统症状',431,1,'无',0,'2026-03-27 17:47:06'),(23,1535,68,9,'心血管症状',436,1,'无',0,'2026-03-27 17:47:06'),(24,1535,69,10,'呼吸系统症状',441,1,'无',0,'2026-03-27 17:47:06'),(25,1535,70,11,'胃肠道症状',446,1,'无',0,'2026-03-27 17:47:06'),(26,1535,71,12,'泌尿生殖症状',451,1,'无',0,'2026-03-27 17:47:06'),(27,1535,72,13,'自主神经症状',456,1,'无',0,'2026-03-27 17:47:06'),(28,1535,73,14,'会谈行为表现',461,1,'正常',0,'2026-03-27 17:47:06'),(41,1102,80,1,'过去两周，无法停止担忧或控制担忧',490,1,'完全没有',0,'2026-03-27 17:48:16'),(42,1102,81,2,'过去两周，过度担心各种事情',494,1,'完全没有',0,'2026-03-27 17:48:16'),(43,1102,82,3,'过去两周，难以放松下来',498,1,'完全没有',0,'2026-03-27 17:48:16'),(44,1102,83,4,'过去两周，坐立不安，难以安静坐着',502,1,'完全没有',0,'2026-03-27 17:48:16'),(45,1102,84,5,'过去两周，容易烦躁或被激怒',506,1,'完全没有',0,'2026-03-27 17:48:16'),(46,1102,85,6,'过去两周，总担心会有糟糕的事情发生',510,1,'完全没有',0,'2026-03-27 17:48:16'),(47,1095,80,1,'过去两周，无法停止担忧或控制担忧',490,1,'完全没有',0,'2026-03-27 17:48:58'),(48,1095,81,2,'过去两周，过度担心各种事情',494,1,'完全没有',0,'2026-03-27 17:48:58'),(49,1095,82,3,'过去两周，难以放松下来',498,1,'完全没有',0,'2026-03-27 17:48:58'),(50,1095,83,4,'过去两周，坐立不安，难以安静坐着',502,1,'完全没有',0,'2026-03-27 17:48:58'),(51,1095,84,5,'过去两周，容易烦躁或被激怒',506,1,'完全没有',0,'2026-03-27 17:48:58'),(52,1095,85,6,'过去两周，总担心会有糟糕的事情发生',510,1,'完全没有',0,'2026-03-27 17:48:58'),(53,584,16,1,'过去两周，做事兴趣下降或提不起劲',81,1,'完全没有',0,'2026-03-27 17:49:23'),(54,584,17,2,'过去两周，情绪低落、沮丧或感到无望',85,1,'完全没有',0,'2026-03-27 17:49:23'),(55,584,18,3,'过去两周，入睡困难、易醒或睡得过多',89,1,'完全没有',0,'2026-03-27 17:49:23'),(56,584,19,4,'过去两周，感到疲惫或缺乏精力',93,1,'完全没有',0,'2026-03-27 17:49:23'),(57,584,20,5,'过去两周，食欲差或吃得过多',97,1,'完全没有',0,'2026-03-27 17:49:23'),(58,584,21,6,'过去两周，对自己评价很差，觉得自己失败或让家人失望',101,1,'完全没有',0,'2026-03-27 17:49:23'),(59,584,22,7,'过去两周，难以集中注意力，如学习或阅读时难专心',105,1,'完全没有',0,'2026-03-27 17:49:23'),(60,584,23,8,'过去两周，动作或说话明显变慢，或坐立不安比平时更明显',109,1,'完全没有',0,'2026-03-27 17:49:23'),(61,584,24,9,'过去两周，出现过伤害自己或认为不如消失的想法',113,1,'完全没有',0,'2026-03-27 17:49:23'),(62,1536,11,1,'过去两周，我感觉心情愉快、精神较好',51,1,'从未',0,'2026-03-28 11:51:59'),(63,1536,12,2,'过去两周，我感觉平静、放松',58,2,'偶尔',1,'2026-03-28 11:51:59'),(64,1536,13,3,'过去两周，我感觉精力充沛、做事有劲头',64,2,'偶尔',1,'2026-03-28 11:51:59'),(65,1536,14,4,'过去两周，我起床后感觉休息充分',70,2,'偶尔',1,'2026-03-28 11:51:59'),(66,1536,15,5,'过去两周，我的日常生活里有让我感兴趣的事情',76,2,'偶尔',1,'2026-03-28 11:51:59'),(67,1537,16,1,'过去两周，做事兴趣下降或提不起劲',84,4,'几乎每天',3,'2026-03-28 11:52:34'),(68,1537,17,2,'过去两周，情绪低落、沮丧或感到无望',88,4,'几乎每天',3,'2026-03-28 11:52:34'),(69,1537,18,3,'过去两周，入睡困难、易醒或睡得过多',92,4,'几乎每天',3,'2026-03-28 11:52:34'),(70,1537,19,4,'过去两周，感到疲惫或缺乏精力',96,4,'几乎每天',3,'2026-03-28 11:52:34'),(71,1537,20,5,'过去两周，食欲差或吃得过多',100,4,'几乎每天',3,'2026-03-28 11:52:34'),(72,1537,21,6,'过去两周，对自己评价很差，觉得自己失败或让家人失望',104,4,'几乎每天',3,'2026-03-28 11:52:34'),(73,1537,22,7,'过去两周，难以集中注意力，如学习或阅读时难专心',108,4,'几乎每天',3,'2026-03-28 11:52:34'),(74,1537,23,8,'过去两周，动作或说话明显变慢，或坐立不安比平时更明显',112,4,'几乎每天',3,'2026-03-28 11:52:34'),(75,1537,24,9,'过去两周，出现过伤害自己或认为不如消失的想法',116,4,'几乎每天',3,'2026-03-28 11:52:34'),(76,1538,11,1,'过去两周，我感觉心情愉快、精神较好',56,6,'一直如此',5,'2026-04-07 17:24:17'),(77,1538,12,2,'过去两周，我感觉平静、放松',62,6,'一直如此',5,'2026-04-07 17:24:17'),(78,1538,13,3,'过去两周，我感觉精力充沛、做事有劲头',68,6,'一直如此',5,'2026-04-07 17:24:17'),(79,1538,14,4,'过去两周，我起床后感觉休息充分',74,6,'一直如此',5,'2026-04-07 17:24:17'),(80,1538,15,5,'过去两周，我的日常生活里有让我感兴趣的事情',80,6,'一直如此',5,'2026-04-07 17:24:17');
/*!40000 ALTER TABLE `student_assessment_answer` ENABLE KEYS */;
UNLOCK TABLES;

--
-- Table structure for table `student_assessment_record`
--

DROP TABLE IF EXISTS `student_assessment_record`;
/*!40101 SET @saved_cs_client     = @@character_set_client */;
/*!50503 SET character_set_client = utf8mb4 */;
CREATE TABLE `student_assessment_record` (
  `id` bigint NOT NULL AUTO_INCREMENT COMMENT '主键',
  `student_id` varchar(50) CHARACTER SET utf8mb4 COLLATE utf8mb4_unicode_ci NOT NULL COMMENT '学生学号',
  `semester` varchar(20) CHARACTER SET utf8mb4 COLLATE utf8mb4_unicode_ci NOT NULL DEFAULT '第1学期' COMMENT '学期',
  `scale_id` bigint NOT NULL COMMENT '量表ID',
  `scale_version_id` bigint NOT NULL COMMENT '量表版本ID',
  `scale_code` varchar(50) CHARACTER SET utf8mb4 COLLATE utf8mb4_unicode_ci NOT NULL COMMENT '量表编码快照',
  `scale_name` varchar(100) CHARACTER SET utf8mb4 COLLATE utf8mb4_unicode_ci NOT NULL COMMENT '量表名称快照',
  `raw_score` int NOT NULL COMMENT '本次原始总分',
  `result_level` varchar(50) CHARACTER SET utf8mb4 COLLATE utf8mb4_unicode_ci DEFAULT NULL COMMENT '结果等级',
  `result_summary` varchar(255) CHARACTER SET utf8mb4 COLLATE utf8mb4_unicode_ci DEFAULT NULL COMMENT '结果说明',
  `suggestion` varchar(500) CHARACTER SET utf8mb4 COLLATE utf8mb4_unicode_ci DEFAULT NULL COMMENT '建议',
  `status` varchar(20) CHARACTER SET utf8mb4 COLLATE utf8mb4_unicode_ci NOT NULL DEFAULT 'COMPLETED' COMMENT 'COMPLETED已完成',
  `submitted_at` datetime DEFAULT CURRENT_TIMESTAMP COMMENT '提交时间',
  `created_at` datetime DEFAULT CURRENT_TIMESTAMP COMMENT '创建时间',
  `updated_at` datetime DEFAULT CURRENT_TIMESTAMP ON UPDATE CURRENT_TIMESTAMP COMMENT '更新时间',
  PRIMARY KEY (`id`),
  KEY `idx_student_assessment_record_student_id` (`student_id`),
  KEY `idx_student_assessment_record_semester` (`semester`),
  KEY `idx_student_assessment_record_scale_id` (`scale_id`),
  KEY `idx_student_assessment_record_scale_version_id` (`scale_version_id`),
  KEY `idx_student_assessment_record_submitted_at` (`submitted_at`),
  CONSTRAINT `fk_student_assessment_record_scale` FOREIGN KEY (`scale_id`) REFERENCES `assessment_scale` (`id`),
  CONSTRAINT `fk_student_assessment_record_scale_version` FOREIGN KEY (`scale_version_id`) REFERENCES `assessment_scale_version` (`id`)
) ENGINE=InnoDB AUTO_INCREMENT=1539 DEFAULT CHARSET=utf8mb4 COLLATE=utf8mb4_unicode_ci COMMENT='学生单量表测评记录表';
/*!40101 SET character_set_client = @saved_cs_client */;

--
-- Dumping data for table `student_assessment_record`
--

LOCK TABLES `student_assessment_record` WRITE;
/*!40000 ALTER TABLE `student_assessment_record` DISABLE KEYS */;
INSERT INTO `student_assessment_record` VALUES (1,'2022010110','第8学期',14,4,'WHO5','WHO-5 幸福感指数',7,'较差','当前幸福感偏低，建议进一步评估情绪状态','建议继续做 PHQ-9 或联系心理老师','COMPLETED','2026-03-25 09:00:00','2026-03-25 09:00:00','2026-03-25 09:00:00'),(2,'2022010110','第7学期',14,4,'WHO5','WHO-5 幸福感指数',18,'正常','当前幸福感总体正常','建议保持规律作息并定期复测','COMPLETED','2025-09-25 09:00:00','2025-09-25 09:00:00','2025-09-25 09:00:00'),(3,'2022010110','第6学期',14,4,'WHO5','WHO-5 幸福感指数',18,'正常','当前幸福感总体正常','建议保持规律作息并定期复测','COMPLETED','2025-03-25 09:00:00','2025-03-25 09:00:00','2025-03-25 09:00:00'),(4,'2022010110','第5学期',14,4,'WHO5','WHO-5 幸福感指数',7,'较差','当前幸福感偏低，建议进一步评估情绪状态','建议继续做 PHQ-9 或联系心理老师','COMPLETED','2024-09-25 09:00:00','2024-09-25 09:00:00','2024-09-25 09:00:00'),(5,'2022010110','第4学期',14,4,'WHO5','WHO-5 幸福感指数',18,'正常','当前幸福感总体正常','建议保持规律作息并定期复测','COMPLETED','2024-03-25 09:00:00','2024-03-25 09:00:00','2024-03-25 09:00:00'),(6,'2022010110','第3学期',14,4,'WHO5','WHO-5 幸福感指数',18,'正常','当前幸福感总体正常','建议保持规律作息并定期复测','COMPLETED','2023-09-25 09:00:00','2023-09-25 09:00:00','2023-09-25 09:00:00'),(7,'2022010110','第2学期',14,4,'WHO5','WHO-5 幸福感指数',7,'较差','当前幸福感偏低，建议进一步评估情绪状态','建议继续做 PHQ-9 或联系心理老师','COMPLETED','2023-03-25 09:00:00','2023-03-25 09:00:00','2023-03-25 09:00:00'),(8,'2022010110','第1学期',14,4,'WHO5','WHO-5 幸福感指数',18,'正常','当前幸福感总体正常','建议保持规律作息并定期复测','COMPLETED','2022-09-25 09:00:00','2022-09-25 09:00:00','2022-09-25 09:00:00'),(9,'2022010109','第8学期',14,4,'WHO5','WHO-5 幸福感指数',7,'较差','当前幸福感偏低，建议进一步评估情绪状态','建议继续做 PHQ-9 或联系心理老师','COMPLETED','2026-03-24 09:00:00','2026-03-24 09:00:00','2026-03-24 09:00:00'),(10,'2022010109','第7学期',14,4,'WHO5','WHO-5 幸福感指数',18,'正常','当前幸福感总体正常','建议保持规律作息并定期复测','COMPLETED','2025-09-24 09:00:00','2025-09-24 09:00:00','2025-09-24 09:00:00'),(11,'2022010109','第6学期',14,4,'WHO5','WHO-5 幸福感指数',7,'较差','当前幸福感偏低，建议进一步评估情绪状态','建议继续做 PHQ-9 或联系心理老师','COMPLETED','2025-03-24 09:00:00','2025-03-24 09:00:00','2025-03-24 09:00:00'),(12,'2022010109','第5学期',14,4,'WHO5','WHO-5 幸福感指数',18,'正常','当前幸福感总体正常','建议保持规律作息并定期复测','COMPLETED','2024-09-24 09:00:00','2024-09-24 09:00:00','2024-09-24 09:00:00'),(13,'2022010109','第4学期',14,4,'WHO5','WHO-5 幸福感指数',18,'正常','当前幸福感总体正常','建议保持规律作息并定期复测','COMPLETED','2024-03-24 09:00:00','2024-03-24 09:00:00','2024-03-24 09:00:00'),(14,'2022010109','第3学期',14,4,'WHO5','WHO-5 幸福感指数',7,'较差','当前幸福感偏低，建议进一步评估情绪状态','建议继续做 PHQ-9 或联系心理老师','COMPLETED','2023-09-24 09:00:00','2023-09-24 09:00:00','2023-09-24 09:00:00'),(15,'2022010109','第2学期',14,4,'WHO5','WHO-5 幸福感指数',18,'正常','当前幸福感总体正常','建议保持规律作息并定期复测','COMPLETED','2023-03-24 09:00:00','2023-03-24 09:00:00','2023-03-24 09:00:00'),(16,'2022010109','第1学期',14,4,'WHO5','WHO-5 幸福感指数',18,'正常','当前幸福感总体正常','建议保持规律作息并定期复测','COMPLETED','2022-09-24 09:00:00','2022-09-24 09:00:00','2022-09-24 09:00:00'),(17,'2022010108','第8学期',14,4,'WHO5','WHO-5 幸福感指数',18,'正常','当前幸福感总体正常','建议保持规律作息并定期复测','COMPLETED','2026-03-23 09:00:00','2026-03-23 09:00:00','2026-03-23 09:00:00'),(18,'2022010108','第7学期',14,4,'WHO5','WHO-5 幸福感指数',7,'较差','当前幸福感偏低，建议进一步评估情绪状态','建议继续做 PHQ-9 或联系心理老师','COMPLETED','2025-09-23 09:00:00','2025-09-23 09:00:00','2025-09-23 09:00:00'),(19,'2022010108','第6学期',14,4,'WHO5','WHO-5 幸福感指数',18,'正常','当前幸福感总体正常','建议保持规律作息并定期复测','COMPLETED','2025-03-23 09:00:00','2025-03-23 09:00:00','2025-03-23 09:00:00'),(20,'2022010108','第5学期',14,4,'WHO5','WHO-5 幸福感指数',18,'正常','当前幸福感总体正常','建议保持规律作息并定期复测','COMPLETED','2024-09-23 09:00:00','2024-09-23 09:00:00','2024-09-23 09:00:00'),(21,'2022010108','第4学期',14,4,'WHO5','WHO-5 幸福感指数',7,'较差','当前幸福感偏低，建议进一步评估情绪状态','建议继续做 PHQ-9 或联系心理老师','COMPLETED','2024-03-23 09:00:00','2024-03-23 09:00:00','2024-03-23 09:00:00'),(22,'2022010108','第3学期',14,4,'WHO5','WHO-5 幸福感指数',18,'正常','当前幸福感总体正常','建议保持规律作息并定期复测','COMPLETED','2023-09-23 09:00:00','2023-09-23 09:00:00','2023-09-23 09:00:00'),(23,'2022010108','第2学期',14,4,'WHO5','WHO-5 幸福感指数',18,'正常','当前幸福感总体正常','建议保持规律作息并定期复测','COMPLETED','2023-03-23 09:00:00','2023-03-23 09:00:00','2023-03-23 09:00:00'),(24,'2022010108','第1学期',14,4,'WHO5','WHO-5 幸福感指数',7,'较差','当前幸福感偏低，建议进一步评估情绪状态','建议继续做 PHQ-9 或联系心理老师','COMPLETED','2022-09-23 09:00:00','2022-09-23 09:00:00','2022-09-23 09:00:00'),(25,'2022010107','第8学期',14,4,'WHO5','WHO-5 幸福感指数',7,'较差','当前幸福感偏低，建议进一步评估情绪状态','建议继续做 PHQ-9 或联系心理老师','COMPLETED','2026-03-22 09:00:00','2026-03-22 09:00:00','2026-03-22 09:00:00'),(26,'2022010107','第7学期',14,4,'WHO5','WHO-5 幸福感指数',18,'正常','当前幸福感总体正常','建议保持规律作息并定期复测','COMPLETED','2025-09-22 09:00:00','2025-09-22 09:00:00','2025-09-22 09:00:00'),(27,'2022010107','第6学期',14,4,'WHO5','WHO-5 幸福感指数',18,'正常','当前幸福感总体正常','建议保持规律作息并定期复测','COMPLETED','2025-03-22 09:00:00','2025-03-22 09:00:00','2025-03-22 09:00:00'),(28,'2022010107','第5学期',14,4,'WHO5','WHO-5 幸福感指数',7,'较差','当前幸福感偏低，建议进一步评估情绪状态','建议继续做 PHQ-9 或联系心理老师','COMPLETED','2024-09-22 09:00:00','2024-09-22 09:00:00','2024-09-22 09:00:00'),(29,'2022010107','第4学期',14,4,'WHO5','WHO-5 幸福感指数',18,'正常','当前幸福感总体正常','建议保持规律作息并定期复测','COMPLETED','2024-03-22 09:00:00','2024-03-22 09:00:00','2024-03-22 09:00:00'),(30,'2022010107','第3学期',14,4,'WHO5','WHO-5 幸福感指数',18,'正常','当前幸福感总体正常','建议保持规律作息并定期复测','COMPLETED','2023-09-22 09:00:00','2023-09-22 09:00:00','2023-09-22 09:00:00'),(31,'2022010107','第2学期',14,4,'WHO5','WHO-5 幸福感指数',7,'较差','当前幸福感偏低，建议进一步评估情绪状态','建议继续做 PHQ-9 或联系心理老师','COMPLETED','2023-03-22 09:00:00','2023-03-22 09:00:00','2023-03-22 09:00:00'),(32,'2022010107','第1学期',14,4,'WHO5','WHO-5 幸福感指数',18,'正常','当前幸福感总体正常','建议保持规律作息并定期复测','COMPLETED','2022-09-22 09:00:00','2022-09-22 09:00:00','2022-09-22 09:00:00'),(33,'2022010106','第8学期',14,4,'WHO5','WHO-5 幸福感指数',7,'较差','当前幸福感偏低，建议进一步评估情绪状态','建议继续做 PHQ-9 或联系心理老师','COMPLETED','2026-03-21 09:00:00','2026-03-21 09:00:00','2026-03-21 09:00:00'),(34,'2022010106','第7学期',14,4,'WHO5','WHO-5 幸福感指数',18,'正常','当前幸福感总体正常','建议保持规律作息并定期复测','COMPLETED','2025-09-21 09:00:00','2025-09-21 09:00:00','2025-09-21 09:00:00'),(35,'2022010106','第6学期',14,4,'WHO5','WHO-5 幸福感指数',7,'较差','当前幸福感偏低，建议进一步评估情绪状态','建议继续做 PHQ-9 或联系心理老师','COMPLETED','2025-03-21 09:00:00','2025-03-21 09:00:00','2025-03-21 09:00:00'),(36,'2022010106','第5学期',14,4,'WHO5','WHO-5 幸福感指数',18,'正常','当前幸福感总体正常','建议保持规律作息并定期复测','COMPLETED','2024-09-21 09:00:00','2024-09-21 09:00:00','2024-09-21 09:00:00'),(37,'2022010106','第4学期',14,4,'WHO5','WHO-5 幸福感指数',18,'正常','当前幸福感总体正常','建议保持规律作息并定期复测','COMPLETED','2024-03-21 09:00:00','2024-03-21 09:00:00','2024-03-21 09:00:00'),(38,'2022010106','第3学期',14,4,'WHO5','WHO-5 幸福感指数',7,'较差','当前幸福感偏低，建议进一步评估情绪状态','建议继续做 PHQ-9 或联系心理老师','COMPLETED','2023-09-21 09:00:00','2023-09-21 09:00:00','2023-09-21 09:00:00'),(39,'2022010106','第2学期',14,4,'WHO5','WHO-5 幸福感指数',18,'正常','当前幸福感总体正常','建议保持规律作息并定期复测','COMPLETED','2023-03-21 09:00:00','2023-03-21 09:00:00','2023-03-21 09:00:00'),(40,'2022010106','第1学期',14,4,'WHO5','WHO-5 幸福感指数',18,'正常','当前幸福感总体正常','建议保持规律作息并定期复测','COMPLETED','2022-09-21 09:00:00','2022-09-21 09:00:00','2022-09-21 09:00:00'),(41,'2022010105','第8学期',14,4,'WHO5','WHO-5 幸福感指数',18,'正常','当前幸福感总体正常','建议保持规律作息并定期复测','COMPLETED','2026-03-20 09:00:00','2026-03-20 09:00:00','2026-03-20 09:00:00'),(42,'2022010105','第7学期',14,4,'WHO5','WHO-5 幸福感指数',7,'较差','当前幸福感偏低，建议进一步评估情绪状态','建议继续做 PHQ-9 或联系心理老师','COMPLETED','2025-09-20 09:00:00','2025-09-20 09:00:00','2025-09-20 09:00:00'),(43,'2022010105','第6学期',14,4,'WHO5','WHO-5 幸福感指数',18,'正常','当前幸福感总体正常','建议保持规律作息并定期复测','COMPLETED','2025-03-20 09:00:00','2025-03-20 09:00:00','2025-03-20 09:00:00'),(44,'2022010105','第5学期',14,4,'WHO5','WHO-5 幸福感指数',18,'正常','当前幸福感总体正常','建议保持规律作息并定期复测','COMPLETED','2024-09-20 09:00:00','2024-09-20 09:00:00','2024-09-20 09:00:00'),(45,'2022010105','第4学期',14,4,'WHO5','WHO-5 幸福感指数',7,'较差','当前幸福感偏低，建议进一步评估情绪状态','建议继续做 PHQ-9 或联系心理老师','COMPLETED','2024-03-20 09:00:00','2024-03-20 09:00:00','2024-03-20 09:00:00'),(46,'2022010105','第3学期',14,4,'WHO5','WHO-5 幸福感指数',18,'正常','当前幸福感总体正常','建议保持规律作息并定期复测','COMPLETED','2023-09-20 09:00:00','2023-09-20 09:00:00','2023-09-20 09:00:00'),(47,'2022010105','第2学期',14,4,'WHO5','WHO-5 幸福感指数',18,'正常','当前幸福感总体正常','建议保持规律作息并定期复测','COMPLETED','2023-03-20 09:00:00','2023-03-20 09:00:00','2023-03-20 09:00:00'),(48,'2022010105','第1学期',14,4,'WHO5','WHO-5 幸福感指数',7,'较差','当前幸福感偏低，建议进一步评估情绪状态','建议继续做 PHQ-9 或联系心理老师','COMPLETED','2022-09-20 09:00:00','2022-09-20 09:00:00','2022-09-20 09:00:00'),(49,'2022010104','第8学期',14,4,'WHO5','WHO-5 幸福感指数',7,'较差','当前幸福感偏低，建议进一步评估情绪状态','建议继续做 PHQ-9 或联系心理老师','COMPLETED','2026-03-19 09:00:00','2026-03-19 09:00:00','2026-03-19 09:00:00'),(50,'2022010104','第7学期',14,4,'WHO5','WHO-5 幸福感指数',18,'正常','当前幸福感总体正常','建议保持规律作息并定期复测','COMPLETED','2025-09-19 09:00:00','2025-09-19 09:00:00','2025-09-19 09:00:00'),(51,'2022010104','第6学期',14,4,'WHO5','WHO-5 幸福感指数',18,'正常','当前幸福感总体正常','建议保持规律作息并定期复测','COMPLETED','2025-03-19 09:00:00','2025-03-19 09:00:00','2025-03-19 09:00:00'),(52,'2022010104','第5学期',14,4,'WHO5','WHO-5 幸福感指数',7,'较差','当前幸福感偏低，建议进一步评估情绪状态','建议继续做 PHQ-9 或联系心理老师','COMPLETED','2024-09-19 09:00:00','2024-09-19 09:00:00','2024-09-19 09:00:00'),(53,'2022010104','第4学期',14,4,'WHO5','WHO-5 幸福感指数',18,'正常','当前幸福感总体正常','建议保持规律作息并定期复测','COMPLETED','2024-03-19 09:00:00','2024-03-19 09:00:00','2024-03-19 09:00:00'),(54,'2022010104','第3学期',14,4,'WHO5','WHO-5 幸福感指数',18,'正常','当前幸福感总体正常','建议保持规律作息并定期复测','COMPLETED','2023-09-19 09:00:00','2023-09-19 09:00:00','2023-09-19 09:00:00'),(55,'2022010104','第2学期',14,4,'WHO5','WHO-5 幸福感指数',7,'较差','当前幸福感偏低，建议进一步评估情绪状态','建议继续做 PHQ-9 或联系心理老师','COMPLETED','2023-03-19 09:00:00','2023-03-19 09:00:00','2023-03-19 09:00:00'),(56,'2022010104','第1学期',14,4,'WHO5','WHO-5 幸福感指数',18,'正常','当前幸福感总体正常','建议保持规律作息并定期复测','COMPLETED','2022-09-19 09:00:00','2022-09-19 09:00:00','2022-09-19 09:00:00'),(57,'2022010103','第8学期',14,4,'WHO5','WHO-5 幸福感指数',7,'较差','当前幸福感偏低，建议进一步评估情绪状态','建议继续做 PHQ-9 或联系心理老师','COMPLETED','2026-03-18 09:00:00','2026-03-18 09:00:00','2026-03-18 09:00:00'),(58,'2022010103','第7学期',14,4,'WHO5','WHO-5 幸福感指数',18,'正常','当前幸福感总体正常','建议保持规律作息并定期复测','COMPLETED','2025-09-18 09:00:00','2025-09-18 09:00:00','2025-09-18 09:00:00'),(59,'2022010103','第6学期',14,4,'WHO5','WHO-5 幸福感指数',7,'较差','当前幸福感偏低，建议进一步评估情绪状态','建议继续做 PHQ-9 或联系心理老师','COMPLETED','2025-03-18 09:00:00','2025-03-18 09:00:00','2025-03-18 09:00:00'),(60,'2022010103','第5学期',14,4,'WHO5','WHO-5 幸福感指数',18,'正常','当前幸福感总体正常','建议保持规律作息并定期复测','COMPLETED','2024-09-18 09:00:00','2024-09-18 09:00:00','2024-09-18 09:00:00'),(61,'2022010103','第4学期',14,4,'WHO5','WHO-5 幸福感指数',18,'正常','当前幸福感总体正常','建议保持规律作息并定期复测','COMPLETED','2024-03-18 09:00:00','2024-03-18 09:00:00','2024-03-18 09:00:00'),(62,'2022010103','第3学期',14,4,'WHO5','WHO-5 幸福感指数',7,'较差','当前幸福感偏低，建议进一步评估情绪状态','建议继续做 PHQ-9 或联系心理老师','COMPLETED','2023-09-18 09:00:00','2023-09-18 09:00:00','2023-09-18 09:00:00'),(63,'2022010103','第2学期',14,4,'WHO5','WHO-5 幸福感指数',18,'正常','当前幸福感总体正常','建议保持规律作息并定期复测','COMPLETED','2023-03-18 09:00:00','2023-03-18 09:00:00','2023-03-18 09:00:00'),(64,'2022010103','第1学期',14,4,'WHO5','WHO-5 幸福感指数',18,'正常','当前幸福感总体正常','建议保持规律作息并定期复测','COMPLETED','2022-09-18 09:00:00','2022-09-18 09:00:00','2022-09-18 09:00:00'),(65,'2022010102','第8学期',14,4,'WHO5','WHO-5 幸福感指数',18,'正常','当前幸福感总体正常','建议保持规律作息并定期复测','COMPLETED','2026-03-17 09:00:00','2026-03-17 09:00:00','2026-03-17 09:00:00'),(66,'2022010102','第7学期',14,4,'WHO5','WHO-5 幸福感指数',7,'较差','当前幸福感偏低，建议进一步评估情绪状态','建议继续做 PHQ-9 或联系心理老师','COMPLETED','2025-09-17 09:00:00','2025-09-17 09:00:00','2025-09-17 09:00:00'),(67,'2022010102','第6学期',14,4,'WHO5','WHO-5 幸福感指数',18,'正常','当前幸福感总体正常','建议保持规律作息并定期复测','COMPLETED','2025-03-17 09:00:00','2025-03-17 09:00:00','2025-03-17 09:00:00'),(68,'2022010102','第5学期',14,4,'WHO5','WHO-5 幸福感指数',18,'正常','当前幸福感总体正常','建议保持规律作息并定期复测','COMPLETED','2024-09-17 09:00:00','2024-09-17 09:00:00','2024-09-17 09:00:00'),(69,'2022010102','第4学期',14,4,'WHO5','WHO-5 幸福感指数',7,'较差','当前幸福感偏低，建议进一步评估情绪状态','建议继续做 PHQ-9 或联系心理老师','COMPLETED','2024-03-17 09:00:00','2024-03-17 09:00:00','2024-03-17 09:00:00'),(70,'2022010102','第3学期',14,4,'WHO5','WHO-5 幸福感指数',18,'正常','当前幸福感总体正常','建议保持规律作息并定期复测','COMPLETED','2023-09-17 09:00:00','2023-09-17 09:00:00','2023-09-17 09:00:00'),(71,'2022010102','第2学期',14,4,'WHO5','WHO-5 幸福感指数',18,'正常','当前幸福感总体正常','建议保持规律作息并定期复测','COMPLETED','2023-03-17 09:00:00','2023-03-17 09:00:00','2023-03-17 09:00:00'),(72,'2022010102','第1学期',14,4,'WHO5','WHO-5 幸福感指数',7,'较差','当前幸福感偏低，建议进一步评估情绪状态','建议继续做 PHQ-9 或联系心理老师','COMPLETED','2022-09-17 09:00:00','2022-09-17 09:00:00','2022-09-17 09:00:00'),(73,'2022010101','第8学期',14,4,'WHO5','WHO-5 幸福感指数',7,'较差','当前幸福感偏低，建议进一步评估情绪状态','建议继续做 PHQ-9 或联系心理老师','COMPLETED','2026-03-16 09:00:00','2026-03-16 09:00:00','2026-03-16 09:00:00'),(74,'2022010101','第7学期',14,4,'WHO5','WHO-5 幸福感指数',18,'正常','当前幸福感总体正常','建议保持规律作息并定期复测','COMPLETED','2025-09-16 09:00:00','2025-09-16 09:00:00','2025-09-16 09:00:00'),(75,'2022010101','第6学期',14,4,'WHO5','WHO-5 幸福感指数',18,'正常','当前幸福感总体正常','建议保持规律作息并定期复测','COMPLETED','2025-03-16 09:00:00','2025-03-16 09:00:00','2025-03-16 09:00:00'),(76,'2022010101','第5学期',14,4,'WHO5','WHO-5 幸福感指数',7,'较差','当前幸福感偏低，建议进一步评估情绪状态','建议继续做 PHQ-9 或联系心理老师','COMPLETED','2024-09-16 09:00:00','2024-09-16 09:00:00','2024-09-16 09:00:00'),(77,'2022010101','第4学期',14,4,'WHO5','WHO-5 幸福感指数',18,'正常','当前幸福感总体正常','建议保持规律作息并定期复测','COMPLETED','2024-03-16 09:00:00','2024-03-16 09:00:00','2024-03-16 09:00:00'),(78,'2022010101','第3学期',14,4,'WHO5','WHO-5 幸福感指数',18,'正常','当前幸福感总体正常','建议保持规律作息并定期复测','COMPLETED','2023-09-16 09:00:00','2023-09-16 09:00:00','2023-09-16 09:00:00'),(79,'2022010101','第2学期',14,4,'WHO5','WHO-5 幸福感指数',7,'较差','当前幸福感偏低，建议进一步评估情绪状态','建议继续做 PHQ-9 或联系心理老师','COMPLETED','2023-03-16 09:00:00','2023-03-16 09:00:00','2023-03-16 09:00:00'),(80,'2022010101','第1学期',14,4,'WHO5','WHO-5 幸福感指数',18,'正常','当前幸福感总体正常','建议保持规律作息并定期复测','COMPLETED','2022-09-16 09:00:00','2022-09-16 09:00:00','2022-09-16 09:00:00'),(81,'2022010210','第8学期',14,4,'WHO5','WHO-5 幸福感指数',18,'正常','当前幸福感总体正常','建议保持规律作息并定期复测','COMPLETED','2026-03-25 09:00:00','2026-03-25 09:00:00','2026-03-25 09:00:00'),(82,'2022010210','第7学期',14,4,'WHO5','WHO-5 幸福感指数',7,'较差','当前幸福感偏低，建议进一步评估情绪状态','建议继续做 PHQ-9 或联系心理老师','COMPLETED','2025-09-25 09:00:00','2025-09-25 09:00:00','2025-09-25 09:00:00'),(83,'2022010210','第6学期',14,4,'WHO5','WHO-5 幸福感指数',18,'正常','当前幸福感总体正常','建议保持规律作息并定期复测','COMPLETED','2025-03-25 09:00:00','2025-03-25 09:00:00','2025-03-25 09:00:00'),(84,'2022010210','第5学期',14,4,'WHO5','WHO-5 幸福感指数',18,'正常','当前幸福感总体正常','建议保持规律作息并定期复测','COMPLETED','2024-09-25 09:00:00','2024-09-25 09:00:00','2024-09-25 09:00:00'),(85,'2022010210','第4学期',14,4,'WHO5','WHO-5 幸福感指数',7,'较差','当前幸福感偏低，建议进一步评估情绪状态','建议继续做 PHQ-9 或联系心理老师','COMPLETED','2024-03-25 09:00:00','2024-03-25 09:00:00','2024-03-25 09:00:00'),(86,'2022010210','第3学期',14,4,'WHO5','WHO-5 幸福感指数',18,'正常','当前幸福感总体正常','建议保持规律作息并定期复测','COMPLETED','2023-09-25 09:00:00','2023-09-25 09:00:00','2023-09-25 09:00:00'),(87,'2022010210','第2学期',14,4,'WHO5','WHO-5 幸福感指数',18,'正常','当前幸福感总体正常','建议保持规律作息并定期复测','COMPLETED','2023-03-25 09:00:00','2023-03-25 09:00:00','2023-03-25 09:00:00'),(88,'2022010210','第1学期',14,4,'WHO5','WHO-5 幸福感指数',7,'较差','当前幸福感偏低，建议进一步评估情绪状态','建议继续做 PHQ-9 或联系心理老师','COMPLETED','2022-09-25 09:00:00','2022-09-25 09:00:00','2022-09-25 09:00:00'),(89,'2022010209','第8学期',14,4,'WHO5','WHO-5 幸福感指数',7,'较差','当前幸福感偏低，建议进一步评估情绪状态','建议继续做 PHQ-9 或联系心理老师','COMPLETED','2026-03-24 09:00:00','2026-03-24 09:00:00','2026-03-24 09:00:00'),(90,'2022010209','第7学期',14,4,'WHO5','WHO-5 幸福感指数',18,'正常','当前幸福感总体正常','建议保持规律作息并定期复测','COMPLETED','2025-09-24 09:00:00','2025-09-24 09:00:00','2025-09-24 09:00:00'),(91,'2022010209','第6学期',14,4,'WHO5','WHO-5 幸福感指数',18,'正常','当前幸福感总体正常','建议保持规律作息并定期复测','COMPLETED','2025-03-24 09:00:00','2025-03-24 09:00:00','2025-03-24 09:00:00'),(92,'2022010209','第5学期',14,4,'WHO5','WHO-5 幸福感指数',7,'较差','当前幸福感偏低，建议进一步评估情绪状态','建议继续做 PHQ-9 或联系心理老师','COMPLETED','2024-09-24 09:00:00','2024-09-24 09:00:00','2024-09-24 09:00:00'),(93,'2022010209','第4学期',14,4,'WHO5','WHO-5 幸福感指数',18,'正常','当前幸福感总体正常','建议保持规律作息并定期复测','COMPLETED','2024-03-24 09:00:00','2024-03-24 09:00:00','2024-03-24 09:00:00'),(94,'2022010209','第3学期',14,4,'WHO5','WHO-5 幸福感指数',18,'正常','当前幸福感总体正常','建议保持规律作息并定期复测','COMPLETED','2023-09-24 09:00:00','2023-09-24 09:00:00','2023-09-24 09:00:00'),(95,'2022010209','第2学期',14,4,'WHO5','WHO-5 幸福感指数',7,'较差','当前幸福感偏低，建议进一步评估情绪状态','建议继续做 PHQ-9 或联系心理老师','COMPLETED','2023-03-24 09:00:00','2023-03-24 09:00:00','2023-03-24 09:00:00'),(96,'2022010209','第1学期',14,4,'WHO5','WHO-5 幸福感指数',18,'正常','当前幸福感总体正常','建议保持规律作息并定期复测','COMPLETED','2022-09-24 09:00:00','2022-09-24 09:00:00','2022-09-24 09:00:00'),(97,'2022010208','第8学期',14,4,'WHO5','WHO-5 幸福感指数',7,'较差','当前幸福感偏低，建议进一步评估情绪状态','建议继续做 PHQ-9 或联系心理老师','COMPLETED','2026-03-23 09:00:00','2026-03-23 09:00:00','2026-03-23 09:00:00'),(98,'2022010208','第7学期',14,4,'WHO5','WHO-5 幸福感指数',18,'正常','当前幸福感总体正常','建议保持规律作息并定期复测','COMPLETED','2025-09-23 09:00:00','2025-09-23 09:00:00','2025-09-23 09:00:00'),(99,'2022010208','第6学期',14,4,'WHO5','WHO-5 幸福感指数',7,'较差','当前幸福感偏低，建议进一步评估情绪状态','建议继续做 PHQ-9 或联系心理老师','COMPLETED','2025-03-23 09:00:00','2025-03-23 09:00:00','2025-03-23 09:00:00'),(100,'2022010208','第5学期',14,4,'WHO5','WHO-5 幸福感指数',18,'正常','当前幸福感总体正常','建议保持规律作息并定期复测','COMPLETED','2024-09-23 09:00:00','2024-09-23 09:00:00','2024-09-23 09:00:00'),(101,'2022010208','第4学期',14,4,'WHO5','WHO-5 幸福感指数',18,'正常','当前幸福感总体正常','建议保持规律作息并定期复测','COMPLETED','2024-03-23 09:00:00','2024-03-23 09:00:00','2024-03-23 09:00:00'),(102,'2022010208','第3学期',14,4,'WHO5','WHO-5 幸福感指数',7,'较差','当前幸福感偏低，建议进一步评估情绪状态','建议继续做 PHQ-9 或联系心理老师','COMPLETED','2023-09-23 09:00:00','2023-09-23 09:00:00','2023-09-23 09:00:00'),(103,'2022010208','第2学期',14,4,'WHO5','WHO-5 幸福感指数',18,'正常','当前幸福感总体正常','建议保持规律作息并定期复测','COMPLETED','2023-03-23 09:00:00','2023-03-23 09:00:00','2023-03-23 09:00:00'),(104,'2022010208','第1学期',14,4,'WHO5','WHO-5 幸福感指数',18,'正常','当前幸福感总体正常','建议保持规律作息并定期复测','COMPLETED','2022-09-23 09:00:00','2022-09-23 09:00:00','2022-09-23 09:00:00'),(105,'2022010207','第8学期',14,4,'WHO5','WHO-5 幸福感指数',18,'正常','当前幸福感总体正常','建议保持规律作息并定期复测','COMPLETED','2026-03-22 09:00:00','2026-03-22 09:00:00','2026-03-22 09:00:00'),(106,'2022010207','第7学期',14,4,'WHO5','WHO-5 幸福感指数',7,'较差','当前幸福感偏低，建议进一步评估情绪状态','建议继续做 PHQ-9 或联系心理老师','COMPLETED','2025-09-22 09:00:00','2025-09-22 09:00:00','2025-09-22 09:00:00'),(107,'2022010207','第6学期',14,4,'WHO5','WHO-5 幸福感指数',18,'正常','当前幸福感总体正常','建议保持规律作息并定期复测','COMPLETED','2025-03-22 09:00:00','2025-03-22 09:00:00','2025-03-22 09:00:00'),(108,'2022010207','第5学期',14,4,'WHO5','WHO-5 幸福感指数',18,'正常','当前幸福感总体正常','建议保持规律作息并定期复测','COMPLETED','2024-09-22 09:00:00','2024-09-22 09:00:00','2024-09-22 09:00:00'),(109,'2022010207','第4学期',14,4,'WHO5','WHO-5 幸福感指数',7,'较差','当前幸福感偏低，建议进一步评估情绪状态','建议继续做 PHQ-9 或联系心理老师','COMPLETED','2024-03-22 09:00:00','2024-03-22 09:00:00','2024-03-22 09:00:00'),(110,'2022010207','第3学期',14,4,'WHO5','WHO-5 幸福感指数',18,'正常','当前幸福感总体正常','建议保持规律作息并定期复测','COMPLETED','2023-09-22 09:00:00','2023-09-22 09:00:00','2023-09-22 09:00:00'),(111,'2022010207','第2学期',14,4,'WHO5','WHO-5 幸福感指数',18,'正常','当前幸福感总体正常','建议保持规律作息并定期复测','COMPLETED','2023-03-22 09:00:00','2023-03-22 09:00:00','2023-03-22 09:00:00'),(112,'2022010207','第1学期',14,4,'WHO5','WHO-5 幸福感指数',7,'较差','当前幸福感偏低，建议进一步评估情绪状态','建议继续做 PHQ-9 或联系心理老师','COMPLETED','2022-09-22 09:00:00','2022-09-22 09:00:00','2022-09-22 09:00:00'),(113,'2022010206','第8学期',14,4,'WHO5','WHO-5 幸福感指数',7,'较差','当前幸福感偏低，建议进一步评估情绪状态','建议继续做 PHQ-9 或联系心理老师','COMPLETED','2026-03-21 09:00:00','2026-03-21 09:00:00','2026-03-21 09:00:00'),(114,'2022010206','第7学期',14,4,'WHO5','WHO-5 幸福感指数',18,'正常','当前幸福感总体正常','建议保持规律作息并定期复测','COMPLETED','2025-09-21 09:00:00','2025-09-21 09:00:00','2025-09-21 09:00:00'),(115,'2022010206','第6学期',14,4,'WHO5','WHO-5 幸福感指数',18,'正常','当前幸福感总体正常','建议保持规律作息并定期复测','COMPLETED','2025-03-21 09:00:00','2025-03-21 09:00:00','2025-03-21 09:00:00'),(116,'2022010206','第5学期',14,4,'WHO5','WHO-5 幸福感指数',7,'较差','当前幸福感偏低，建议进一步评估情绪状态','建议继续做 PHQ-9 或联系心理老师','COMPLETED','2024-09-21 09:00:00','2024-09-21 09:00:00','2024-09-21 09:00:00'),(117,'2022010206','第4学期',14,4,'WHO5','WHO-5 幸福感指数',18,'正常','当前幸福感总体正常','建议保持规律作息并定期复测','COMPLETED','2024-03-21 09:00:00','2024-03-21 09:00:00','2024-03-21 09:00:00'),(118,'2022010206','第3学期',14,4,'WHO5','WHO-5 幸福感指数',18,'正常','当前幸福感总体正常','建议保持规律作息并定期复测','COMPLETED','2023-09-21 09:00:00','2023-09-21 09:00:00','2023-09-21 09:00:00'),(119,'2022010206','第2学期',14,4,'WHO5','WHO-5 幸福感指数',7,'较差','当前幸福感偏低，建议进一步评估情绪状态','建议继续做 PHQ-9 或联系心理老师','COMPLETED','2023-03-21 09:00:00','2023-03-21 09:00:00','2023-03-21 09:00:00'),(120,'2022010206','第1学期',14,4,'WHO5','WHO-5 幸福感指数',18,'正常','当前幸福感总体正常','建议保持规律作息并定期复测','COMPLETED','2022-09-21 09:00:00','2022-09-21 09:00:00','2022-09-21 09:00:00'),(121,'2022010205','第8学期',14,4,'WHO5','WHO-5 幸福感指数',7,'较差','当前幸福感偏低，建议进一步评估情绪状态','建议继续做 PHQ-9 或联系心理老师','COMPLETED','2026-03-20 09:00:00','2026-03-20 09:00:00','2026-03-20 09:00:00'),(122,'2022010205','第7学期',14,4,'WHO5','WHO-5 幸福感指数',18,'正常','当前幸福感总体正常','建议保持规律作息并定期复测','COMPLETED','2025-09-20 09:00:00','2025-09-20 09:00:00','2025-09-20 09:00:00'),(123,'2022010205','第6学期',14,4,'WHO5','WHO-5 幸福感指数',7,'较差','当前幸福感偏低，建议进一步评估情绪状态','建议继续做 PHQ-9 或联系心理老师','COMPLETED','2025-03-20 09:00:00','2025-03-20 09:00:00','2025-03-20 09:00:00'),(124,'2022010205','第5学期',14,4,'WHO5','WHO-5 幸福感指数',18,'正常','当前幸福感总体正常','建议保持规律作息并定期复测','COMPLETED','2024-09-20 09:00:00','2024-09-20 09:00:00','2024-09-20 09:00:00'),(125,'2022010205','第4学期',14,4,'WHO5','WHO-5 幸福感指数',18,'正常','当前幸福感总体正常','建议保持规律作息并定期复测','COMPLETED','2024-03-20 09:00:00','2024-03-20 09:00:00','2024-03-20 09:00:00'),(126,'2022010205','第3学期',14,4,'WHO5','WHO-5 幸福感指数',7,'较差','当前幸福感偏低，建议进一步评估情绪状态','建议继续做 PHQ-9 或联系心理老师','COMPLETED','2023-09-20 09:00:00','2023-09-20 09:00:00','2023-09-20 09:00:00'),(127,'2022010205','第2学期',14,4,'WHO5','WHO-5 幸福感指数',18,'正常','当前幸福感总体正常','建议保持规律作息并定期复测','COMPLETED','2023-03-20 09:00:00','2023-03-20 09:00:00','2023-03-20 09:00:00'),(128,'2022010205','第1学期',14,4,'WHO5','WHO-5 幸福感指数',18,'正常','当前幸福感总体正常','建议保持规律作息并定期复测','COMPLETED','2022-09-20 09:00:00','2022-09-20 09:00:00','2022-09-20 09:00:00'),(129,'2022010204','第8学期',14,4,'WHO5','WHO-5 幸福感指数',18,'正常','当前幸福感总体正常','建议保持规律作息并定期复测','COMPLETED','2026-03-19 09:00:00','2026-03-19 09:00:00','2026-03-19 09:00:00'),(130,'2022010204','第7学期',14,4,'WHO5','WHO-5 幸福感指数',7,'较差','当前幸福感偏低，建议进一步评估情绪状态','建议继续做 PHQ-9 或联系心理老师','COMPLETED','2025-09-19 09:00:00','2025-09-19 09:00:00','2025-09-19 09:00:00'),(131,'2022010204','第6学期',14,4,'WHO5','WHO-5 幸福感指数',18,'正常','当前幸福感总体正常','建议保持规律作息并定期复测','COMPLETED','2025-03-19 09:00:00','2025-03-19 09:00:00','2025-03-19 09:00:00'),(132,'2022010204','第5学期',14,4,'WHO5','WHO-5 幸福感指数',18,'正常','当前幸福感总体正常','建议保持规律作息并定期复测','COMPLETED','2024-09-19 09:00:00','2024-09-19 09:00:00','2024-09-19 09:00:00'),(133,'2022010204','第4学期',14,4,'WHO5','WHO-5 幸福感指数',7,'较差','当前幸福感偏低，建议进一步评估情绪状态','建议继续做 PHQ-9 或联系心理老师','COMPLETED','2024-03-19 09:00:00','2024-03-19 09:00:00','2024-03-19 09:00:00'),(134,'2022010204','第3学期',14,4,'WHO5','WHO-5 幸福感指数',18,'正常','当前幸福感总体正常','建议保持规律作息并定期复测','COMPLETED','2023-09-19 09:00:00','2023-09-19 09:00:00','2023-09-19 09:00:00'),(135,'2022010204','第2学期',14,4,'WHO5','WHO-5 幸福感指数',18,'正常','当前幸福感总体正常','建议保持规律作息并定期复测','COMPLETED','2023-03-19 09:00:00','2023-03-19 09:00:00','2023-03-19 09:00:00'),(136,'2022010204','第1学期',14,4,'WHO5','WHO-5 幸福感指数',7,'较差','当前幸福感偏低，建议进一步评估情绪状态','建议继续做 PHQ-9 或联系心理老师','COMPLETED','2022-09-19 09:00:00','2022-09-19 09:00:00','2022-09-19 09:00:00'),(137,'2022010203','第8学期',14,4,'WHO5','WHO-5 幸福感指数',7,'较差','当前幸福感偏低，建议进一步评估情绪状态','建议继续做 PHQ-9 或联系心理老师','COMPLETED','2026-03-18 09:00:00','2026-03-18 09:00:00','2026-03-18 09:00:00'),(138,'2022010203','第7学期',14,4,'WHO5','WHO-5 幸福感指数',18,'正常','当前幸福感总体正常','建议保持规律作息并定期复测','COMPLETED','2025-09-18 09:00:00','2025-09-18 09:00:00','2025-09-18 09:00:00'),(139,'2022010203','第6学期',14,4,'WHO5','WHO-5 幸福感指数',18,'正常','当前幸福感总体正常','建议保持规律作息并定期复测','COMPLETED','2025-03-18 09:00:00','2025-03-18 09:00:00','2025-03-18 09:00:00'),(140,'2022010203','第5学期',14,4,'WHO5','WHO-5 幸福感指数',7,'较差','当前幸福感偏低，建议进一步评估情绪状态','建议继续做 PHQ-9 或联系心理老师','COMPLETED','2024-09-18 09:00:00','2024-09-18 09:00:00','2024-09-18 09:00:00'),(141,'2022010203','第4学期',14,4,'WHO5','WHO-5 幸福感指数',18,'正常','当前幸福感总体正常','建议保持规律作息并定期复测','COMPLETED','2024-03-18 09:00:00','2024-03-18 09:00:00','2024-03-18 09:00:00'),(142,'2022010203','第3学期',14,4,'WHO5','WHO-5 幸福感指数',18,'正常','当前幸福感总体正常','建议保持规律作息并定期复测','COMPLETED','2023-09-18 09:00:00','2023-09-18 09:00:00','2023-09-18 09:00:00'),(143,'2022010203','第2学期',14,4,'WHO5','WHO-5 幸福感指数',7,'较差','当前幸福感偏低，建议进一步评估情绪状态','建议继续做 PHQ-9 或联系心理老师','COMPLETED','2023-03-18 09:00:00','2023-03-18 09:00:00','2023-03-18 09:00:00'),(144,'2022010203','第1学期',14,4,'WHO5','WHO-5 幸福感指数',18,'正常','当前幸福感总体正常','建议保持规律作息并定期复测','COMPLETED','2022-09-18 09:00:00','2022-09-18 09:00:00','2022-09-18 09:00:00'),(145,'2022010202','第8学期',14,4,'WHO5','WHO-5 幸福感指数',7,'较差','当前幸福感偏低，建议进一步评估情绪状态','建议继续做 PHQ-9 或联系心理老师','COMPLETED','2026-03-17 09:00:00','2026-03-17 09:00:00','2026-03-17 09:00:00'),(146,'2022010202','第7学期',14,4,'WHO5','WHO-5 幸福感指数',18,'正常','当前幸福感总体正常','建议保持规律作息并定期复测','COMPLETED','2025-09-17 09:00:00','2025-09-17 09:00:00','2025-09-17 09:00:00'),(147,'2022010202','第6学期',14,4,'WHO5','WHO-5 幸福感指数',7,'较差','当前幸福感偏低，建议进一步评估情绪状态','建议继续做 PHQ-9 或联系心理老师','COMPLETED','2025-03-17 09:00:00','2025-03-17 09:00:00','2025-03-17 09:00:00'),(148,'2022010202','第5学期',14,4,'WHO5','WHO-5 幸福感指数',18,'正常','当前幸福感总体正常','建议保持规律作息并定期复测','COMPLETED','2024-09-17 09:00:00','2024-09-17 09:00:00','2024-09-17 09:00:00'),(149,'2022010202','第4学期',14,4,'WHO5','WHO-5 幸福感指数',18,'正常','当前幸福感总体正常','建议保持规律作息并定期复测','COMPLETED','2024-03-17 09:00:00','2024-03-17 09:00:00','2024-03-17 09:00:00'),(150,'2022010202','第3学期',14,4,'WHO5','WHO-5 幸福感指数',7,'较差','当前幸福感偏低，建议进一步评估情绪状态','建议继续做 PHQ-9 或联系心理老师','COMPLETED','2023-09-17 09:00:00','2023-09-17 09:00:00','2023-09-17 09:00:00'),(151,'2022010202','第2学期',14,4,'WHO5','WHO-5 幸福感指数',18,'正常','当前幸福感总体正常','建议保持规律作息并定期复测','COMPLETED','2023-03-17 09:00:00','2023-03-17 09:00:00','2023-03-17 09:00:00'),(152,'2022010202','第1学期',14,4,'WHO5','WHO-5 幸福感指数',18,'正常','当前幸福感总体正常','建议保持规律作息并定期复测','COMPLETED','2022-09-17 09:00:00','2022-09-17 09:00:00','2022-09-17 09:00:00'),(153,'2022010201','第8学期',14,4,'WHO5','WHO-5 幸福感指数',18,'正常','当前幸福感总体正常','建议保持规律作息并定期复测','COMPLETED','2026-03-16 09:00:00','2026-03-16 09:00:00','2026-03-16 09:00:00'),(154,'2022010201','第7学期',14,4,'WHO5','WHO-5 幸福感指数',7,'较差','当前幸福感偏低，建议进一步评估情绪状态','建议继续做 PHQ-9 或联系心理老师','COMPLETED','2025-09-16 09:00:00','2025-09-16 09:00:00','2025-09-16 09:00:00'),(155,'2022010201','第6学期',14,4,'WHO5','WHO-5 幸福感指数',18,'正常','当前幸福感总体正常','建议保持规律作息并定期复测','COMPLETED','2025-03-16 09:00:00','2025-03-16 09:00:00','2025-03-16 09:00:00'),(156,'2022010201','第5学期',14,4,'WHO5','WHO-5 幸福感指数',18,'正常','当前幸福感总体正常','建议保持规律作息并定期复测','COMPLETED','2024-09-16 09:00:00','2024-09-16 09:00:00','2024-09-16 09:00:00'),(157,'2022010201','第4学期',14,4,'WHO5','WHO-5 幸福感指数',7,'较差','当前幸福感偏低，建议进一步评估情绪状态','建议继续做 PHQ-9 或联系心理老师','COMPLETED','2024-03-16 09:00:00','2024-03-16 09:00:00','2024-03-16 09:00:00'),(158,'2022010201','第3学期',14,4,'WHO5','WHO-5 幸福感指数',18,'正常','当前幸福感总体正常','建议保持规律作息并定期复测','COMPLETED','2023-09-16 09:00:00','2023-09-16 09:00:00','2023-09-16 09:00:00'),(159,'2022010201','第2学期',14,4,'WHO5','WHO-5 幸福感指数',18,'正常','当前幸福感总体正常','建议保持规律作息并定期复测','COMPLETED','2023-03-16 09:00:00','2023-03-16 09:00:00','2023-03-16 09:00:00'),(160,'2022010201','第1学期',14,4,'WHO5','WHO-5 幸福感指数',7,'较差','当前幸福感偏低，建议进一步评估情绪状态','建议继续做 PHQ-9 或联系心理老师','COMPLETED','2022-09-16 09:00:00','2022-09-16 09:00:00','2022-09-16 09:00:00'),(161,'2022010310','第8学期',14,4,'WHO5','WHO-5 幸福感指数',7,'较差','当前幸福感偏低，建议进一步评估情绪状态','建议继续做 PHQ-9 或联系心理老师','COMPLETED','2026-03-25 09:00:00','2026-03-25 09:00:00','2026-03-25 09:00:00'),(162,'2022010310','第7学期',14,4,'WHO5','WHO-5 幸福感指数',18,'正常','当前幸福感总体正常','建议保持规律作息并定期复测','COMPLETED','2025-09-25 09:00:00','2025-09-25 09:00:00','2025-09-25 09:00:00'),(163,'2022010310','第6学期',14,4,'WHO5','WHO-5 幸福感指数',7,'较差','当前幸福感偏低，建议进一步评估情绪状态','建议继续做 PHQ-9 或联系心理老师','COMPLETED','2025-03-25 09:00:00','2025-03-25 09:00:00','2025-03-25 09:00:00'),(164,'2022010310','第5学期',14,4,'WHO5','WHO-5 幸福感指数',18,'正常','当前幸福感总体正常','建议保持规律作息并定期复测','COMPLETED','2024-09-25 09:00:00','2024-09-25 09:00:00','2024-09-25 09:00:00'),(165,'2022010310','第4学期',14,4,'WHO5','WHO-5 幸福感指数',18,'正常','当前幸福感总体正常','建议保持规律作息并定期复测','COMPLETED','2024-03-25 09:00:00','2024-03-25 09:00:00','2024-03-25 09:00:00'),(166,'2022010310','第3学期',14,4,'WHO5','WHO-5 幸福感指数',7,'较差','当前幸福感偏低，建议进一步评估情绪状态','建议继续做 PHQ-9 或联系心理老师','COMPLETED','2023-09-25 09:00:00','2023-09-25 09:00:00','2023-09-25 09:00:00'),(167,'2022010310','第2学期',14,4,'WHO5','WHO-5 幸福感指数',18,'正常','当前幸福感总体正常','建议保持规律作息并定期复测','COMPLETED','2023-03-25 09:00:00','2023-03-25 09:00:00','2023-03-25 09:00:00'),(168,'2022010310','第1学期',14,4,'WHO5','WHO-5 幸福感指数',18,'正常','当前幸福感总体正常','建议保持规律作息并定期复测','COMPLETED','2022-09-25 09:00:00','2022-09-25 09:00:00','2022-09-25 09:00:00'),(169,'2022010309','第8学期',14,4,'WHO5','WHO-5 幸福感指数',18,'正常','当前幸福感总体正常','建议保持规律作息并定期复测','COMPLETED','2026-03-24 09:00:00','2026-03-24 09:00:00','2026-03-24 09:00:00'),(170,'2022010309','第7学期',14,4,'WHO5','WHO-5 幸福感指数',7,'较差','当前幸福感偏低，建议进一步评估情绪状态','建议继续做 PHQ-9 或联系心理老师','COMPLETED','2025-09-24 09:00:00','2025-09-24 09:00:00','2025-09-24 09:00:00'),(171,'2022010309','第6学期',14,4,'WHO5','WHO-5 幸福感指数',18,'正常','当前幸福感总体正常','建议保持规律作息并定期复测','COMPLETED','2025-03-24 09:00:00','2025-03-24 09:00:00','2025-03-24 09:00:00'),(172,'2022010309','第5学期',14,4,'WHO5','WHO-5 幸福感指数',18,'正常','当前幸福感总体正常','建议保持规律作息并定期复测','COMPLETED','2024-09-24 09:00:00','2024-09-24 09:00:00','2024-09-24 09:00:00'),(173,'2022010309','第4学期',14,4,'WHO5','WHO-5 幸福感指数',7,'较差','当前幸福感偏低，建议进一步评估情绪状态','建议继续做 PHQ-9 或联系心理老师','COMPLETED','2024-03-24 09:00:00','2024-03-24 09:00:00','2024-03-24 09:00:00'),(174,'2022010309','第3学期',14,4,'WHO5','WHO-5 幸福感指数',18,'正常','当前幸福感总体正常','建议保持规律作息并定期复测','COMPLETED','2023-09-24 09:00:00','2023-09-24 09:00:00','2023-09-24 09:00:00'),(175,'2022010309','第2学期',14,4,'WHO5','WHO-5 幸福感指数',18,'正常','当前幸福感总体正常','建议保持规律作息并定期复测','COMPLETED','2023-03-24 09:00:00','2023-03-24 09:00:00','2023-03-24 09:00:00'),(176,'2022010309','第1学期',14,4,'WHO5','WHO-5 幸福感指数',7,'较差','当前幸福感偏低，建议进一步评估情绪状态','建议继续做 PHQ-9 或联系心理老师','COMPLETED','2022-09-24 09:00:00','2022-09-24 09:00:00','2022-09-24 09:00:00'),(177,'2022010308','第8学期',14,4,'WHO5','WHO-5 幸福感指数',7,'较差','当前幸福感偏低，建议进一步评估情绪状态','建议继续做 PHQ-9 或联系心理老师','COMPLETED','2026-03-23 09:00:00','2026-03-23 09:00:00','2026-03-23 09:00:00'),(178,'2022010308','第7学期',14,4,'WHO5','WHO-5 幸福感指数',18,'正常','当前幸福感总体正常','建议保持规律作息并定期复测','COMPLETED','2025-09-23 09:00:00','2025-09-23 09:00:00','2025-09-23 09:00:00'),(179,'2022010308','第6学期',14,4,'WHO5','WHO-5 幸福感指数',18,'正常','当前幸福感总体正常','建议保持规律作息并定期复测','COMPLETED','2025-03-23 09:00:00','2025-03-23 09:00:00','2025-03-23 09:00:00'),(180,'2022010308','第5学期',14,4,'WHO5','WHO-5 幸福感指数',7,'较差','当前幸福感偏低，建议进一步评估情绪状态','建议继续做 PHQ-9 或联系心理老师','COMPLETED','2024-09-23 09:00:00','2024-09-23 09:00:00','2024-09-23 09:00:00'),(181,'2022010308','第4学期',14,4,'WHO5','WHO-5 幸福感指数',18,'正常','当前幸福感总体正常','建议保持规律作息并定期复测','COMPLETED','2024-03-23 09:00:00','2024-03-23 09:00:00','2024-03-23 09:00:00'),(182,'2022010308','第3学期',14,4,'WHO5','WHO-5 幸福感指数',18,'正常','当前幸福感总体正常','建议保持规律作息并定期复测','COMPLETED','2023-09-23 09:00:00','2023-09-23 09:00:00','2023-09-23 09:00:00'),(183,'2022010308','第2学期',14,4,'WHO5','WHO-5 幸福感指数',7,'较差','当前幸福感偏低，建议进一步评估情绪状态','建议继续做 PHQ-9 或联系心理老师','COMPLETED','2023-03-23 09:00:00','2023-03-23 09:00:00','2023-03-23 09:00:00'),(184,'2022010308','第1学期',14,4,'WHO5','WHO-5 幸福感指数',18,'正常','当前幸福感总体正常','建议保持规律作息并定期复测','COMPLETED','2022-09-23 09:00:00','2022-09-23 09:00:00','2022-09-23 09:00:00'),(185,'2022010307','第8学期',14,4,'WHO5','WHO-5 幸福感指数',7,'较差','当前幸福感偏低，建议进一步评估情绪状态','建议继续做 PHQ-9 或联系心理老师','COMPLETED','2026-03-22 09:00:00','2026-03-22 09:00:00','2026-03-22 09:00:00'),(186,'2022010307','第7学期',14,4,'WHO5','WHO-5 幸福感指数',18,'正常','当前幸福感总体正常','建议保持规律作息并定期复测','COMPLETED','2025-09-22 09:00:00','2025-09-22 09:00:00','2025-09-22 09:00:00'),(187,'2022010307','第6学期',14,4,'WHO5','WHO-5 幸福感指数',7,'较差','当前幸福感偏低，建议进一步评估情绪状态','建议继续做 PHQ-9 或联系心理老师','COMPLETED','2025-03-22 09:00:00','2025-03-22 09:00:00','2025-03-22 09:00:00'),(188,'2022010307','第5学期',14,4,'WHO5','WHO-5 幸福感指数',18,'正常','当前幸福感总体正常','建议保持规律作息并定期复测','COMPLETED','2024-09-22 09:00:00','2024-09-22 09:00:00','2024-09-22 09:00:00'),(189,'2022010307','第4学期',14,4,'WHO5','WHO-5 幸福感指数',18,'正常','当前幸福感总体正常','建议保持规律作息并定期复测','COMPLETED','2024-03-22 09:00:00','2024-03-22 09:00:00','2024-03-22 09:00:00'),(190,'2022010307','第3学期',14,4,'WHO5','WHO-5 幸福感指数',7,'较差','当前幸福感偏低，建议进一步评估情绪状态','建议继续做 PHQ-9 或联系心理老师','COMPLETED','2023-09-22 09:00:00','2023-09-22 09:00:00','2023-09-22 09:00:00'),(191,'2022010307','第2学期',14,4,'WHO5','WHO-5 幸福感指数',18,'正常','当前幸福感总体正常','建议保持规律作息并定期复测','COMPLETED','2023-03-22 09:00:00','2023-03-22 09:00:00','2023-03-22 09:00:00'),(192,'2022010307','第1学期',14,4,'WHO5','WHO-5 幸福感指数',18,'正常','当前幸福感总体正常','建议保持规律作息并定期复测','COMPLETED','2022-09-22 09:00:00','2022-09-22 09:00:00','2022-09-22 09:00:00'),(193,'2022010306','第8学期',14,4,'WHO5','WHO-5 幸福感指数',18,'正常','当前幸福感总体正常','建议保持规律作息并定期复测','COMPLETED','2026-03-21 09:00:00','2026-03-21 09:00:00','2026-03-21 09:00:00'),(194,'2022010306','第7学期',14,4,'WHO5','WHO-5 幸福感指数',7,'较差','当前幸福感偏低，建议进一步评估情绪状态','建议继续做 PHQ-9 或联系心理老师','COMPLETED','2025-09-21 09:00:00','2025-09-21 09:00:00','2025-09-21 09:00:00'),(195,'2022010306','第6学期',14,4,'WHO5','WHO-5 幸福感指数',18,'正常','当前幸福感总体正常','建议保持规律作息并定期复测','COMPLETED','2025-03-21 09:00:00','2025-03-21 09:00:00','2025-03-21 09:00:00'),(196,'2022010306','第5学期',14,4,'WHO5','WHO-5 幸福感指数',18,'正常','当前幸福感总体正常','建议保持规律作息并定期复测','COMPLETED','2024-09-21 09:00:00','2024-09-21 09:00:00','2024-09-21 09:00:00'),(197,'2022010306','第4学期',14,4,'WHO5','WHO-5 幸福感指数',7,'较差','当前幸福感偏低，建议进一步评估情绪状态','建议继续做 PHQ-9 或联系心理老师','COMPLETED','2024-03-21 09:00:00','2024-03-21 09:00:00','2024-03-21 09:00:00'),(198,'2022010306','第3学期',14,4,'WHO5','WHO-5 幸福感指数',18,'正常','当前幸福感总体正常','建议保持规律作息并定期复测','COMPLETED','2023-09-21 09:00:00','2023-09-21 09:00:00','2023-09-21 09:00:00'),(199,'2022010306','第2学期',14,4,'WHO5','WHO-5 幸福感指数',18,'正常','当前幸福感总体正常','建议保持规律作息并定期复测','COMPLETED','2023-03-21 09:00:00','2023-03-21 09:00:00','2023-03-21 09:00:00'),(200,'2022010306','第1学期',14,4,'WHO5','WHO-5 幸福感指数',7,'较差','当前幸福感偏低，建议进一步评估情绪状态','建议继续做 PHQ-9 或联系心理老师','COMPLETED','2022-09-21 09:00:00','2022-09-21 09:00:00','2022-09-21 09:00:00'),(201,'2022010305','第8学期',14,4,'WHO5','WHO-5 幸福感指数',7,'较差','当前幸福感偏低，建议进一步评估情绪状态','建议继续做 PHQ-9 或联系心理老师','COMPLETED','2026-03-20 09:00:00','2026-03-20 09:00:00','2026-03-20 09:00:00'),(202,'2022010305','第7学期',14,4,'WHO5','WHO-5 幸福感指数',18,'正常','当前幸福感总体正常','建议保持规律作息并定期复测','COMPLETED','2025-09-20 09:00:00','2025-09-20 09:00:00','2025-09-20 09:00:00'),(203,'2022010305','第6学期',14,4,'WHO5','WHO-5 幸福感指数',18,'正常','当前幸福感总体正常','建议保持规律作息并定期复测','COMPLETED','2025-03-20 09:00:00','2025-03-20 09:00:00','2025-03-20 09:00:00'),(204,'2022010305','第5学期',14,4,'WHO5','WHO-5 幸福感指数',7,'较差','当前幸福感偏低，建议进一步评估情绪状态','建议继续做 PHQ-9 或联系心理老师','COMPLETED','2024-09-20 09:00:00','2024-09-20 09:00:00','2024-09-20 09:00:00'),(205,'2022010305','第4学期',14,4,'WHO5','WHO-5 幸福感指数',18,'正常','当前幸福感总体正常','建议保持规律作息并定期复测','COMPLETED','2024-03-20 09:00:00','2024-03-20 09:00:00','2024-03-20 09:00:00'),(206,'2022010305','第3学期',14,4,'WHO5','WHO-5 幸福感指数',18,'正常','当前幸福感总体正常','建议保持规律作息并定期复测','COMPLETED','2023-09-20 09:00:00','2023-09-20 09:00:00','2023-09-20 09:00:00'),(207,'2022010305','第2学期',14,4,'WHO5','WHO-5 幸福感指数',7,'较差','当前幸福感偏低，建议进一步评估情绪状态','建议继续做 PHQ-9 或联系心理老师','COMPLETED','2023-03-20 09:00:00','2023-03-20 09:00:00','2023-03-20 09:00:00'),(208,'2022010305','第1学期',14,4,'WHO5','WHO-5 幸福感指数',18,'正常','当前幸福感总体正常','建议保持规律作息并定期复测','COMPLETED','2022-09-20 09:00:00','2022-09-20 09:00:00','2022-09-20 09:00:00'),(209,'2022010304','第8学期',14,4,'WHO5','WHO-5 幸福感指数',7,'较差','当前幸福感偏低，建议进一步评估情绪状态','建议继续做 PHQ-9 或联系心理老师','COMPLETED','2026-03-19 09:00:00','2026-03-19 09:00:00','2026-03-19 09:00:00'),(210,'2022010304','第7学期',14,4,'WHO5','WHO-5 幸福感指数',18,'正常','当前幸福感总体正常','建议保持规律作息并定期复测','COMPLETED','2025-09-19 09:00:00','2025-09-19 09:00:00','2025-09-19 09:00:00'),(211,'2022010304','第6学期',14,4,'WHO5','WHO-5 幸福感指数',7,'较差','当前幸福感偏低，建议进一步评估情绪状态','建议继续做 PHQ-9 或联系心理老师','COMPLETED','2025-03-19 09:00:00','2025-03-19 09:00:00','2025-03-19 09:00:00'),(212,'2022010304','第5学期',14,4,'WHO5','WHO-5 幸福感指数',18,'正常','当前幸福感总体正常','建议保持规律作息并定期复测','COMPLETED','2024-09-19 09:00:00','2024-09-19 09:00:00','2024-09-19 09:00:00'),(213,'2022010304','第4学期',14,4,'WHO5','WHO-5 幸福感指数',18,'正常','当前幸福感总体正常','建议保持规律作息并定期复测','COMPLETED','2024-03-19 09:00:00','2024-03-19 09:00:00','2024-03-19 09:00:00'),(214,'2022010304','第3学期',14,4,'WHO5','WHO-5 幸福感指数',7,'较差','当前幸福感偏低，建议进一步评估情绪状态','建议继续做 PHQ-9 或联系心理老师','COMPLETED','2023-09-19 09:00:00','2023-09-19 09:00:00','2023-09-19 09:00:00'),(215,'2022010304','第2学期',14,4,'WHO5','WHO-5 幸福感指数',18,'正常','当前幸福感总体正常','建议保持规律作息并定期复测','COMPLETED','2023-03-19 09:00:00','2023-03-19 09:00:00','2023-03-19 09:00:00'),(216,'2022010304','第1学期',14,4,'WHO5','WHO-5 幸福感指数',18,'正常','当前幸福感总体正常','建议保持规律作息并定期复测','COMPLETED','2022-09-19 09:00:00','2022-09-19 09:00:00','2022-09-19 09:00:00'),(217,'2022010303','第8学期',14,4,'WHO5','WHO-5 幸福感指数',18,'正常','当前幸福感总体正常','建议保持规律作息并定期复测','COMPLETED','2026-03-18 09:00:00','2026-03-18 09:00:00','2026-03-18 09:00:00'),(218,'2022010303','第7学期',14,4,'WHO5','WHO-5 幸福感指数',7,'较差','当前幸福感偏低，建议进一步评估情绪状态','建议继续做 PHQ-9 或联系心理老师','COMPLETED','2025-09-18 09:00:00','2025-09-18 09:00:00','2025-09-18 09:00:00'),(219,'2022010303','第6学期',14,4,'WHO5','WHO-5 幸福感指数',18,'正常','当前幸福感总体正常','建议保持规律作息并定期复测','COMPLETED','2025-03-18 09:00:00','2025-03-18 09:00:00','2025-03-18 09:00:00'),(220,'2022010303','第5学期',14,4,'WHO5','WHO-5 幸福感指数',18,'正常','当前幸福感总体正常','建议保持规律作息并定期复测','COMPLETED','2024-09-18 09:00:00','2024-09-18 09:00:00','2024-09-18 09:00:00'),(221,'2022010303','第4学期',14,4,'WHO5','WHO-5 幸福感指数',7,'较差','当前幸福感偏低，建议进一步评估情绪状态','建议继续做 PHQ-9 或联系心理老师','COMPLETED','2024-03-18 09:00:00','2024-03-18 09:00:00','2024-03-18 09:00:00'),(222,'2022010303','第3学期',14,4,'WHO5','WHO-5 幸福感指数',18,'正常','当前幸福感总体正常','建议保持规律作息并定期复测','COMPLETED','2023-09-18 09:00:00','2023-09-18 09:00:00','2023-09-18 09:00:00'),(223,'2022010303','第2学期',14,4,'WHO5','WHO-5 幸福感指数',18,'正常','当前幸福感总体正常','建议保持规律作息并定期复测','COMPLETED','2023-03-18 09:00:00','2023-03-18 09:00:00','2023-03-18 09:00:00'),(224,'2022010303','第1学期',14,4,'WHO5','WHO-5 幸福感指数',7,'较差','当前幸福感偏低，建议进一步评估情绪状态','建议继续做 PHQ-9 或联系心理老师','COMPLETED','2022-09-18 09:00:00','2022-09-18 09:00:00','2022-09-18 09:00:00'),(225,'2022010302','第8学期',14,4,'WHO5','WHO-5 幸福感指数',7,'较差','当前幸福感偏低，建议进一步评估情绪状态','建议继续做 PHQ-9 或联系心理老师','COMPLETED','2026-03-17 09:00:00','2026-03-17 09:00:00','2026-03-17 09:00:00'),(226,'2022010302','第7学期',14,4,'WHO5','WHO-5 幸福感指数',18,'正常','当前幸福感总体正常','建议保持规律作息并定期复测','COMPLETED','2025-09-17 09:00:00','2025-09-17 09:00:00','2025-09-17 09:00:00'),(227,'2022010302','第6学期',14,4,'WHO5','WHO-5 幸福感指数',18,'正常','当前幸福感总体正常','建议保持规律作息并定期复测','COMPLETED','2025-03-17 09:00:00','2025-03-17 09:00:00','2025-03-17 09:00:00'),(228,'2022010302','第5学期',14,4,'WHO5','WHO-5 幸福感指数',7,'较差','当前幸福感偏低，建议进一步评估情绪状态','建议继续做 PHQ-9 或联系心理老师','COMPLETED','2024-09-17 09:00:00','2024-09-17 09:00:00','2024-09-17 09:00:00'),(229,'2022010302','第4学期',14,4,'WHO5','WHO-5 幸福感指数',18,'正常','当前幸福感总体正常','建议保持规律作息并定期复测','COMPLETED','2024-03-17 09:00:00','2024-03-17 09:00:00','2024-03-17 09:00:00'),(230,'2022010302','第3学期',14,4,'WHO5','WHO-5 幸福感指数',18,'正常','当前幸福感总体正常','建议保持规律作息并定期复测','COMPLETED','2023-09-17 09:00:00','2023-09-17 09:00:00','2023-09-17 09:00:00'),(231,'2022010302','第2学期',14,4,'WHO5','WHO-5 幸福感指数',7,'较差','当前幸福感偏低，建议进一步评估情绪状态','建议继续做 PHQ-9 或联系心理老师','COMPLETED','2023-03-17 09:00:00','2023-03-17 09:00:00','2023-03-17 09:00:00'),(232,'2022010302','第1学期',14,4,'WHO5','WHO-5 幸福感指数',18,'正常','当前幸福感总体正常','建议保持规律作息并定期复测','COMPLETED','2022-09-17 09:00:00','2022-09-17 09:00:00','2022-09-17 09:00:00'),(233,'2022010301','第8学期',14,4,'WHO5','WHO-5 幸福感指数',7,'较差','当前幸福感偏低，建议进一步评估情绪状态','建议继续做 PHQ-9 或联系心理老师','COMPLETED','2026-03-16 09:00:00','2026-03-16 09:00:00','2026-03-16 09:00:00'),(234,'2022010301','第7学期',14,4,'WHO5','WHO-5 幸福感指数',18,'正常','当前幸福感总体正常','建议保持规律作息并定期复测','COMPLETED','2025-09-16 09:00:00','2025-09-16 09:00:00','2025-09-16 09:00:00'),(235,'2022010301','第6学期',14,4,'WHO5','WHO-5 幸福感指数',7,'较差','当前幸福感偏低，建议进一步评估情绪状态','建议继续做 PHQ-9 或联系心理老师','COMPLETED','2025-03-16 09:00:00','2025-03-16 09:00:00','2025-03-16 09:00:00'),(236,'2022010301','第5学期',14,4,'WHO5','WHO-5 幸福感指数',18,'正常','当前幸福感总体正常','建议保持规律作息并定期复测','COMPLETED','2024-09-16 09:00:00','2024-09-16 09:00:00','2024-09-16 09:00:00'),(237,'2022010301','第4学期',14,4,'WHO5','WHO-5 幸福感指数',18,'正常','当前幸福感总体正常','建议保持规律作息并定期复测','COMPLETED','2024-03-16 09:00:00','2024-03-16 09:00:00','2024-03-16 09:00:00'),(238,'2022010301','第3学期',14,4,'WHO5','WHO-5 幸福感指数',7,'较差','当前幸福感偏低，建议进一步评估情绪状态','建议继续做 PHQ-9 或联系心理老师','COMPLETED','2023-09-16 09:00:00','2023-09-16 09:00:00','2023-09-16 09:00:00'),(239,'2022010301','第2学期',14,4,'WHO5','WHO-5 幸福感指数',18,'正常','当前幸福感总体正常','建议保持规律作息并定期复测','COMPLETED','2023-03-16 09:00:00','2023-03-16 09:00:00','2023-03-16 09:00:00'),(240,'2022010301','第1学期',14,4,'WHO5','WHO-5 幸福感指数',18,'正常','当前幸福感总体正常','建议保持规律作息并定期复测','COMPLETED','2022-09-16 09:00:00','2022-09-16 09:00:00','2022-09-16 09:00:00'),(241,'2022010410','第8学期',14,4,'WHO5','WHO-5 幸福感指数',7,'较差','当前幸福感偏低，建议进一步评估情绪状态','建议继续做 PHQ-9 或联系心理老师','COMPLETED','2026-03-25 09:00:00','2026-03-25 09:00:00','2026-03-25 09:00:00'),(242,'2022010410','第7学期',14,4,'WHO5','WHO-5 幸福感指数',18,'正常','当前幸福感总体正常','建议保持规律作息并定期复测','COMPLETED','2025-09-25 09:00:00','2025-09-25 09:00:00','2025-09-25 09:00:00'),(243,'2022010410','第6学期',14,4,'WHO5','WHO-5 幸福感指数',18,'正常','当前幸福感总体正常','建议保持规律作息并定期复测','COMPLETED','2025-03-25 09:00:00','2025-03-25 09:00:00','2025-03-25 09:00:00'),(244,'2022010410','第5学期',14,4,'WHO5','WHO-5 幸福感指数',7,'较差','当前幸福感偏低，建议进一步评估情绪状态','建议继续做 PHQ-9 或联系心理老师','COMPLETED','2024-09-25 09:00:00','2024-09-25 09:00:00','2024-09-25 09:00:00'),(245,'2022010410','第4学期',14,4,'WHO5','WHO-5 幸福感指数',18,'正常','当前幸福感总体正常','建议保持规律作息并定期复测','COMPLETED','2024-03-25 09:00:00','2024-03-25 09:00:00','2024-03-25 09:00:00'),(246,'2022010410','第3学期',14,4,'WHO5','WHO-5 幸福感指数',18,'正常','当前幸福感总体正常','建议保持规律作息并定期复测','COMPLETED','2023-09-25 09:00:00','2023-09-25 09:00:00','2023-09-25 09:00:00'),(247,'2022010410','第2学期',14,4,'WHO5','WHO-5 幸福感指数',7,'较差','当前幸福感偏低，建议进一步评估情绪状态','建议继续做 PHQ-9 或联系心理老师','COMPLETED','2023-03-25 09:00:00','2023-03-25 09:00:00','2023-03-25 09:00:00'),(248,'2022010410','第1学期',14,4,'WHO5','WHO-5 幸福感指数',18,'正常','当前幸福感总体正常','建议保持规律作息并定期复测','COMPLETED','2022-09-25 09:00:00','2022-09-25 09:00:00','2022-09-25 09:00:00'),(249,'2022010409','第8学期',14,4,'WHO5','WHO-5 幸福感指数',7,'较差','当前幸福感偏低，建议进一步评估情绪状态','建议继续做 PHQ-9 或联系心理老师','COMPLETED','2026-03-24 09:00:00','2026-03-24 09:00:00','2026-03-24 09:00:00'),(250,'2022010409','第7学期',14,4,'WHO5','WHO-5 幸福感指数',18,'正常','当前幸福感总体正常','建议保持规律作息并定期复测','COMPLETED','2025-09-24 09:00:00','2025-09-24 09:00:00','2025-09-24 09:00:00'),(251,'2022010409','第6学期',14,4,'WHO5','WHO-5 幸福感指数',7,'较差','当前幸福感偏低，建议进一步评估情绪状态','建议继续做 PHQ-9 或联系心理老师','COMPLETED','2025-03-24 09:00:00','2025-03-24 09:00:00','2025-03-24 09:00:00'),(252,'2022010409','第5学期',14,4,'WHO5','WHO-5 幸福感指数',18,'正常','当前幸福感总体正常','建议保持规律作息并定期复测','COMPLETED','2024-09-24 09:00:00','2024-09-24 09:00:00','2024-09-24 09:00:00'),(253,'2022010409','第4学期',14,4,'WHO5','WHO-5 幸福感指数',18,'正常','当前幸福感总体正常','建议保持规律作息并定期复测','COMPLETED','2024-03-24 09:00:00','2024-03-24 09:00:00','2024-03-24 09:00:00'),(254,'2022010409','第3学期',14,4,'WHO5','WHO-5 幸福感指数',7,'较差','当前幸福感偏低，建议进一步评估情绪状态','建议继续做 PHQ-9 或联系心理老师','COMPLETED','2023-09-24 09:00:00','2023-09-24 09:00:00','2023-09-24 09:00:00'),(255,'2022010409','第2学期',14,4,'WHO5','WHO-5 幸福感指数',18,'正常','当前幸福感总体正常','建议保持规律作息并定期复测','COMPLETED','2023-03-24 09:00:00','2023-03-24 09:00:00','2023-03-24 09:00:00'),(256,'2022010409','第1学期',14,4,'WHO5','WHO-5 幸福感指数',18,'正常','当前幸福感总体正常','建议保持规律作息并定期复测','COMPLETED','2022-09-24 09:00:00','2022-09-24 09:00:00','2022-09-24 09:00:00'),(257,'2022010408','第8学期',14,4,'WHO5','WHO-5 幸福感指数',18,'正常','当前幸福感总体正常','建议保持规律作息并定期复测','COMPLETED','2026-03-23 09:00:00','2026-03-23 09:00:00','2026-03-23 09:00:00'),(258,'2022010408','第7学期',14,4,'WHO5','WHO-5 幸福感指数',7,'较差','当前幸福感偏低，建议进一步评估情绪状态','建议继续做 PHQ-9 或联系心理老师','COMPLETED','2025-09-23 09:00:00','2025-09-23 09:00:00','2025-09-23 09:00:00'),(259,'2022010408','第6学期',14,4,'WHO5','WHO-5 幸福感指数',18,'正常','当前幸福感总体正常','建议保持规律作息并定期复测','COMPLETED','2025-03-23 09:00:00','2025-03-23 09:00:00','2025-03-23 09:00:00'),(260,'2022010408','第5学期',14,4,'WHO5','WHO-5 幸福感指数',18,'正常','当前幸福感总体正常','建议保持规律作息并定期复测','COMPLETED','2024-09-23 09:00:00','2024-09-23 09:00:00','2024-09-23 09:00:00'),(261,'2022010408','第4学期',14,4,'WHO5','WHO-5 幸福感指数',7,'较差','当前幸福感偏低，建议进一步评估情绪状态','建议继续做 PHQ-9 或联系心理老师','COMPLETED','2024-03-23 09:00:00','2024-03-23 09:00:00','2024-03-23 09:00:00'),(262,'2022010408','第3学期',14,4,'WHO5','WHO-5 幸福感指数',18,'正常','当前幸福感总体正常','建议保持规律作息并定期复测','COMPLETED','2023-09-23 09:00:00','2023-09-23 09:00:00','2023-09-23 09:00:00'),(263,'2022010408','第2学期',14,4,'WHO5','WHO-5 幸福感指数',18,'正常','当前幸福感总体正常','建议保持规律作息并定期复测','COMPLETED','2023-03-23 09:00:00','2023-03-23 09:00:00','2023-03-23 09:00:00'),(264,'2022010408','第1学期',14,4,'WHO5','WHO-5 幸福感指数',7,'较差','当前幸福感偏低，建议进一步评估情绪状态','建议继续做 PHQ-9 或联系心理老师','COMPLETED','2022-09-23 09:00:00','2022-09-23 09:00:00','2022-09-23 09:00:00'),(265,'2022010407','第8学期',14,4,'WHO5','WHO-5 幸福感指数',7,'较差','当前幸福感偏低，建议进一步评估情绪状态','建议继续做 PHQ-9 或联系心理老师','COMPLETED','2026-03-22 09:00:00','2026-03-22 09:00:00','2026-03-22 09:00:00'),(266,'2022010407','第7学期',14,4,'WHO5','WHO-5 幸福感指数',18,'正常','当前幸福感总体正常','建议保持规律作息并定期复测','COMPLETED','2025-09-22 09:00:00','2025-09-22 09:00:00','2025-09-22 09:00:00'),(267,'2022010407','第6学期',14,4,'WHO5','WHO-5 幸福感指数',18,'正常','当前幸福感总体正常','建议保持规律作息并定期复测','COMPLETED','2025-03-22 09:00:00','2025-03-22 09:00:00','2025-03-22 09:00:00'),(268,'2022010407','第5学期',14,4,'WHO5','WHO-5 幸福感指数',7,'较差','当前幸福感偏低，建议进一步评估情绪状态','建议继续做 PHQ-9 或联系心理老师','COMPLETED','2024-09-22 09:00:00','2024-09-22 09:00:00','2024-09-22 09:00:00'),(269,'2022010407','第4学期',14,4,'WHO5','WHO-5 幸福感指数',18,'正常','当前幸福感总体正常','建议保持规律作息并定期复测','COMPLETED','2024-03-22 09:00:00','2024-03-22 09:00:00','2024-03-22 09:00:00'),(270,'2022010407','第3学期',14,4,'WHO5','WHO-5 幸福感指数',18,'正常','当前幸福感总体正常','建议保持规律作息并定期复测','COMPLETED','2023-09-22 09:00:00','2023-09-22 09:00:00','2023-09-22 09:00:00'),(271,'2022010407','第2学期',14,4,'WHO5','WHO-5 幸福感指数',7,'较差','当前幸福感偏低，建议进一步评估情绪状态','建议继续做 PHQ-9 或联系心理老师','COMPLETED','2023-03-22 09:00:00','2023-03-22 09:00:00','2023-03-22 09:00:00'),(272,'2022010407','第1学期',14,4,'WHO5','WHO-5 幸福感指数',18,'正常','当前幸福感总体正常','建议保持规律作息并定期复测','COMPLETED','2022-09-22 09:00:00','2022-09-22 09:00:00','2022-09-22 09:00:00'),(273,'2022010406','第8学期',14,4,'WHO5','WHO-5 幸福感指数',7,'较差','当前幸福感偏低，建议进一步评估情绪状态','建议继续做 PHQ-9 或联系心理老师','COMPLETED','2026-03-21 09:00:00','2026-03-21 09:00:00','2026-03-21 09:00:00'),(274,'2022010406','第7学期',14,4,'WHO5','WHO-5 幸福感指数',18,'正常','当前幸福感总体正常','建议保持规律作息并定期复测','COMPLETED','2025-09-21 09:00:00','2025-09-21 09:00:00','2025-09-21 09:00:00'),(275,'2022010406','第6学期',14,4,'WHO5','WHO-5 幸福感指数',7,'较差','当前幸福感偏低，建议进一步评估情绪状态','建议继续做 PHQ-9 或联系心理老师','COMPLETED','2025-03-21 09:00:00','2025-03-21 09:00:00','2025-03-21 09:00:00'),(276,'2022010406','第5学期',14,4,'WHO5','WHO-5 幸福感指数',18,'正常','当前幸福感总体正常','建议保持规律作息并定期复测','COMPLETED','2024-09-21 09:00:00','2024-09-21 09:00:00','2024-09-21 09:00:00'),(277,'2022010406','第4学期',14,4,'WHO5','WHO-5 幸福感指数',18,'正常','当前幸福感总体正常','建议保持规律作息并定期复测','COMPLETED','2024-03-21 09:00:00','2024-03-21 09:00:00','2024-03-21 09:00:00'),(278,'2022010406','第3学期',14,4,'WHO5','WHO-5 幸福感指数',7,'较差','当前幸福感偏低，建议进一步评估情绪状态','建议继续做 PHQ-9 或联系心理老师','COMPLETED','2023-09-21 09:00:00','2023-09-21 09:00:00','2023-09-21 09:00:00'),(279,'2022010406','第2学期',14,4,'WHO5','WHO-5 幸福感指数',18,'正常','当前幸福感总体正常','建议保持规律作息并定期复测','COMPLETED','2023-03-21 09:00:00','2023-03-21 09:00:00','2023-03-21 09:00:00'),(280,'2022010406','第1学期',14,4,'WHO5','WHO-5 幸福感指数',18,'正常','当前幸福感总体正常','建议保持规律作息并定期复测','COMPLETED','2022-09-21 09:00:00','2022-09-21 09:00:00','2022-09-21 09:00:00'),(281,'2022010405','第8学期',14,4,'WHO5','WHO-5 幸福感指数',18,'正常','当前幸福感总体正常','建议保持规律作息并定期复测','COMPLETED','2026-03-20 09:00:00','2026-03-20 09:00:00','2026-03-20 09:00:00'),(282,'2022010405','第7学期',14,4,'WHO5','WHO-5 幸福感指数',7,'较差','当前幸福感偏低，建议进一步评估情绪状态','建议继续做 PHQ-9 或联系心理老师','COMPLETED','2025-09-20 09:00:00','2025-09-20 09:00:00','2025-09-20 09:00:00'),(283,'2022010405','第6学期',14,4,'WHO5','WHO-5 幸福感指数',18,'正常','当前幸福感总体正常','建议保持规律作息并定期复测','COMPLETED','2025-03-20 09:00:00','2025-03-20 09:00:00','2025-03-20 09:00:00'),(284,'2022010405','第5学期',14,4,'WHO5','WHO-5 幸福感指数',18,'正常','当前幸福感总体正常','建议保持规律作息并定期复测','COMPLETED','2024-09-20 09:00:00','2024-09-20 09:00:00','2024-09-20 09:00:00'),(285,'2022010405','第4学期',14,4,'WHO5','WHO-5 幸福感指数',7,'较差','当前幸福感偏低，建议进一步评估情绪状态','建议继续做 PHQ-9 或联系心理老师','COMPLETED','2024-03-20 09:00:00','2024-03-20 09:00:00','2024-03-20 09:00:00'),(286,'2022010405','第3学期',14,4,'WHO5','WHO-5 幸福感指数',18,'正常','当前幸福感总体正常','建议保持规律作息并定期复测','COMPLETED','2023-09-20 09:00:00','2023-09-20 09:00:00','2023-09-20 09:00:00'),(287,'2022010405','第2学期',14,4,'WHO5','WHO-5 幸福感指数',18,'正常','当前幸福感总体正常','建议保持规律作息并定期复测','COMPLETED','2023-03-20 09:00:00','2023-03-20 09:00:00','2023-03-20 09:00:00'),(288,'2022010405','第1学期',14,4,'WHO5','WHO-5 幸福感指数',7,'较差','当前幸福感偏低，建议进一步评估情绪状态','建议继续做 PHQ-9 或联系心理老师','COMPLETED','2022-09-20 09:00:00','2022-09-20 09:00:00','2022-09-20 09:00:00'),(289,'2022010404','第8学期',14,4,'WHO5','WHO-5 幸福感指数',7,'较差','当前幸福感偏低，建议进一步评估情绪状态','建议继续做 PHQ-9 或联系心理老师','COMPLETED','2026-03-19 09:00:00','2026-03-19 09:00:00','2026-03-19 09:00:00'),(290,'2022010404','第7学期',14,4,'WHO5','WHO-5 幸福感指数',18,'正常','当前幸福感总体正常','建议保持规律作息并定期复测','COMPLETED','2025-09-19 09:00:00','2025-09-19 09:00:00','2025-09-19 09:00:00'),(291,'2022010404','第6学期',14,4,'WHO5','WHO-5 幸福感指数',18,'正常','当前幸福感总体正常','建议保持规律作息并定期复测','COMPLETED','2025-03-19 09:00:00','2025-03-19 09:00:00','2025-03-19 09:00:00'),(292,'2022010404','第5学期',14,4,'WHO5','WHO-5 幸福感指数',7,'较差','当前幸福感偏低，建议进一步评估情绪状态','建议继续做 PHQ-9 或联系心理老师','COMPLETED','2024-09-19 09:00:00','2024-09-19 09:00:00','2024-09-19 09:00:00'),(293,'2022010404','第4学期',14,4,'WHO5','WHO-5 幸福感指数',18,'正常','当前幸福感总体正常','建议保持规律作息并定期复测','COMPLETED','2024-03-19 09:00:00','2024-03-19 09:00:00','2024-03-19 09:00:00'),(294,'2022010404','第3学期',14,4,'WHO5','WHO-5 幸福感指数',18,'正常','当前幸福感总体正常','建议保持规律作息并定期复测','COMPLETED','2023-09-19 09:00:00','2023-09-19 09:00:00','2023-09-19 09:00:00'),(295,'2022010404','第2学期',14,4,'WHO5','WHO-5 幸福感指数',7,'较差','当前幸福感偏低，建议进一步评估情绪状态','建议继续做 PHQ-9 或联系心理老师','COMPLETED','2023-03-19 09:00:00','2023-03-19 09:00:00','2023-03-19 09:00:00'),(296,'2022010404','第1学期',14,4,'WHO5','WHO-5 幸福感指数',18,'正常','当前幸福感总体正常','建议保持规律作息并定期复测','COMPLETED','2022-09-19 09:00:00','2022-09-19 09:00:00','2022-09-19 09:00:00'),(297,'2022010403','第8学期',14,4,'WHO5','WHO-5 幸福感指数',7,'较差','当前幸福感偏低，建议进一步评估情绪状态','建议继续做 PHQ-9 或联系心理老师','COMPLETED','2026-03-18 09:00:00','2026-03-18 09:00:00','2026-03-18 09:00:00'),(298,'2022010403','第7学期',14,4,'WHO5','WHO-5 幸福感指数',18,'正常','当前幸福感总体正常','建议保持规律作息并定期复测','COMPLETED','2025-09-18 09:00:00','2025-09-18 09:00:00','2025-09-18 09:00:00'),(299,'2022010403','第6学期',14,4,'WHO5','WHO-5 幸福感指数',7,'较差','当前幸福感偏低，建议进一步评估情绪状态','建议继续做 PHQ-9 或联系心理老师','COMPLETED','2025-03-18 09:00:00','2025-03-18 09:00:00','2025-03-18 09:00:00'),(300,'2022010403','第5学期',14,4,'WHO5','WHO-5 幸福感指数',18,'正常','当前幸福感总体正常','建议保持规律作息并定期复测','COMPLETED','2024-09-18 09:00:00','2024-09-18 09:00:00','2024-09-18 09:00:00'),(301,'2022010403','第4学期',14,4,'WHO5','WHO-5 幸福感指数',18,'正常','当前幸福感总体正常','建议保持规律作息并定期复测','COMPLETED','2024-03-18 09:00:00','2024-03-18 09:00:00','2024-03-18 09:00:00'),(302,'2022010403','第3学期',14,4,'WHO5','WHO-5 幸福感指数',7,'较差','当前幸福感偏低，建议进一步评估情绪状态','建议继续做 PHQ-9 或联系心理老师','COMPLETED','2023-09-18 09:00:00','2023-09-18 09:00:00','2023-09-18 09:00:00'),(303,'2022010403','第2学期',14,4,'WHO5','WHO-5 幸福感指数',18,'正常','当前幸福感总体正常','建议保持规律作息并定期复测','COMPLETED','2023-03-18 09:00:00','2023-03-18 09:00:00','2023-03-18 09:00:00'),(304,'2022010403','第1学期',14,4,'WHO5','WHO-5 幸福感指数',18,'正常','当前幸福感总体正常','建议保持规律作息并定期复测','COMPLETED','2022-09-18 09:00:00','2022-09-18 09:00:00','2022-09-18 09:00:00'),(305,'2022010402','第8学期',14,4,'WHO5','WHO-5 幸福感指数',18,'正常','当前幸福感总体正常','建议保持规律作息并定期复测','COMPLETED','2026-03-17 09:00:00','2026-03-17 09:00:00','2026-03-17 09:00:00'),(306,'2022010402','第7学期',14,4,'WHO5','WHO-5 幸福感指数',7,'较差','当前幸福感偏低，建议进一步评估情绪状态','建议继续做 PHQ-9 或联系心理老师','COMPLETED','2025-09-17 09:00:00','2025-09-17 09:00:00','2025-09-17 09:00:00'),(307,'2022010402','第6学期',14,4,'WHO5','WHO-5 幸福感指数',18,'正常','当前幸福感总体正常','建议保持规律作息并定期复测','COMPLETED','2025-03-17 09:00:00','2025-03-17 09:00:00','2025-03-17 09:00:00'),(308,'2022010402','第5学期',14,4,'WHO5','WHO-5 幸福感指数',18,'正常','当前幸福感总体正常','建议保持规律作息并定期复测','COMPLETED','2024-09-17 09:00:00','2024-09-17 09:00:00','2024-09-17 09:00:00'),(309,'2022010402','第4学期',14,4,'WHO5','WHO-5 幸福感指数',7,'较差','当前幸福感偏低，建议进一步评估情绪状态','建议继续做 PHQ-9 或联系心理老师','COMPLETED','2024-03-17 09:00:00','2024-03-17 09:00:00','2024-03-17 09:00:00'),(310,'2022010402','第3学期',14,4,'WHO5','WHO-5 幸福感指数',18,'正常','当前幸福感总体正常','建议保持规律作息并定期复测','COMPLETED','2023-09-17 09:00:00','2023-09-17 09:00:00','2023-09-17 09:00:00'),(311,'2022010402','第2学期',14,4,'WHO5','WHO-5 幸福感指数',18,'正常','当前幸福感总体正常','建议保持规律作息并定期复测','COMPLETED','2023-03-17 09:00:00','2023-03-17 09:00:00','2023-03-17 09:00:00'),(312,'2022010402','第1学期',14,4,'WHO5','WHO-5 幸福感指数',7,'较差','当前幸福感偏低，建议进一步评估情绪状态','建议继续做 PHQ-9 或联系心理老师','COMPLETED','2022-09-17 09:00:00','2022-09-17 09:00:00','2022-09-17 09:00:00'),(313,'2022010401','第8学期',14,4,'WHO5','WHO-5 幸福感指数',7,'较差','当前幸福感偏低，建议进一步评估情绪状态','建议继续做 PHQ-9 或联系心理老师','COMPLETED','2026-03-16 09:00:00','2026-03-16 09:00:00','2026-03-16 09:00:00'),(314,'2022010401','第7学期',14,4,'WHO5','WHO-5 幸福感指数',18,'正常','当前幸福感总体正常','建议保持规律作息并定期复测','COMPLETED','2025-09-16 09:00:00','2025-09-16 09:00:00','2025-09-16 09:00:00'),(315,'2022010401','第6学期',14,4,'WHO5','WHO-5 幸福感指数',18,'正常','当前幸福感总体正常','建议保持规律作息并定期复测','COMPLETED','2025-03-16 09:00:00','2025-03-16 09:00:00','2025-03-16 09:00:00'),(316,'2022010401','第5学期',14,4,'WHO5','WHO-5 幸福感指数',7,'较差','当前幸福感偏低，建议进一步评估情绪状态','建议继续做 PHQ-9 或联系心理老师','COMPLETED','2024-09-16 09:00:00','2024-09-16 09:00:00','2024-09-16 09:00:00'),(317,'2022010401','第4学期',14,4,'WHO5','WHO-5 幸福感指数',18,'正常','当前幸福感总体正常','建议保持规律作息并定期复测','COMPLETED','2024-03-16 09:00:00','2024-03-16 09:00:00','2024-03-16 09:00:00'),(318,'2022010401','第3学期',14,4,'WHO5','WHO-5 幸福感指数',18,'正常','当前幸福感总体正常','建议保持规律作息并定期复测','COMPLETED','2023-09-16 09:00:00','2023-09-16 09:00:00','2023-09-16 09:00:00'),(319,'2022010401','第2学期',14,4,'WHO5','WHO-5 幸福感指数',7,'较差','当前幸福感偏低，建议进一步评估情绪状态','建议继续做 PHQ-9 或联系心理老师','COMPLETED','2023-03-16 09:00:00','2023-03-16 09:00:00','2023-03-16 09:00:00'),(320,'2022010401','第1学期',14,4,'WHO5','WHO-5 幸福感指数',18,'正常','当前幸福感总体正常','建议保持规律作息并定期复测','COMPLETED','2022-09-16 09:00:00','2022-09-16 09:00:00','2022-09-16 09:00:00'),(321,'2022010510','第8学期',14,4,'WHO5','WHO-5 幸福感指数',18,'正常','当前幸福感总体正常','建议保持规律作息并定期复测','COMPLETED','2026-03-25 09:00:00','2026-03-25 09:00:00','2026-03-25 09:00:00'),(322,'2022010510','第7学期',14,4,'WHO5','WHO-5 幸福感指数',7,'较差','当前幸福感偏低，建议进一步评估情绪状态','建议继续做 PHQ-9 或联系心理老师','COMPLETED','2025-09-25 09:00:00','2025-09-25 09:00:00','2025-09-25 09:00:00'),(323,'2022010510','第6学期',14,4,'WHO5','WHO-5 幸福感指数',18,'正常','当前幸福感总体正常','建议保持规律作息并定期复测','COMPLETED','2025-03-25 09:00:00','2025-03-25 09:00:00','2025-03-25 09:00:00'),(324,'2022010510','第5学期',14,4,'WHO5','WHO-5 幸福感指数',18,'正常','当前幸福感总体正常','建议保持规律作息并定期复测','COMPLETED','2024-09-25 09:00:00','2024-09-25 09:00:00','2024-09-25 09:00:00'),(325,'2022010510','第4学期',14,4,'WHO5','WHO-5 幸福感指数',7,'较差','当前幸福感偏低，建议进一步评估情绪状态','建议继续做 PHQ-9 或联系心理老师','COMPLETED','2024-03-25 09:00:00','2024-03-25 09:00:00','2024-03-25 09:00:00'),(326,'2022010510','第3学期',14,4,'WHO5','WHO-5 幸福感指数',18,'正常','当前幸福感总体正常','建议保持规律作息并定期复测','COMPLETED','2023-09-25 09:00:00','2023-09-25 09:00:00','2023-09-25 09:00:00'),(327,'2022010510','第2学期',14,4,'WHO5','WHO-5 幸福感指数',18,'正常','当前幸福感总体正常','建议保持规律作息并定期复测','COMPLETED','2023-03-25 09:00:00','2023-03-25 09:00:00','2023-03-25 09:00:00'),(328,'2022010510','第1学期',14,4,'WHO5','WHO-5 幸福感指数',7,'较差','当前幸福感偏低，建议进一步评估情绪状态','建议继续做 PHQ-9 或联系心理老师','COMPLETED','2022-09-25 09:00:00','2022-09-25 09:00:00','2022-09-25 09:00:00'),(329,'2022010509','第8学期',14,4,'WHO5','WHO-5 幸福感指数',7,'较差','当前幸福感偏低，建议进一步评估情绪状态','建议继续做 PHQ-9 或联系心理老师','COMPLETED','2026-03-24 09:00:00','2026-03-24 09:00:00','2026-03-24 09:00:00'),(330,'2022010509','第7学期',14,4,'WHO5','WHO-5 幸福感指数',18,'正常','当前幸福感总体正常','建议保持规律作息并定期复测','COMPLETED','2025-09-24 09:00:00','2025-09-24 09:00:00','2025-09-24 09:00:00'),(331,'2022010509','第6学期',14,4,'WHO5','WHO-5 幸福感指数',18,'正常','当前幸福感总体正常','建议保持规律作息并定期复测','COMPLETED','2025-03-24 09:00:00','2025-03-24 09:00:00','2025-03-24 09:00:00'),(332,'2022010509','第5学期',14,4,'WHO5','WHO-5 幸福感指数',7,'较差','当前幸福感偏低，建议进一步评估情绪状态','建议继续做 PHQ-9 或联系心理老师','COMPLETED','2024-09-24 09:00:00','2024-09-24 09:00:00','2024-09-24 09:00:00'),(333,'2022010509','第4学期',14,4,'WHO5','WHO-5 幸福感指数',18,'正常','当前幸福感总体正常','建议保持规律作息并定期复测','COMPLETED','2024-03-24 09:00:00','2024-03-24 09:00:00','2024-03-24 09:00:00'),(334,'2022010509','第3学期',14,4,'WHO5','WHO-5 幸福感指数',18,'正常','当前幸福感总体正常','建议保持规律作息并定期复测','COMPLETED','2023-09-24 09:00:00','2023-09-24 09:00:00','2023-09-24 09:00:00'),(335,'2022010509','第2学期',14,4,'WHO5','WHO-5 幸福感指数',7,'较差','当前幸福感偏低，建议进一步评估情绪状态','建议继续做 PHQ-9 或联系心理老师','COMPLETED','2023-03-24 09:00:00','2023-03-24 09:00:00','2023-03-24 09:00:00'),(336,'2022010509','第1学期',14,4,'WHO5','WHO-5 幸福感指数',18,'正常','当前幸福感总体正常','建议保持规律作息并定期复测','COMPLETED','2022-09-24 09:00:00','2022-09-24 09:00:00','2022-09-24 09:00:00'),(337,'2022010508','第8学期',14,4,'WHO5','WHO-5 幸福感指数',7,'较差','当前幸福感偏低，建议进一步评估情绪状态','建议继续做 PHQ-9 或联系心理老师','COMPLETED','2026-03-23 09:00:00','2026-03-23 09:00:00','2026-03-23 09:00:00'),(338,'2022010508','第7学期',14,4,'WHO5','WHO-5 幸福感指数',18,'正常','当前幸福感总体正常','建议保持规律作息并定期复测','COMPLETED','2025-09-23 09:00:00','2025-09-23 09:00:00','2025-09-23 09:00:00'),(339,'2022010508','第6学期',14,4,'WHO5','WHO-5 幸福感指数',7,'较差','当前幸福感偏低，建议进一步评估情绪状态','建议继续做 PHQ-9 或联系心理老师','COMPLETED','2025-03-23 09:00:00','2025-03-23 09:00:00','2025-03-23 09:00:00'),(340,'2022010508','第5学期',14,4,'WHO5','WHO-5 幸福感指数',18,'正常','当前幸福感总体正常','建议保持规律作息并定期复测','COMPLETED','2024-09-23 09:00:00','2024-09-23 09:00:00','2024-09-23 09:00:00'),(341,'2022010508','第4学期',14,4,'WHO5','WHO-5 幸福感指数',18,'正常','当前幸福感总体正常','建议保持规律作息并定期复测','COMPLETED','2024-03-23 09:00:00','2024-03-23 09:00:00','2024-03-23 09:00:00'),(342,'2022010508','第3学期',14,4,'WHO5','WHO-5 幸福感指数',7,'较差','当前幸福感偏低，建议进一步评估情绪状态','建议继续做 PHQ-9 或联系心理老师','COMPLETED','2023-09-23 09:00:00','2023-09-23 09:00:00','2023-09-23 09:00:00'),(343,'2022010508','第2学期',14,4,'WHO5','WHO-5 幸福感指数',18,'正常','当前幸福感总体正常','建议保持规律作息并定期复测','COMPLETED','2023-03-23 09:00:00','2023-03-23 09:00:00','2023-03-23 09:00:00'),(344,'2022010508','第1学期',14,4,'WHO5','WHO-5 幸福感指数',18,'正常','当前幸福感总体正常','建议保持规律作息并定期复测','COMPLETED','2022-09-23 09:00:00','2022-09-23 09:00:00','2022-09-23 09:00:00'),(345,'2022010507','第8学期',14,4,'WHO5','WHO-5 幸福感指数',18,'正常','当前幸福感总体正常','建议保持规律作息并定期复测','COMPLETED','2026-03-22 09:00:00','2026-03-22 09:00:00','2026-03-22 09:00:00'),(346,'2022010507','第7学期',14,4,'WHO5','WHO-5 幸福感指数',7,'较差','当前幸福感偏低，建议进一步评估情绪状态','建议继续做 PHQ-9 或联系心理老师','COMPLETED','2025-09-22 09:00:00','2025-09-22 09:00:00','2025-09-22 09:00:00'),(347,'2022010507','第6学期',14,4,'WHO5','WHO-5 幸福感指数',18,'正常','当前幸福感总体正常','建议保持规律作息并定期复测','COMPLETED','2025-03-22 09:00:00','2025-03-22 09:00:00','2025-03-22 09:00:00'),(348,'2022010507','第5学期',14,4,'WHO5','WHO-5 幸福感指数',18,'正常','当前幸福感总体正常','建议保持规律作息并定期复测','COMPLETED','2024-09-22 09:00:00','2024-09-22 09:00:00','2024-09-22 09:00:00'),(349,'2022010507','第4学期',14,4,'WHO5','WHO-5 幸福感指数',7,'较差','当前幸福感偏低，建议进一步评估情绪状态','建议继续做 PHQ-9 或联系心理老师','COMPLETED','2024-03-22 09:00:00','2024-03-22 09:00:00','2024-03-22 09:00:00'),(350,'2022010507','第3学期',14,4,'WHO5','WHO-5 幸福感指数',18,'正常','当前幸福感总体正常','建议保持规律作息并定期复测','COMPLETED','2023-09-22 09:00:00','2023-09-22 09:00:00','2023-09-22 09:00:00'),(351,'2022010507','第2学期',14,4,'WHO5','WHO-5 幸福感指数',18,'正常','当前幸福感总体正常','建议保持规律作息并定期复测','COMPLETED','2023-03-22 09:00:00','2023-03-22 09:00:00','2023-03-22 09:00:00'),(352,'2022010507','第1学期',14,4,'WHO5','WHO-5 幸福感指数',7,'较差','当前幸福感偏低，建议进一步评估情绪状态','建议继续做 PHQ-9 或联系心理老师','COMPLETED','2022-09-22 09:00:00','2022-09-22 09:00:00','2022-09-22 09:00:00'),(353,'2022010506','第8学期',14,4,'WHO5','WHO-5 幸福感指数',7,'较差','当前幸福感偏低，建议进一步评估情绪状态','建议继续做 PHQ-9 或联系心理老师','COMPLETED','2026-03-21 09:00:00','2026-03-21 09:00:00','2026-03-21 09:00:00'),(354,'2022010506','第7学期',14,4,'WHO5','WHO-5 幸福感指数',18,'正常','当前幸福感总体正常','建议保持规律作息并定期复测','COMPLETED','2025-09-21 09:00:00','2025-09-21 09:00:00','2025-09-21 09:00:00'),(355,'2022010506','第6学期',14,4,'WHO5','WHO-5 幸福感指数',18,'正常','当前幸福感总体正常','建议保持规律作息并定期复测','COMPLETED','2025-03-21 09:00:00','2025-03-21 09:00:00','2025-03-21 09:00:00'),(356,'2022010506','第5学期',14,4,'WHO5','WHO-5 幸福感指数',7,'较差','当前幸福感偏低，建议进一步评估情绪状态','建议继续做 PHQ-9 或联系心理老师','COMPLETED','2024-09-21 09:00:00','2024-09-21 09:00:00','2024-09-21 09:00:00'),(357,'2022010506','第4学期',14,4,'WHO5','WHO-5 幸福感指数',18,'正常','当前幸福感总体正常','建议保持规律作息并定期复测','COMPLETED','2024-03-21 09:00:00','2024-03-21 09:00:00','2024-03-21 09:00:00'),(358,'2022010506','第3学期',14,4,'WHO5','WHO-5 幸福感指数',18,'正常','当前幸福感总体正常','建议保持规律作息并定期复测','COMPLETED','2023-09-21 09:00:00','2023-09-21 09:00:00','2023-09-21 09:00:00'),(359,'2022010506','第2学期',14,4,'WHO5','WHO-5 幸福感指数',7,'较差','当前幸福感偏低，建议进一步评估情绪状态','建议继续做 PHQ-9 或联系心理老师','COMPLETED','2023-03-21 09:00:00','2023-03-21 09:00:00','2023-03-21 09:00:00'),(360,'2022010506','第1学期',14,4,'WHO5','WHO-5 幸福感指数',18,'正常','当前幸福感总体正常','建议保持规律作息并定期复测','COMPLETED','2022-09-21 09:00:00','2022-09-21 09:00:00','2022-09-21 09:00:00'),(361,'2022010505','第8学期',14,4,'WHO5','WHO-5 幸福感指数',7,'较差','当前幸福感偏低，建议进一步评估情绪状态','建议继续做 PHQ-9 或联系心理老师','COMPLETED','2026-03-20 09:00:00','2026-03-20 09:00:00','2026-03-20 09:00:00'),(362,'2022010505','第7学期',14,4,'WHO5','WHO-5 幸福感指数',18,'正常','当前幸福感总体正常','建议保持规律作息并定期复测','COMPLETED','2025-09-20 09:00:00','2025-09-20 09:00:00','2025-09-20 09:00:00'),(363,'2022010505','第6学期',14,4,'WHO5','WHO-5 幸福感指数',7,'较差','当前幸福感偏低，建议进一步评估情绪状态','建议继续做 PHQ-9 或联系心理老师','COMPLETED','2025-03-20 09:00:00','2025-03-20 09:00:00','2025-03-20 09:00:00'),(364,'2022010505','第5学期',14,4,'WHO5','WHO-5 幸福感指数',18,'正常','当前幸福感总体正常','建议保持规律作息并定期复测','COMPLETED','2024-09-20 09:00:00','2024-09-20 09:00:00','2024-09-20 09:00:00'),(365,'2022010505','第4学期',14,4,'WHO5','WHO-5 幸福感指数',18,'正常','当前幸福感总体正常','建议保持规律作息并定期复测','COMPLETED','2024-03-20 09:00:00','2024-03-20 09:00:00','2024-03-20 09:00:00'),(366,'2022010505','第3学期',14,4,'WHO5','WHO-5 幸福感指数',7,'较差','当前幸福感偏低，建议进一步评估情绪状态','建议继续做 PHQ-9 或联系心理老师','COMPLETED','2023-09-20 09:00:00','2023-09-20 09:00:00','2023-09-20 09:00:00'),(367,'2022010505','第2学期',14,4,'WHO5','WHO-5 幸福感指数',18,'正常','当前幸福感总体正常','建议保持规律作息并定期复测','COMPLETED','2023-03-20 09:00:00','2023-03-20 09:00:00','2023-03-20 09:00:00'),(368,'2022010505','第1学期',14,4,'WHO5','WHO-5 幸福感指数',18,'正常','当前幸福感总体正常','建议保持规律作息并定期复测','COMPLETED','2022-09-20 09:00:00','2022-09-20 09:00:00','2022-09-20 09:00:00'),(369,'2022010504','第8学期',14,4,'WHO5','WHO-5 幸福感指数',18,'正常','当前幸福感总体正常','建议保持规律作息并定期复测','COMPLETED','2026-03-19 09:00:00','2026-03-19 09:00:00','2026-03-19 09:00:00'),(370,'2022010504','第7学期',14,4,'WHO5','WHO-5 幸福感指数',7,'较差','当前幸福感偏低，建议进一步评估情绪状态','建议继续做 PHQ-9 或联系心理老师','COMPLETED','2025-09-19 09:00:00','2025-09-19 09:00:00','2025-09-19 09:00:00'),(371,'2022010504','第6学期',14,4,'WHO5','WHO-5 幸福感指数',18,'正常','当前幸福感总体正常','建议保持规律作息并定期复测','COMPLETED','2025-03-19 09:00:00','2025-03-19 09:00:00','2025-03-19 09:00:00'),(372,'2022010504','第5学期',14,4,'WHO5','WHO-5 幸福感指数',18,'正常','当前幸福感总体正常','建议保持规律作息并定期复测','COMPLETED','2024-09-19 09:00:00','2024-09-19 09:00:00','2024-09-19 09:00:00'),(373,'2022010504','第4学期',14,4,'WHO5','WHO-5 幸福感指数',7,'较差','当前幸福感偏低，建议进一步评估情绪状态','建议继续做 PHQ-9 或联系心理老师','COMPLETED','2024-03-19 09:00:00','2024-03-19 09:00:00','2024-03-19 09:00:00'),(374,'2022010504','第3学期',14,4,'WHO5','WHO-5 幸福感指数',18,'正常','当前幸福感总体正常','建议保持规律作息并定期复测','COMPLETED','2023-09-19 09:00:00','2023-09-19 09:00:00','2023-09-19 09:00:00'),(375,'2022010504','第2学期',14,4,'WHO5','WHO-5 幸福感指数',18,'正常','当前幸福感总体正常','建议保持规律作息并定期复测','COMPLETED','2023-03-19 09:00:00','2023-03-19 09:00:00','2023-03-19 09:00:00'),(376,'2022010504','第1学期',14,4,'WHO5','WHO-5 幸福感指数',7,'较差','当前幸福感偏低，建议进一步评估情绪状态','建议继续做 PHQ-9 或联系心理老师','COMPLETED','2022-09-19 09:00:00','2022-09-19 09:00:00','2022-09-19 09:00:00'),(377,'2022010503','第8学期',14,4,'WHO5','WHO-5 幸福感指数',7,'较差','当前幸福感偏低，建议进一步评估情绪状态','建议继续做 PHQ-9 或联系心理老师','COMPLETED','2026-03-18 09:00:00','2026-03-18 09:00:00','2026-03-18 09:00:00'),(378,'2022010503','第7学期',14,4,'WHO5','WHO-5 幸福感指数',18,'正常','当前幸福感总体正常','建议保持规律作息并定期复测','COMPLETED','2025-09-18 09:00:00','2025-09-18 09:00:00','2025-09-18 09:00:00'),(379,'2022010503','第6学期',14,4,'WHO5','WHO-5 幸福感指数',18,'正常','当前幸福感总体正常','建议保持规律作息并定期复测','COMPLETED','2025-03-18 09:00:00','2025-03-18 09:00:00','2025-03-18 09:00:00'),(380,'2022010503','第5学期',14,4,'WHO5','WHO-5 幸福感指数',7,'较差','当前幸福感偏低，建议进一步评估情绪状态','建议继续做 PHQ-9 或联系心理老师','COMPLETED','2024-09-18 09:00:00','2024-09-18 09:00:00','2024-09-18 09:00:00'),(381,'2022010503','第4学期',14,4,'WHO5','WHO-5 幸福感指数',18,'正常','当前幸福感总体正常','建议保持规律作息并定期复测','COMPLETED','2024-03-18 09:00:00','2024-03-18 09:00:00','2024-03-18 09:00:00'),(382,'2022010503','第3学期',14,4,'WHO5','WHO-5 幸福感指数',18,'正常','当前幸福感总体正常','建议保持规律作息并定期复测','COMPLETED','2023-09-18 09:00:00','2023-09-18 09:00:00','2023-09-18 09:00:00'),(383,'2022010503','第2学期',14,4,'WHO5','WHO-5 幸福感指数',7,'较差','当前幸福感偏低，建议进一步评估情绪状态','建议继续做 PHQ-9 或联系心理老师','COMPLETED','2023-03-18 09:00:00','2023-03-18 09:00:00','2023-03-18 09:00:00'),(384,'2022010503','第1学期',14,4,'WHO5','WHO-5 幸福感指数',18,'正常','当前幸福感总体正常','建议保持规律作息并定期复测','COMPLETED','2022-09-18 09:00:00','2022-09-18 09:00:00','2022-09-18 09:00:00'),(385,'2022010502','第8学期',14,4,'WHO5','WHO-5 幸福感指数',7,'较差','当前幸福感偏低，建议进一步评估情绪状态','建议继续做 PHQ-9 或联系心理老师','COMPLETED','2026-03-17 09:00:00','2026-03-17 09:00:00','2026-03-17 09:00:00'),(386,'2022010502','第7学期',14,4,'WHO5','WHO-5 幸福感指数',18,'正常','当前幸福感总体正常','建议保持规律作息并定期复测','COMPLETED','2025-09-17 09:00:00','2025-09-17 09:00:00','2025-09-17 09:00:00'),(387,'2022010502','第6学期',14,4,'WHO5','WHO-5 幸福感指数',7,'较差','当前幸福感偏低，建议进一步评估情绪状态','建议继续做 PHQ-9 或联系心理老师','COMPLETED','2025-03-17 09:00:00','2025-03-17 09:00:00','2025-03-17 09:00:00'),(388,'2022010502','第5学期',14,4,'WHO5','WHO-5 幸福感指数',18,'正常','当前幸福感总体正常','建议保持规律作息并定期复测','COMPLETED','2024-09-17 09:00:00','2024-09-17 09:00:00','2024-09-17 09:00:00'),(389,'2022010502','第4学期',14,4,'WHO5','WHO-5 幸福感指数',18,'正常','当前幸福感总体正常','建议保持规律作息并定期复测','COMPLETED','2024-03-17 09:00:00','2024-03-17 09:00:00','2024-03-17 09:00:00'),(390,'2022010502','第3学期',14,4,'WHO5','WHO-5 幸福感指数',7,'较差','当前幸福感偏低，建议进一步评估情绪状态','建议继续做 PHQ-9 或联系心理老师','COMPLETED','2023-09-17 09:00:00','2023-09-17 09:00:00','2023-09-17 09:00:00'),(391,'2022010502','第2学期',14,4,'WHO5','WHO-5 幸福感指数',18,'正常','当前幸福感总体正常','建议保持规律作息并定期复测','COMPLETED','2023-03-17 09:00:00','2023-03-17 09:00:00','2023-03-17 09:00:00'),(392,'2022010502','第1学期',14,4,'WHO5','WHO-5 幸福感指数',18,'正常','当前幸福感总体正常','建议保持规律作息并定期复测','COMPLETED','2022-09-17 09:00:00','2022-09-17 09:00:00','2022-09-17 09:00:00'),(393,'2022010501','第8学期',14,4,'WHO5','WHO-5 幸福感指数',18,'正常','当前幸福感总体正常','建议保持规律作息并定期复测','COMPLETED','2026-03-16 09:00:00','2026-03-16 09:00:00','2026-03-16 09:00:00'),(394,'2022010501','第7学期',14,4,'WHO5','WHO-5 幸福感指数',7,'较差','当前幸福感偏低，建议进一步评估情绪状态','建议继续做 PHQ-9 或联系心理老师','COMPLETED','2025-09-16 09:00:00','2025-09-16 09:00:00','2025-09-16 09:00:00'),(395,'2022010501','第6学期',14,4,'WHO5','WHO-5 幸福感指数',18,'正常','当前幸福感总体正常','建议保持规律作息并定期复测','COMPLETED','2025-03-16 09:00:00','2025-03-16 09:00:00','2025-03-16 09:00:00'),(396,'2022010501','第5学期',14,4,'WHO5','WHO-5 幸福感指数',18,'正常','当前幸福感总体正常','建议保持规律作息并定期复测','COMPLETED','2024-09-16 09:00:00','2024-09-16 09:00:00','2024-09-16 09:00:00'),(397,'2022010501','第4学期',14,4,'WHO5','WHO-5 幸福感指数',7,'较差','当前幸福感偏低，建议进一步评估情绪状态','建议继续做 PHQ-9 或联系心理老师','COMPLETED','2024-03-16 09:00:00','2024-03-16 09:00:00','2024-03-16 09:00:00'),(398,'2022010501','第3学期',14,4,'WHO5','WHO-5 幸福感指数',18,'正常','当前幸福感总体正常','建议保持规律作息并定期复测','COMPLETED','2023-09-16 09:00:00','2023-09-16 09:00:00','2023-09-16 09:00:00'),(399,'2022010501','第2学期',14,4,'WHO5','WHO-5 幸福感指数',18,'正常','当前幸福感总体正常','建议保持规律作息并定期复测','COMPLETED','2023-03-16 09:00:00','2023-03-16 09:00:00','2023-03-16 09:00:00'),(400,'2022010501','第1学期',14,4,'WHO5','WHO-5 幸福感指数',7,'较差','当前幸福感偏低，建议进一步评估情绪状态','建议继续做 PHQ-9 或联系心理老师','COMPLETED','2022-09-16 09:00:00','2022-09-16 09:00:00','2022-09-16 09:00:00'),(401,'2022010610','第8学期',14,4,'WHO5','WHO-5 幸福感指数',7,'较差','当前幸福感偏低，建议进一步评估情绪状态','建议继续做 PHQ-9 或联系心理老师','COMPLETED','2026-03-25 09:00:00','2026-03-25 09:00:00','2026-03-25 09:00:00'),(402,'2022010610','第7学期',14,4,'WHO5','WHO-5 幸福感指数',18,'正常','当前幸福感总体正常','建议保持规律作息并定期复测','COMPLETED','2025-09-25 09:00:00','2025-09-25 09:00:00','2025-09-25 09:00:00'),(403,'2022010610','第6学期',14,4,'WHO5','WHO-5 幸福感指数',7,'较差','当前幸福感偏低，建议进一步评估情绪状态','建议继续做 PHQ-9 或联系心理老师','COMPLETED','2025-03-25 09:00:00','2025-03-25 09:00:00','2025-03-25 09:00:00'),(404,'2022010610','第5学期',14,4,'WHO5','WHO-5 幸福感指数',18,'正常','当前幸福感总体正常','建议保持规律作息并定期复测','COMPLETED','2024-09-25 09:00:00','2024-09-25 09:00:00','2024-09-25 09:00:00'),(405,'2022010610','第4学期',14,4,'WHO5','WHO-5 幸福感指数',18,'正常','当前幸福感总体正常','建议保持规律作息并定期复测','COMPLETED','2024-03-25 09:00:00','2024-03-25 09:00:00','2024-03-25 09:00:00'),(406,'2022010610','第3学期',14,4,'WHO5','WHO-5 幸福感指数',7,'较差','当前幸福感偏低，建议进一步评估情绪状态','建议继续做 PHQ-9 或联系心理老师','COMPLETED','2023-09-25 09:00:00','2023-09-25 09:00:00','2023-09-25 09:00:00'),(407,'2022010610','第2学期',14,4,'WHO5','WHO-5 幸福感指数',18,'正常','当前幸福感总体正常','建议保持规律作息并定期复测','COMPLETED','2023-03-25 09:00:00','2023-03-25 09:00:00','2023-03-25 09:00:00'),(408,'2022010610','第1学期',14,4,'WHO5','WHO-5 幸福感指数',18,'正常','当前幸福感总体正常','建议保持规律作息并定期复测','COMPLETED','2022-09-25 09:00:00','2022-09-25 09:00:00','2022-09-25 09:00:00'),(409,'2022010609','第8学期',14,4,'WHO5','WHO-5 幸福感指数',18,'正常','当前幸福感总体正常','建议保持规律作息并定期复测','COMPLETED','2026-03-24 09:00:00','2026-03-24 09:00:00','2026-03-24 09:00:00'),(410,'2022010609','第7学期',14,4,'WHO5','WHO-5 幸福感指数',7,'较差','当前幸福感偏低，建议进一步评估情绪状态','建议继续做 PHQ-9 或联系心理老师','COMPLETED','2025-09-24 09:00:00','2025-09-24 09:00:00','2025-09-24 09:00:00'),(411,'2022010609','第6学期',14,4,'WHO5','WHO-5 幸福感指数',18,'正常','当前幸福感总体正常','建议保持规律作息并定期复测','COMPLETED','2025-03-24 09:00:00','2025-03-24 09:00:00','2025-03-24 09:00:00'),(412,'2022010609','第5学期',14,4,'WHO5','WHO-5 幸福感指数',18,'正常','当前幸福感总体正常','建议保持规律作息并定期复测','COMPLETED','2024-09-24 09:00:00','2024-09-24 09:00:00','2024-09-24 09:00:00'),(413,'2022010609','第4学期',14,4,'WHO5','WHO-5 幸福感指数',7,'较差','当前幸福感偏低，建议进一步评估情绪状态','建议继续做 PHQ-9 或联系心理老师','COMPLETED','2024-03-24 09:00:00','2024-03-24 09:00:00','2024-03-24 09:00:00'),(414,'2022010609','第3学期',14,4,'WHO5','WHO-5 幸福感指数',18,'正常','当前幸福感总体正常','建议保持规律作息并定期复测','COMPLETED','2023-09-24 09:00:00','2023-09-24 09:00:00','2023-09-24 09:00:00'),(415,'2022010609','第2学期',14,4,'WHO5','WHO-5 幸福感指数',18,'正常','当前幸福感总体正常','建议保持规律作息并定期复测','COMPLETED','2023-03-24 09:00:00','2023-03-24 09:00:00','2023-03-24 09:00:00'),(416,'2022010609','第1学期',14,4,'WHO5','WHO-5 幸福感指数',7,'较差','当前幸福感偏低，建议进一步评估情绪状态','建议继续做 PHQ-9 或联系心理老师','COMPLETED','2022-09-24 09:00:00','2022-09-24 09:00:00','2022-09-24 09:00:00'),(417,'2022010608','第8学期',14,4,'WHO5','WHO-5 幸福感指数',7,'较差','当前幸福感偏低，建议进一步评估情绪状态','建议继续做 PHQ-9 或联系心理老师','COMPLETED','2026-03-23 09:00:00','2026-03-23 09:00:00','2026-03-23 09:00:00'),(418,'2022010608','第7学期',14,4,'WHO5','WHO-5 幸福感指数',18,'正常','当前幸福感总体正常','建议保持规律作息并定期复测','COMPLETED','2025-09-23 09:00:00','2025-09-23 09:00:00','2025-09-23 09:00:00'),(419,'2022010608','第6学期',14,4,'WHO5','WHO-5 幸福感指数',18,'正常','当前幸福感总体正常','建议保持规律作息并定期复测','COMPLETED','2025-03-23 09:00:00','2025-03-23 09:00:00','2025-03-23 09:00:00'),(420,'2022010608','第5学期',14,4,'WHO5','WHO-5 幸福感指数',7,'较差','当前幸福感偏低，建议进一步评估情绪状态','建议继续做 PHQ-9 或联系心理老师','COMPLETED','2024-09-23 09:00:00','2024-09-23 09:00:00','2024-09-23 09:00:00'),(421,'2022010608','第4学期',14,4,'WHO5','WHO-5 幸福感指数',18,'正常','当前幸福感总体正常','建议保持规律作息并定期复测','COMPLETED','2024-03-23 09:00:00','2024-03-23 09:00:00','2024-03-23 09:00:00'),(422,'2022010608','第3学期',14,4,'WHO5','WHO-5 幸福感指数',18,'正常','当前幸福感总体正常','建议保持规律作息并定期复测','COMPLETED','2023-09-23 09:00:00','2023-09-23 09:00:00','2023-09-23 09:00:00'),(423,'2022010608','第2学期',14,4,'WHO5','WHO-5 幸福感指数',7,'较差','当前幸福感偏低，建议进一步评估情绪状态','建议继续做 PHQ-9 或联系心理老师','COMPLETED','2023-03-23 09:00:00','2023-03-23 09:00:00','2023-03-23 09:00:00'),(424,'2022010608','第1学期',14,4,'WHO5','WHO-5 幸福感指数',18,'正常','当前幸福感总体正常','建议保持规律作息并定期复测','COMPLETED','2022-09-23 09:00:00','2022-09-23 09:00:00','2022-09-23 09:00:00'),(425,'2022010607','第8学期',14,4,'WHO5','WHO-5 幸福感指数',7,'较差','当前幸福感偏低，建议进一步评估情绪状态','建议继续做 PHQ-9 或联系心理老师','COMPLETED','2026-03-22 09:00:00','2026-03-22 09:00:00','2026-03-22 09:00:00'),(426,'2022010607','第7学期',14,4,'WHO5','WHO-5 幸福感指数',18,'正常','当前幸福感总体正常','建议保持规律作息并定期复测','COMPLETED','2025-09-22 09:00:00','2025-09-22 09:00:00','2025-09-22 09:00:00'),(427,'2022010607','第6学期',14,4,'WHO5','WHO-5 幸福感指数',7,'较差','当前幸福感偏低，建议进一步评估情绪状态','建议继续做 PHQ-9 或联系心理老师','COMPLETED','2025-03-22 09:00:00','2025-03-22 09:00:00','2025-03-22 09:00:00'),(428,'2022010607','第5学期',14,4,'WHO5','WHO-5 幸福感指数',18,'正常','当前幸福感总体正常','建议保持规律作息并定期复测','COMPLETED','2024-09-22 09:00:00','2024-09-22 09:00:00','2024-09-22 09:00:00'),(429,'2022010607','第4学期',14,4,'WHO5','WHO-5 幸福感指数',18,'正常','当前幸福感总体正常','建议保持规律作息并定期复测','COMPLETED','2024-03-22 09:00:00','2024-03-22 09:00:00','2024-03-22 09:00:00'),(430,'2022010607','第3学期',14,4,'WHO5','WHO-5 幸福感指数',7,'较差','当前幸福感偏低，建议进一步评估情绪状态','建议继续做 PHQ-9 或联系心理老师','COMPLETED','2023-09-22 09:00:00','2023-09-22 09:00:00','2023-09-22 09:00:00'),(431,'2022010607','第2学期',14,4,'WHO5','WHO-5 幸福感指数',18,'正常','当前幸福感总体正常','建议保持规律作息并定期复测','COMPLETED','2023-03-22 09:00:00','2023-03-22 09:00:00','2023-03-22 09:00:00'),(432,'2022010607','第1学期',14,4,'WHO5','WHO-5 幸福感指数',18,'正常','当前幸福感总体正常','建议保持规律作息并定期复测','COMPLETED','2022-09-22 09:00:00','2022-09-22 09:00:00','2022-09-22 09:00:00'),(433,'2022010606','第8学期',14,4,'WHO5','WHO-5 幸福感指数',18,'正常','当前幸福感总体正常','建议保持规律作息并定期复测','COMPLETED','2026-03-21 09:00:00','2026-03-21 09:00:00','2026-03-21 09:00:00'),(434,'2022010606','第7学期',14,4,'WHO5','WHO-5 幸福感指数',7,'较差','当前幸福感偏低，建议进一步评估情绪状态','建议继续做 PHQ-9 或联系心理老师','COMPLETED','2025-09-21 09:00:00','2025-09-21 09:00:00','2025-09-21 09:00:00'),(435,'2022010606','第6学期',14,4,'WHO5','WHO-5 幸福感指数',18,'正常','当前幸福感总体正常','建议保持规律作息并定期复测','COMPLETED','2025-03-21 09:00:00','2025-03-21 09:00:00','2025-03-21 09:00:00'),(436,'2022010606','第5学期',14,4,'WHO5','WHO-5 幸福感指数',18,'正常','当前幸福感总体正常','建议保持规律作息并定期复测','COMPLETED','2024-09-21 09:00:00','2024-09-21 09:00:00','2024-09-21 09:00:00'),(437,'2022010606','第4学期',14,4,'WHO5','WHO-5 幸福感指数',7,'较差','当前幸福感偏低，建议进一步评估情绪状态','建议继续做 PHQ-9 或联系心理老师','COMPLETED','2024-03-21 09:00:00','2024-03-21 09:00:00','2024-03-21 09:00:00'),(438,'2022010606','第3学期',14,4,'WHO5','WHO-5 幸福感指数',18,'正常','当前幸福感总体正常','建议保持规律作息并定期复测','COMPLETED','2023-09-21 09:00:00','2023-09-21 09:00:00','2023-09-21 09:00:00'),(439,'2022010606','第2学期',14,4,'WHO5','WHO-5 幸福感指数',18,'正常','当前幸福感总体正常','建议保持规律作息并定期复测','COMPLETED','2023-03-21 09:00:00','2023-03-21 09:00:00','2023-03-21 09:00:00'),(440,'2022010606','第1学期',14,4,'WHO5','WHO-5 幸福感指数',7,'较差','当前幸福感偏低，建议进一步评估情绪状态','建议继续做 PHQ-9 或联系心理老师','COMPLETED','2022-09-21 09:00:00','2022-09-21 09:00:00','2022-09-21 09:00:00'),(441,'2022010605','第8学期',14,4,'WHO5','WHO-5 幸福感指数',7,'较差','当前幸福感偏低，建议进一步评估情绪状态','建议继续做 PHQ-9 或联系心理老师','COMPLETED','2026-03-20 09:00:00','2026-03-20 09:00:00','2026-03-20 09:00:00'),(442,'2022010605','第7学期',14,4,'WHO5','WHO-5 幸福感指数',18,'正常','当前幸福感总体正常','建议保持规律作息并定期复测','COMPLETED','2025-09-20 09:00:00','2025-09-20 09:00:00','2025-09-20 09:00:00'),(443,'2022010605','第6学期',14,4,'WHO5','WHO-5 幸福感指数',18,'正常','当前幸福感总体正常','建议保持规律作息并定期复测','COMPLETED','2025-03-20 09:00:00','2025-03-20 09:00:00','2025-03-20 09:00:00'),(444,'2022010605','第5学期',14,4,'WHO5','WHO-5 幸福感指数',7,'较差','当前幸福感偏低，建议进一步评估情绪状态','建议继续做 PHQ-9 或联系心理老师','COMPLETED','2024-09-20 09:00:00','2024-09-20 09:00:00','2024-09-20 09:00:00'),(445,'2022010605','第4学期',14,4,'WHO5','WHO-5 幸福感指数',18,'正常','当前幸福感总体正常','建议保持规律作息并定期复测','COMPLETED','2024-03-20 09:00:00','2024-03-20 09:00:00','2024-03-20 09:00:00'),(446,'2022010605','第3学期',14,4,'WHO5','WHO-5 幸福感指数',18,'正常','当前幸福感总体正常','建议保持规律作息并定期复测','COMPLETED','2023-09-20 09:00:00','2023-09-20 09:00:00','2023-09-20 09:00:00'),(447,'2022010605','第2学期',14,4,'WHO5','WHO-5 幸福感指数',7,'较差','当前幸福感偏低，建议进一步评估情绪状态','建议继续做 PHQ-9 或联系心理老师','COMPLETED','2023-03-20 09:00:00','2023-03-20 09:00:00','2023-03-20 09:00:00'),(448,'2022010605','第1学期',14,4,'WHO5','WHO-5 幸福感指数',18,'正常','当前幸福感总体正常','建议保持规律作息并定期复测','COMPLETED','2022-09-20 09:00:00','2022-09-20 09:00:00','2022-09-20 09:00:00'),(449,'2022010604','第8学期',14,4,'WHO5','WHO-5 幸福感指数',7,'较差','当前幸福感偏低，建议进一步评估情绪状态','建议继续做 PHQ-9 或联系心理老师','COMPLETED','2026-03-19 09:00:00','2026-03-19 09:00:00','2026-03-19 09:00:00'),(450,'2022010604','第7学期',14,4,'WHO5','WHO-5 幸福感指数',18,'正常','当前幸福感总体正常','建议保持规律作息并定期复测','COMPLETED','2025-09-19 09:00:00','2025-09-19 09:00:00','2025-09-19 09:00:00'),(451,'2022010604','第6学期',14,4,'WHO5','WHO-5 幸福感指数',7,'较差','当前幸福感偏低，建议进一步评估情绪状态','建议继续做 PHQ-9 或联系心理老师','COMPLETED','2025-03-19 09:00:00','2025-03-19 09:00:00','2025-03-19 09:00:00'),(452,'2022010604','第5学期',14,4,'WHO5','WHO-5 幸福感指数',18,'正常','当前幸福感总体正常','建议保持规律作息并定期复测','COMPLETED','2024-09-19 09:00:00','2024-09-19 09:00:00','2024-09-19 09:00:00'),(453,'2022010604','第4学期',14,4,'WHO5','WHO-5 幸福感指数',18,'正常','当前幸福感总体正常','建议保持规律作息并定期复测','COMPLETED','2024-03-19 09:00:00','2024-03-19 09:00:00','2024-03-19 09:00:00'),(454,'2022010604','第3学期',14,4,'WHO5','WHO-5 幸福感指数',7,'较差','当前幸福感偏低，建议进一步评估情绪状态','建议继续做 PHQ-9 或联系心理老师','COMPLETED','2023-09-19 09:00:00','2023-09-19 09:00:00','2023-09-19 09:00:00'),(455,'2022010604','第2学期',14,4,'WHO5','WHO-5 幸福感指数',18,'正常','当前幸福感总体正常','建议保持规律作息并定期复测','COMPLETED','2023-03-19 09:00:00','2023-03-19 09:00:00','2023-03-19 09:00:00'),(456,'2022010604','第1学期',14,4,'WHO5','WHO-5 幸福感指数',18,'正常','当前幸福感总体正常','建议保持规律作息并定期复测','COMPLETED','2022-09-19 09:00:00','2022-09-19 09:00:00','2022-09-19 09:00:00'),(457,'2022010603','第8学期',14,4,'WHO5','WHO-5 幸福感指数',18,'正常','当前幸福感总体正常','建议保持规律作息并定期复测','COMPLETED','2026-03-18 09:00:00','2026-03-18 09:00:00','2026-03-18 09:00:00'),(458,'2022010603','第7学期',14,4,'WHO5','WHO-5 幸福感指数',7,'较差','当前幸福感偏低，建议进一步评估情绪状态','建议继续做 PHQ-9 或联系心理老师','COMPLETED','2025-09-18 09:00:00','2025-09-18 09:00:00','2025-09-18 09:00:00'),(459,'2022010603','第6学期',14,4,'WHO5','WHO-5 幸福感指数',18,'正常','当前幸福感总体正常','建议保持规律作息并定期复测','COMPLETED','2025-03-18 09:00:00','2025-03-18 09:00:00','2025-03-18 09:00:00'),(460,'2022010603','第5学期',14,4,'WHO5','WHO-5 幸福感指数',18,'正常','当前幸福感总体正常','建议保持规律作息并定期复测','COMPLETED','2024-09-18 09:00:00','2024-09-18 09:00:00','2024-09-18 09:00:00'),(461,'2022010603','第4学期',14,4,'WHO5','WHO-5 幸福感指数',7,'较差','当前幸福感偏低，建议进一步评估情绪状态','建议继续做 PHQ-9 或联系心理老师','COMPLETED','2024-03-18 09:00:00','2024-03-18 09:00:00','2024-03-18 09:00:00'),(462,'2022010603','第3学期',14,4,'WHO5','WHO-5 幸福感指数',18,'正常','当前幸福感总体正常','建议保持规律作息并定期复测','COMPLETED','2023-09-18 09:00:00','2023-09-18 09:00:00','2023-09-18 09:00:00'),(463,'2022010603','第2学期',14,4,'WHO5','WHO-5 幸福感指数',18,'正常','当前幸福感总体正常','建议保持规律作息并定期复测','COMPLETED','2023-03-18 09:00:00','2023-03-18 09:00:00','2023-03-18 09:00:00'),(464,'2022010603','第1学期',14,4,'WHO5','WHO-5 幸福感指数',7,'较差','当前幸福感偏低，建议进一步评估情绪状态','建议继续做 PHQ-9 或联系心理老师','COMPLETED','2022-09-18 09:00:00','2022-09-18 09:00:00','2022-09-18 09:00:00'),(465,'2022010602','第8学期',14,4,'WHO5','WHO-5 幸福感指数',7,'较差','当前幸福感偏低，建议进一步评估情绪状态','建议继续做 PHQ-9 或联系心理老师','COMPLETED','2026-03-17 09:00:00','2026-03-17 09:00:00','2026-03-17 09:00:00'),(466,'2022010602','第7学期',14,4,'WHO5','WHO-5 幸福感指数',18,'正常','当前幸福感总体正常','建议保持规律作息并定期复测','COMPLETED','2025-09-17 09:00:00','2025-09-17 09:00:00','2025-09-17 09:00:00'),(467,'2022010602','第6学期',14,4,'WHO5','WHO-5 幸福感指数',18,'正常','当前幸福感总体正常','建议保持规律作息并定期复测','COMPLETED','2025-03-17 09:00:00','2025-03-17 09:00:00','2025-03-17 09:00:00'),(468,'2022010602','第5学期',14,4,'WHO5','WHO-5 幸福感指数',7,'较差','当前幸福感偏低，建议进一步评估情绪状态','建议继续做 PHQ-9 或联系心理老师','COMPLETED','2024-09-17 09:00:00','2024-09-17 09:00:00','2024-09-17 09:00:00'),(469,'2022010602','第4学期',14,4,'WHO5','WHO-5 幸福感指数',18,'正常','当前幸福感总体正常','建议保持规律作息并定期复测','COMPLETED','2024-03-17 09:00:00','2024-03-17 09:00:00','2024-03-17 09:00:00'),(470,'2022010602','第3学期',14,4,'WHO5','WHO-5 幸福感指数',18,'正常','当前幸福感总体正常','建议保持规律作息并定期复测','COMPLETED','2023-09-17 09:00:00','2023-09-17 09:00:00','2023-09-17 09:00:00'),(471,'2022010602','第2学期',14,4,'WHO5','WHO-5 幸福感指数',7,'较差','当前幸福感偏低，建议进一步评估情绪状态','建议继续做 PHQ-9 或联系心理老师','COMPLETED','2023-03-17 09:00:00','2023-03-17 09:00:00','2023-03-17 09:00:00'),(472,'2022010602','第1学期',14,4,'WHO5','WHO-5 幸福感指数',18,'正常','当前幸福感总体正常','建议保持规律作息并定期复测','COMPLETED','2022-09-17 09:00:00','2022-09-17 09:00:00','2022-09-17 09:00:00'),(473,'2022010601','第8学期',14,4,'WHO5','WHO-5 幸福感指数',7,'较差','当前幸福感偏低，建议进一步评估情绪状态','建议继续做 PHQ-9 或联系心理老师','COMPLETED','2026-03-16 09:00:00','2026-03-16 09:00:00','2026-03-16 09:00:00'),(474,'2022010601','第7学期',14,4,'WHO5','WHO-5 幸福感指数',18,'正常','当前幸福感总体正常','建议保持规律作息并定期复测','COMPLETED','2025-09-16 09:00:00','2025-09-16 09:00:00','2025-09-16 09:00:00'),(475,'2022010601','第6学期',14,4,'WHO5','WHO-5 幸福感指数',7,'较差','当前幸福感偏低，建议进一步评估情绪状态','建议继续做 PHQ-9 或联系心理老师','COMPLETED','2025-03-16 09:00:00','2025-03-16 09:00:00','2025-03-16 09:00:00'),(476,'2022010601','第5学期',14,4,'WHO5','WHO-5 幸福感指数',18,'正常','当前幸福感总体正常','建议保持规律作息并定期复测','COMPLETED','2024-09-16 09:00:00','2024-09-16 09:00:00','2024-09-16 09:00:00'),(477,'2022010601','第4学期',14,4,'WHO5','WHO-5 幸福感指数',18,'正常','当前幸福感总体正常','建议保持规律作息并定期复测','COMPLETED','2024-03-16 09:00:00','2024-03-16 09:00:00','2024-03-16 09:00:00'),(478,'2022010601','第3学期',14,4,'WHO5','WHO-5 幸福感指数',7,'较差','当前幸福感偏低，建议进一步评估情绪状态','建议继续做 PHQ-9 或联系心理老师','COMPLETED','2023-09-16 09:00:00','2023-09-16 09:00:00','2023-09-16 09:00:00'),(479,'2022010601','第2学期',14,4,'WHO5','WHO-5 幸福感指数',18,'正常','当前幸福感总体正常','建议保持规律作息并定期复测','COMPLETED','2023-03-16 09:00:00','2023-03-16 09:00:00','2023-03-16 09:00:00'),(480,'2022010601','第1学期',14,4,'WHO5','WHO-5 幸福感指数',18,'正常','当前幸福感总体正常','建议保持规律作息并定期复测','COMPLETED','2022-09-16 09:00:00','2022-09-16 09:00:00','2022-09-16 09:00:00'),(512,'2022010110','第8学期',15,3,'PHQ9','PHQ-9 抑郁筛查',18,'中重度','抑郁风险较高','建议尽快进行专业心理评估','COMPLETED','2026-03-25 09:10:00','2026-03-25 09:10:00','2026-03-25 09:10:00'),(513,'2022010110','第7学期',15,3,'PHQ9','PHQ-9 抑郁筛查',3,'无或极轻','当前抑郁症状较少','建议保持规律生活并持续关注情绪变化','COMPLETED','2025-09-25 09:10:00','2025-09-25 09:10:00','2025-09-25 09:10:00'),(514,'2022010110','第6学期',15,3,'PHQ9','PHQ-9 抑郁筛查',3,'无或极轻','当前抑郁症状较少','建议保持规律生活并持续关注情绪变化','COMPLETED','2025-03-25 09:10:00','2025-03-25 09:10:00','2025-03-25 09:10:00'),(515,'2022010110','第5学期',15,3,'PHQ9','PHQ-9 抑郁筛查',18,'中重度','抑郁风险较高','建议尽快进行专业心理评估','COMPLETED','2024-09-25 09:10:00','2024-09-25 09:10:00','2024-09-25 09:10:00'),(516,'2022010110','第4学期',15,3,'PHQ9','PHQ-9 抑郁筛查',3,'无或极轻','当前抑郁症状较少','建议保持规律生活并持续关注情绪变化','COMPLETED','2024-03-25 09:10:00','2024-03-25 09:10:00','2024-03-25 09:10:00'),(517,'2022010110','第3学期',15,3,'PHQ9','PHQ-9 抑郁筛查',3,'无或极轻','当前抑郁症状较少','建议保持规律生活并持续关注情绪变化','COMPLETED','2023-09-25 09:10:00','2023-09-25 09:10:00','2023-09-25 09:10:00'),(518,'2022010110','第2学期',15,3,'PHQ9','PHQ-9 抑郁筛查',18,'中重度','抑郁风险较高','建议尽快进行专业心理评估','COMPLETED','2023-03-25 09:10:00','2023-03-25 09:10:00','2023-03-25 09:10:00'),(519,'2022010110','第1学期',15,3,'PHQ9','PHQ-9 抑郁筛查',3,'无或极轻','当前抑郁症状较少','建议保持规律生活并持续关注情绪变化','COMPLETED','2022-09-25 09:10:00','2022-09-25 09:10:00','2022-09-25 09:10:00'),(520,'2022010109','第8学期',15,3,'PHQ9','PHQ-9 抑郁筛查',18,'中重度','抑郁风险较高','建议尽快进行专业心理评估','COMPLETED','2026-03-24 09:10:00','2026-03-24 09:10:00','2026-03-24 09:10:00'),(521,'2022010109','第7学期',15,3,'PHQ9','PHQ-9 抑郁筛查',3,'无或极轻','当前抑郁症状较少','建议保持规律生活并持续关注情绪变化','COMPLETED','2025-09-24 09:10:00','2025-09-24 09:10:00','2025-09-24 09:10:00'),(522,'2022010109','第6学期',15,3,'PHQ9','PHQ-9 抑郁筛查',18,'中重度','抑郁风险较高','建议尽快进行专业心理评估','COMPLETED','2025-03-24 09:10:00','2025-03-24 09:10:00','2025-03-24 09:10:00'),(523,'2022010109','第5学期',15,3,'PHQ9','PHQ-9 抑郁筛查',3,'无或极轻','当前抑郁症状较少','建议保持规律生活并持续关注情绪变化','COMPLETED','2024-09-24 09:10:00','2024-09-24 09:10:00','2024-09-24 09:10:00'),(524,'2022010109','第4学期',15,3,'PHQ9','PHQ-9 抑郁筛查',3,'无或极轻','当前抑郁症状较少','建议保持规律生活并持续关注情绪变化','COMPLETED','2024-03-24 09:10:00','2024-03-24 09:10:00','2024-03-24 09:10:00'),(525,'2022010109','第3学期',15,3,'PHQ9','PHQ-9 抑郁筛查',18,'中重度','抑郁风险较高','建议尽快进行专业心理评估','COMPLETED','2023-09-24 09:10:00','2023-09-24 09:10:00','2023-09-24 09:10:00'),(526,'2022010109','第2学期',15,3,'PHQ9','PHQ-9 抑郁筛查',3,'无或极轻','当前抑郁症状较少','建议保持规律生活并持续关注情绪变化','COMPLETED','2023-03-24 09:10:00','2023-03-24 09:10:00','2023-03-24 09:10:00'),(527,'2022010109','第1学期',15,3,'PHQ9','PHQ-9 抑郁筛查',3,'无或极轻','当前抑郁症状较少','建议保持规律生活并持续关注情绪变化','COMPLETED','2022-09-24 09:10:00','2022-09-24 09:10:00','2022-09-24 09:10:00'),(528,'2022010108','第8学期',15,3,'PHQ9','PHQ-9 抑郁筛查',3,'无或极轻','当前抑郁症状较少','建议保持规律生活并持续关注情绪变化','COMPLETED','2026-03-23 09:10:00','2026-03-23 09:10:00','2026-03-23 09:10:00'),(529,'2022010108','第7学期',15,3,'PHQ9','PHQ-9 抑郁筛查',18,'中重度','抑郁风险较高','建议尽快进行专业心理评估','COMPLETED','2025-09-23 09:10:00','2025-09-23 09:10:00','2025-09-23 09:10:00'),(530,'2022010108','第6学期',15,3,'PHQ9','PHQ-9 抑郁筛查',3,'无或极轻','当前抑郁症状较少','建议保持规律生活并持续关注情绪变化','COMPLETED','2025-03-23 09:10:00','2025-03-23 09:10:00','2025-03-23 09:10:00'),(531,'2022010108','第5学期',15,3,'PHQ9','PHQ-9 抑郁筛查',3,'无或极轻','当前抑郁症状较少','建议保持规律生活并持续关注情绪变化','COMPLETED','2024-09-23 09:10:00','2024-09-23 09:10:00','2024-09-23 09:10:00'),(532,'2022010108','第4学期',15,3,'PHQ9','PHQ-9 抑郁筛查',18,'中重度','抑郁风险较高','建议尽快进行专业心理评估','COMPLETED','2024-03-23 09:10:00','2024-03-23 09:10:00','2024-03-23 09:10:00'),(533,'2022010108','第3学期',15,3,'PHQ9','PHQ-9 抑郁筛查',3,'无或极轻','当前抑郁症状较少','建议保持规律生活并持续关注情绪变化','COMPLETED','2023-09-23 09:10:00','2023-09-23 09:10:00','2023-09-23 09:10:00'),(534,'2022010108','第2学期',15,3,'PHQ9','PHQ-9 抑郁筛查',3,'无或极轻','当前抑郁症状较少','建议保持规律生活并持续关注情绪变化','COMPLETED','2023-03-23 09:10:00','2023-03-23 09:10:00','2023-03-23 09:10:00'),(535,'2022010108','第1学期',15,3,'PHQ9','PHQ-9 抑郁筛查',18,'中重度','抑郁风险较高','建议尽快进行专业心理评估','COMPLETED','2022-09-23 09:10:00','2022-09-23 09:10:00','2022-09-23 09:10:00'),(536,'2022010107','第8学期',15,3,'PHQ9','PHQ-9 抑郁筛查',18,'中重度','抑郁风险较高','建议尽快进行专业心理评估','COMPLETED','2026-03-22 09:10:00','2026-03-22 09:10:00','2026-03-22 09:10:00'),(537,'2022010107','第7学期',15,3,'PHQ9','PHQ-9 抑郁筛查',3,'无或极轻','当前抑郁症状较少','建议保持规律生活并持续关注情绪变化','COMPLETED','2025-09-22 09:10:00','2025-09-22 09:10:00','2025-09-22 09:10:00'),(538,'2022010107','第6学期',15,3,'PHQ9','PHQ-9 抑郁筛查',3,'无或极轻','当前抑郁症状较少','建议保持规律生活并持续关注情绪变化','COMPLETED','2025-03-22 09:10:00','2025-03-22 09:10:00','2025-03-22 09:10:00'),(539,'2022010107','第5学期',15,3,'PHQ9','PHQ-9 抑郁筛查',18,'中重度','抑郁风险较高','建议尽快进行专业心理评估','COMPLETED','2024-09-22 09:10:00','2024-09-22 09:10:00','2024-09-22 09:10:00'),(540,'2022010107','第4学期',15,3,'PHQ9','PHQ-9 抑郁筛查',3,'无或极轻','当前抑郁症状较少','建议保持规律生活并持续关注情绪变化','COMPLETED','2024-03-22 09:10:00','2024-03-22 09:10:00','2024-03-22 09:10:00'),(541,'2022010107','第3学期',15,3,'PHQ9','PHQ-9 抑郁筛查',3,'无或极轻','当前抑郁症状较少','建议保持规律生活并持续关注情绪变化','COMPLETED','2023-09-22 09:10:00','2023-09-22 09:10:00','2023-09-22 09:10:00'),(542,'2022010107','第2学期',15,3,'PHQ9','PHQ-9 抑郁筛查',18,'中重度','抑郁风险较高','建议尽快进行专业心理评估','COMPLETED','2023-03-22 09:10:00','2023-03-22 09:10:00','2023-03-22 09:10:00'),(543,'2022010107','第1学期',15,3,'PHQ9','PHQ-9 抑郁筛查',3,'无或极轻','当前抑郁症状较少','建议保持规律生活并持续关注情绪变化','COMPLETED','2022-09-22 09:10:00','2022-09-22 09:10:00','2022-09-22 09:10:00'),(544,'2022010106','第8学期',15,3,'PHQ9','PHQ-9 抑郁筛查',18,'中重度','抑郁风险较高','建议尽快进行专业心理评估','COMPLETED','2026-03-21 09:10:00','2026-03-21 09:10:00','2026-03-21 09:10:00'),(545,'2022010106','第7学期',15,3,'PHQ9','PHQ-9 抑郁筛查',3,'无或极轻','当前抑郁症状较少','建议保持规律生活并持续关注情绪变化','COMPLETED','2025-09-21 09:10:00','2025-09-21 09:10:00','2025-09-21 09:10:00'),(546,'2022010106','第6学期',15,3,'PHQ9','PHQ-9 抑郁筛查',18,'中重度','抑郁风险较高','建议尽快进行专业心理评估','COMPLETED','2025-03-21 09:10:00','2025-03-21 09:10:00','2025-03-21 09:10:00'),(547,'2022010106','第5学期',15,3,'PHQ9','PHQ-9 抑郁筛查',3,'无或极轻','当前抑郁症状较少','建议保持规律生活并持续关注情绪变化','COMPLETED','2024-09-21 09:10:00','2024-09-21 09:10:00','2024-09-21 09:10:00'),(548,'2022010106','第4学期',15,3,'PHQ9','PHQ-9 抑郁筛查',3,'无或极轻','当前抑郁症状较少','建议保持规律生活并持续关注情绪变化','COMPLETED','2024-03-21 09:10:00','2024-03-21 09:10:00','2024-03-21 09:10:00'),(549,'2022010106','第3学期',15,3,'PHQ9','PHQ-9 抑郁筛查',18,'中重度','抑郁风险较高','建议尽快进行专业心理评估','COMPLETED','2023-09-21 09:10:00','2023-09-21 09:10:00','2023-09-21 09:10:00'),(550,'2022010106','第2学期',15,3,'PHQ9','PHQ-9 抑郁筛查',3,'无或极轻','当前抑郁症状较少','建议保持规律生活并持续关注情绪变化','COMPLETED','2023-03-21 09:10:00','2023-03-21 09:10:00','2023-03-21 09:10:00'),(551,'2022010106','第1学期',15,3,'PHQ9','PHQ-9 抑郁筛查',3,'无或极轻','当前抑郁症状较少','建议保持规律生活并持续关注情绪变化','COMPLETED','2022-09-21 09:10:00','2022-09-21 09:10:00','2022-09-21 09:10:00'),(552,'2022010105','第8学期',15,3,'PHQ9','PHQ-9 抑郁筛查',3,'无或极轻','当前抑郁症状较少','建议保持规律生活并持续关注情绪变化','COMPLETED','2026-03-20 09:10:00','2026-03-20 09:10:00','2026-03-20 09:10:00'),(553,'2022010105','第7学期',15,3,'PHQ9','PHQ-9 抑郁筛查',18,'中重度','抑郁风险较高','建议尽快进行专业心理评估','COMPLETED','2025-09-20 09:10:00','2025-09-20 09:10:00','2025-09-20 09:10:00'),(554,'2022010105','第6学期',15,3,'PHQ9','PHQ-9 抑郁筛查',3,'无或极轻','当前抑郁症状较少','建议保持规律生活并持续关注情绪变化','COMPLETED','2025-03-20 09:10:00','2025-03-20 09:10:00','2025-03-20 09:10:00'),(555,'2022010105','第5学期',15,3,'PHQ9','PHQ-9 抑郁筛查',3,'无或极轻','当前抑郁症状较少','建议保持规律生活并持续关注情绪变化','COMPLETED','2024-09-20 09:10:00','2024-09-20 09:10:00','2024-09-20 09:10:00'),(556,'2022010105','第4学期',15,3,'PHQ9','PHQ-9 抑郁筛查',18,'中重度','抑郁风险较高','建议尽快进行专业心理评估','COMPLETED','2024-03-20 09:10:00','2024-03-20 09:10:00','2024-03-20 09:10:00'),(557,'2022010105','第3学期',15,3,'PHQ9','PHQ-9 抑郁筛查',3,'无或极轻','当前抑郁症状较少','建议保持规律生活并持续关注情绪变化','COMPLETED','2023-09-20 09:10:00','2023-09-20 09:10:00','2023-09-20 09:10:00'),(558,'2022010105','第2学期',15,3,'PHQ9','PHQ-9 抑郁筛查',3,'无或极轻','当前抑郁症状较少','建议保持规律生活并持续关注情绪变化','COMPLETED','2023-03-20 09:10:00','2023-03-20 09:10:00','2023-03-20 09:10:00'),(559,'2022010105','第1学期',15,3,'PHQ9','PHQ-9 抑郁筛查',18,'中重度','抑郁风险较高','建议尽快进行专业心理评估','COMPLETED','2022-09-20 09:10:00','2022-09-20 09:10:00','2022-09-20 09:10:00'),(560,'2022010104','第8学期',15,3,'PHQ9','PHQ-9 抑郁筛查',18,'中重度','抑郁风险较高','建议尽快进行专业心理评估','COMPLETED','2026-03-19 09:10:00','2026-03-19 09:10:00','2026-03-19 09:10:00'),(561,'2022010104','第7学期',15,3,'PHQ9','PHQ-9 抑郁筛查',3,'无或极轻','当前抑郁症状较少','建议保持规律生活并持续关注情绪变化','COMPLETED','2025-09-19 09:10:00','2025-09-19 09:10:00','2025-09-19 09:10:00'),(562,'2022010104','第6学期',15,3,'PHQ9','PHQ-9 抑郁筛查',3,'无或极轻','当前抑郁症状较少','建议保持规律生活并持续关注情绪变化','COMPLETED','2025-03-19 09:10:00','2025-03-19 09:10:00','2025-03-19 09:10:00'),(563,'2022010104','第5学期',15,3,'PHQ9','PHQ-9 抑郁筛查',18,'中重度','抑郁风险较高','建议尽快进行专业心理评估','COMPLETED','2024-09-19 09:10:00','2024-09-19 09:10:00','2024-09-19 09:10:00'),(564,'2022010104','第4学期',15,3,'PHQ9','PHQ-9 抑郁筛查',3,'无或极轻','当前抑郁症状较少','建议保持规律生活并持续关注情绪变化','COMPLETED','2024-03-19 09:10:00','2024-03-19 09:10:00','2024-03-19 09:10:00'),(565,'2022010104','第3学期',15,3,'PHQ9','PHQ-9 抑郁筛查',3,'无或极轻','当前抑郁症状较少','建议保持规律生活并持续关注情绪变化','COMPLETED','2023-09-19 09:10:00','2023-09-19 09:10:00','2023-09-19 09:10:00'),(566,'2022010104','第2学期',15,3,'PHQ9','PHQ-9 抑郁筛查',18,'中重度','抑郁风险较高','建议尽快进行专业心理评估','COMPLETED','2023-03-19 09:10:00','2023-03-19 09:10:00','2023-03-19 09:10:00'),(567,'2022010104','第1学期',15,3,'PHQ9','PHQ-9 抑郁筛查',3,'无或极轻','当前抑郁症状较少','建议保持规律生活并持续关注情绪变化','COMPLETED','2022-09-19 09:10:00','2022-09-19 09:10:00','2022-09-19 09:10:00'),(568,'2022010103','第8学期',15,3,'PHQ9','PHQ-9 抑郁筛查',18,'中重度','抑郁风险较高','建议尽快进行专业心理评估','COMPLETED','2026-03-18 09:10:00','2026-03-18 09:10:00','2026-03-18 09:10:00'),(569,'2022010103','第7学期',15,3,'PHQ9','PHQ-9 抑郁筛查',3,'无或极轻','当前抑郁症状较少','建议保持规律生活并持续关注情绪变化','COMPLETED','2025-09-18 09:10:00','2025-09-18 09:10:00','2025-09-18 09:10:00'),(570,'2022010103','第6学期',15,3,'PHQ9','PHQ-9 抑郁筛查',18,'中重度','抑郁风险较高','建议尽快进行专业心理评估','COMPLETED','2025-03-18 09:10:00','2025-03-18 09:10:00','2025-03-18 09:10:00'),(571,'2022010103','第5学期',15,3,'PHQ9','PHQ-9 抑郁筛查',3,'无或极轻','当前抑郁症状较少','建议保持规律生活并持续关注情绪变化','COMPLETED','2024-09-18 09:10:00','2024-09-18 09:10:00','2024-09-18 09:10:00'),(572,'2022010103','第4学期',15,3,'PHQ9','PHQ-9 抑郁筛查',3,'无或极轻','当前抑郁症状较少','建议保持规律生活并持续关注情绪变化','COMPLETED','2024-03-18 09:10:00','2024-03-18 09:10:00','2024-03-18 09:10:00'),(573,'2022010103','第3学期',15,3,'PHQ9','PHQ-9 抑郁筛查',18,'中重度','抑郁风险较高','建议尽快进行专业心理评估','COMPLETED','2023-09-18 09:10:00','2023-09-18 09:10:00','2023-09-18 09:10:00'),(574,'2022010103','第2学期',15,3,'PHQ9','PHQ-9 抑郁筛查',3,'无或极轻','当前抑郁症状较少','建议保持规律生活并持续关注情绪变化','COMPLETED','2023-03-18 09:10:00','2023-03-18 09:10:00','2023-03-18 09:10:00'),(575,'2022010103','第1学期',15,3,'PHQ9','PHQ-9 抑郁筛查',3,'无或极轻','当前抑郁症状较少','建议保持规律生活并持续关注情绪变化','COMPLETED','2022-09-18 09:10:00','2022-09-18 09:10:00','2022-09-18 09:10:00'),(576,'2022010102','第8学期',15,3,'PHQ9','PHQ-9 抑郁筛查',3,'无或极轻','当前抑郁症状较少','建议保持规律生活并持续关注情绪变化','COMPLETED','2026-03-17 09:10:00','2026-03-17 09:10:00','2026-03-17 09:10:00'),(577,'2022010102','第7学期',15,3,'PHQ9','PHQ-9 抑郁筛查',18,'中重度','抑郁风险较高','建议尽快进行专业心理评估','COMPLETED','2025-09-17 09:10:00','2025-09-17 09:10:00','2025-09-17 09:10:00'),(578,'2022010102','第6学期',15,3,'PHQ9','PHQ-9 抑郁筛查',3,'无或极轻','当前抑郁症状较少','建议保持规律生活并持续关注情绪变化','COMPLETED','2025-03-17 09:10:00','2025-03-17 09:10:00','2025-03-17 09:10:00'),(579,'2022010102','第5学期',15,3,'PHQ9','PHQ-9 抑郁筛查',3,'无或极轻','当前抑郁症状较少','建议保持规律生活并持续关注情绪变化','COMPLETED','2024-09-17 09:10:00','2024-09-17 09:10:00','2024-09-17 09:10:00'),(580,'2022010102','第4学期',15,3,'PHQ9','PHQ-9 抑郁筛查',18,'中重度','抑郁风险较高','建议尽快进行专业心理评估','COMPLETED','2024-03-17 09:10:00','2024-03-17 09:10:00','2024-03-17 09:10:00'),(581,'2022010102','第3学期',15,3,'PHQ9','PHQ-9 抑郁筛查',3,'无或极轻','当前抑郁症状较少','建议保持规律生活并持续关注情绪变化','COMPLETED','2023-09-17 09:10:00','2023-09-17 09:10:00','2023-09-17 09:10:00'),(582,'2022010102','第2学期',15,3,'PHQ9','PHQ-9 抑郁筛查',3,'无或极轻','当前抑郁症状较少','建议保持规律生活并持续关注情绪变化','COMPLETED','2023-03-17 09:10:00','2023-03-17 09:10:00','2023-03-17 09:10:00'),(583,'2022010102','第1学期',15,3,'PHQ9','PHQ-9 抑郁筛查',18,'中重度','抑郁风险较高','建议尽快进行专业心理评估','COMPLETED','2022-09-17 09:10:00','2022-09-17 09:10:00','2022-09-17 09:10:00'),(584,'2022010101','第8学期',15,3,'PHQ9','PHQ-9 抑郁筛查',0,'无或极轻','当前抑郁症状较少','建议保持规律生活并持续关注情绪变化','COMPLETED','2026-03-27 17:49:23','2026-03-16 09:10:00','2026-03-27 17:49:23'),(585,'2022010101','第7学期',15,3,'PHQ9','PHQ-9 抑郁筛查',3,'无或极轻','当前抑郁症状较少','建议保持规律生活并持续关注情绪变化','COMPLETED','2025-09-16 09:10:00','2025-09-16 09:10:00','2025-09-16 09:10:00'),(586,'2022010101','第6学期',15,3,'PHQ9','PHQ-9 抑郁筛查',3,'无或极轻','当前抑郁症状较少','建议保持规律生活并持续关注情绪变化','COMPLETED','2025-03-16 09:10:00','2025-03-16 09:10:00','2025-03-16 09:10:00'),(587,'2022010101','第5学期',15,3,'PHQ9','PHQ-9 抑郁筛查',18,'中重度','抑郁风险较高','建议尽快进行专业心理评估','COMPLETED','2024-09-16 09:10:00','2024-09-16 09:10:00','2024-09-16 09:10:00'),(588,'2022010101','第4学期',15,3,'PHQ9','PHQ-9 抑郁筛查',3,'无或极轻','当前抑郁症状较少','建议保持规律生活并持续关注情绪变化','COMPLETED','2024-03-16 09:10:00','2024-03-16 09:10:00','2024-03-16 09:10:00'),(589,'2022010101','第3学期',15,3,'PHQ9','PHQ-9 抑郁筛查',3,'无或极轻','当前抑郁症状较少','建议保持规律生活并持续关注情绪变化','COMPLETED','2023-09-16 09:10:00','2023-09-16 09:10:00','2023-09-16 09:10:00'),(590,'2022010101','第2学期',15,3,'PHQ9','PHQ-9 抑郁筛查',18,'中重度','抑郁风险较高','建议尽快进行专业心理评估','COMPLETED','2023-03-16 09:10:00','2023-03-16 09:10:00','2023-03-16 09:10:00'),(591,'2022010101','第1学期',15,3,'PHQ9','PHQ-9 抑郁筛查',3,'无或极轻','当前抑郁症状较少','建议保持规律生活并持续关注情绪变化','COMPLETED','2022-09-16 09:10:00','2022-09-16 09:10:00','2022-09-16 09:10:00'),(592,'2022010210','第8学期',15,3,'PHQ9','PHQ-9 抑郁筛查',3,'无或极轻','当前抑郁症状较少','建议保持规律生活并持续关注情绪变化','COMPLETED','2026-03-25 09:10:00','2026-03-25 09:10:00','2026-03-25 09:10:00'),(593,'2022010210','第7学期',15,3,'PHQ9','PHQ-9 抑郁筛查',18,'中重度','抑郁风险较高','建议尽快进行专业心理评估','COMPLETED','2025-09-25 09:10:00','2025-09-25 09:10:00','2025-09-25 09:10:00'),(594,'2022010210','第6学期',15,3,'PHQ9','PHQ-9 抑郁筛查',3,'无或极轻','当前抑郁症状较少','建议保持规律生活并持续关注情绪变化','COMPLETED','2025-03-25 09:10:00','2025-03-25 09:10:00','2025-03-25 09:10:00'),(595,'2022010210','第5学期',15,3,'PHQ9','PHQ-9 抑郁筛查',3,'无或极轻','当前抑郁症状较少','建议保持规律生活并持续关注情绪变化','COMPLETED','2024-09-25 09:10:00','2024-09-25 09:10:00','2024-09-25 09:10:00'),(596,'2022010210','第4学期',15,3,'PHQ9','PHQ-9 抑郁筛查',18,'中重度','抑郁风险较高','建议尽快进行专业心理评估','COMPLETED','2024-03-25 09:10:00','2024-03-25 09:10:00','2024-03-25 09:10:00'),(597,'2022010210','第3学期',15,3,'PHQ9','PHQ-9 抑郁筛查',3,'无或极轻','当前抑郁症状较少','建议保持规律生活并持续关注情绪变化','COMPLETED','2023-09-25 09:10:00','2023-09-25 09:10:00','2023-09-25 09:10:00'),(598,'2022010210','第2学期',15,3,'PHQ9','PHQ-9 抑郁筛查',3,'无或极轻','当前抑郁症状较少','建议保持规律生活并持续关注情绪变化','COMPLETED','2023-03-25 09:10:00','2023-03-25 09:10:00','2023-03-25 09:10:00'),(599,'2022010210','第1学期',15,3,'PHQ9','PHQ-9 抑郁筛查',18,'中重度','抑郁风险较高','建议尽快进行专业心理评估','COMPLETED','2022-09-25 09:10:00','2022-09-25 09:10:00','2022-09-25 09:10:00'),(600,'2022010209','第8学期',15,3,'PHQ9','PHQ-9 抑郁筛查',18,'中重度','抑郁风险较高','建议尽快进行专业心理评估','COMPLETED','2026-03-24 09:10:00','2026-03-24 09:10:00','2026-03-24 09:10:00'),(601,'2022010209','第7学期',15,3,'PHQ9','PHQ-9 抑郁筛查',3,'无或极轻','当前抑郁症状较少','建议保持规律生活并持续关注情绪变化','COMPLETED','2025-09-24 09:10:00','2025-09-24 09:10:00','2025-09-24 09:10:00'),(602,'2022010209','第6学期',15,3,'PHQ9','PHQ-9 抑郁筛查',3,'无或极轻','当前抑郁症状较少','建议保持规律生活并持续关注情绪变化','COMPLETED','2025-03-24 09:10:00','2025-03-24 09:10:00','2025-03-24 09:10:00'),(603,'2022010209','第5学期',15,3,'PHQ9','PHQ-9 抑郁筛查',18,'中重度','抑郁风险较高','建议尽快进行专业心理评估','COMPLETED','2024-09-24 09:10:00','2024-09-24 09:10:00','2024-09-24 09:10:00'),(604,'2022010209','第4学期',15,3,'PHQ9','PHQ-9 抑郁筛查',3,'无或极轻','当前抑郁症状较少','建议保持规律生活并持续关注情绪变化','COMPLETED','2024-03-24 09:10:00','2024-03-24 09:10:00','2024-03-24 09:10:00'),(605,'2022010209','第3学期',15,3,'PHQ9','PHQ-9 抑郁筛查',3,'无或极轻','当前抑郁症状较少','建议保持规律生活并持续关注情绪变化','COMPLETED','2023-09-24 09:10:00','2023-09-24 09:10:00','2023-09-24 09:10:00'),(606,'2022010209','第2学期',15,3,'PHQ9','PHQ-9 抑郁筛查',18,'中重度','抑郁风险较高','建议尽快进行专业心理评估','COMPLETED','2023-03-24 09:10:00','2023-03-24 09:10:00','2023-03-24 09:10:00'),(607,'2022010209','第1学期',15,3,'PHQ9','PHQ-9 抑郁筛查',3,'无或极轻','当前抑郁症状较少','建议保持规律生活并持续关注情绪变化','COMPLETED','2022-09-24 09:10:00','2022-09-24 09:10:00','2022-09-24 09:10:00'),(608,'2022010208','第8学期',15,3,'PHQ9','PHQ-9 抑郁筛查',18,'中重度','抑郁风险较高','建议尽快进行专业心理评估','COMPLETED','2026-03-23 09:10:00','2026-03-23 09:10:00','2026-03-23 09:10:00'),(609,'2022010208','第7学期',15,3,'PHQ9','PHQ-9 抑郁筛查',3,'无或极轻','当前抑郁症状较少','建议保持规律生活并持续关注情绪变化','COMPLETED','2025-09-23 09:10:00','2025-09-23 09:10:00','2025-09-23 09:10:00'),(610,'2022010208','第6学期',15,3,'PHQ9','PHQ-9 抑郁筛查',18,'中重度','抑郁风险较高','建议尽快进行专业心理评估','COMPLETED','2025-03-23 09:10:00','2025-03-23 09:10:00','2025-03-23 09:10:00'),(611,'2022010208','第5学期',15,3,'PHQ9','PHQ-9 抑郁筛查',3,'无或极轻','当前抑郁症状较少','建议保持规律生活并持续关注情绪变化','COMPLETED','2024-09-23 09:10:00','2024-09-23 09:10:00','2024-09-23 09:10:00'),(612,'2022010208','第4学期',15,3,'PHQ9','PHQ-9 抑郁筛查',3,'无或极轻','当前抑郁症状较少','建议保持规律生活并持续关注情绪变化','COMPLETED','2024-03-23 09:10:00','2024-03-23 09:10:00','2024-03-23 09:10:00'),(613,'2022010208','第3学期',15,3,'PHQ9','PHQ-9 抑郁筛查',18,'中重度','抑郁风险较高','建议尽快进行专业心理评估','COMPLETED','2023-09-23 09:10:00','2023-09-23 09:10:00','2023-09-23 09:10:00'),(614,'2022010208','第2学期',15,3,'PHQ9','PHQ-9 抑郁筛查',3,'无或极轻','当前抑郁症状较少','建议保持规律生活并持续关注情绪变化','COMPLETED','2023-03-23 09:10:00','2023-03-23 09:10:00','2023-03-23 09:10:00'),(615,'2022010208','第1学期',15,3,'PHQ9','PHQ-9 抑郁筛查',3,'无或极轻','当前抑郁症状较少','建议保持规律生活并持续关注情绪变化','COMPLETED','2022-09-23 09:10:00','2022-09-23 09:10:00','2022-09-23 09:10:00'),(616,'2022010207','第8学期',15,3,'PHQ9','PHQ-9 抑郁筛查',3,'无或极轻','当前抑郁症状较少','建议保持规律生活并持续关注情绪变化','COMPLETED','2026-03-22 09:10:00','2026-03-22 09:10:00','2026-03-22 09:10:00'),(617,'2022010207','第7学期',15,3,'PHQ9','PHQ-9 抑郁筛查',18,'中重度','抑郁风险较高','建议尽快进行专业心理评估','COMPLETED','2025-09-22 09:10:00','2025-09-22 09:10:00','2025-09-22 09:10:00'),(618,'2022010207','第6学期',15,3,'PHQ9','PHQ-9 抑郁筛查',3,'无或极轻','当前抑郁症状较少','建议保持规律生活并持续关注情绪变化','COMPLETED','2025-03-22 09:10:00','2025-03-22 09:10:00','2025-03-22 09:10:00'),(619,'2022010207','第5学期',15,3,'PHQ9','PHQ-9 抑郁筛查',3,'无或极轻','当前抑郁症状较少','建议保持规律生活并持续关注情绪变化','COMPLETED','2024-09-22 09:10:00','2024-09-22 09:10:00','2024-09-22 09:10:00'),(620,'2022010207','第4学期',15,3,'PHQ9','PHQ-9 抑郁筛查',18,'中重度','抑郁风险较高','建议尽快进行专业心理评估','COMPLETED','2024-03-22 09:10:00','2024-03-22 09:10:00','2024-03-22 09:10:00'),(621,'2022010207','第3学期',15,3,'PHQ9','PHQ-9 抑郁筛查',3,'无或极轻','当前抑郁症状较少','建议保持规律生活并持续关注情绪变化','COMPLETED','2023-09-22 09:10:00','2023-09-22 09:10:00','2023-09-22 09:10:00'),(622,'2022010207','第2学期',15,3,'PHQ9','PHQ-9 抑郁筛查',3,'无或极轻','当前抑郁症状较少','建议保持规律生活并持续关注情绪变化','COMPLETED','2023-03-22 09:10:00','2023-03-22 09:10:00','2023-03-22 09:10:00'),(623,'2022010207','第1学期',15,3,'PHQ9','PHQ-9 抑郁筛查',18,'中重度','抑郁风险较高','建议尽快进行专业心理评估','COMPLETED','2022-09-22 09:10:00','2022-09-22 09:10:00','2022-09-22 09:10:00'),(624,'2022010206','第8学期',15,3,'PHQ9','PHQ-9 抑郁筛查',18,'中重度','抑郁风险较高','建议尽快进行专业心理评估','COMPLETED','2026-03-21 09:10:00','2026-03-21 09:10:00','2026-03-21 09:10:00'),(625,'2022010206','第7学期',15,3,'PHQ9','PHQ-9 抑郁筛查',3,'无或极轻','当前抑郁症状较少','建议保持规律生活并持续关注情绪变化','COMPLETED','2025-09-21 09:10:00','2025-09-21 09:10:00','2025-09-21 09:10:00'),(626,'2022010206','第6学期',15,3,'PHQ9','PHQ-9 抑郁筛查',3,'无或极轻','当前抑郁症状较少','建议保持规律生活并持续关注情绪变化','COMPLETED','2025-03-21 09:10:00','2025-03-21 09:10:00','2025-03-21 09:10:00'),(627,'2022010206','第5学期',15,3,'PHQ9','PHQ-9 抑郁筛查',18,'中重度','抑郁风险较高','建议尽快进行专业心理评估','COMPLETED','2024-09-21 09:10:00','2024-09-21 09:10:00','2024-09-21 09:10:00'),(628,'2022010206','第4学期',15,3,'PHQ9','PHQ-9 抑郁筛查',3,'无或极轻','当前抑郁症状较少','建议保持规律生活并持续关注情绪变化','COMPLETED','2024-03-21 09:10:00','2024-03-21 09:10:00','2024-03-21 09:10:00'),(629,'2022010206','第3学期',15,3,'PHQ9','PHQ-9 抑郁筛查',3,'无或极轻','当前抑郁症状较少','建议保持规律生活并持续关注情绪变化','COMPLETED','2023-09-21 09:10:00','2023-09-21 09:10:00','2023-09-21 09:10:00'),(630,'2022010206','第2学期',15,3,'PHQ9','PHQ-9 抑郁筛查',18,'中重度','抑郁风险较高','建议尽快进行专业心理评估','COMPLETED','2023-03-21 09:10:00','2023-03-21 09:10:00','2023-03-21 09:10:00'),(631,'2022010206','第1学期',15,3,'PHQ9','PHQ-9 抑郁筛查',3,'无或极轻','当前抑郁症状较少','建议保持规律生活并持续关注情绪变化','COMPLETED','2022-09-21 09:10:00','2022-09-21 09:10:00','2022-09-21 09:10:00'),(632,'2022010205','第8学期',15,3,'PHQ9','PHQ-9 抑郁筛查',18,'中重度','抑郁风险较高','建议尽快进行专业心理评估','COMPLETED','2026-03-20 09:10:00','2026-03-20 09:10:00','2026-03-20 09:10:00'),(633,'2022010205','第7学期',15,3,'PHQ9','PHQ-9 抑郁筛查',3,'无或极轻','当前抑郁症状较少','建议保持规律生活并持续关注情绪变化','COMPLETED','2025-09-20 09:10:00','2025-09-20 09:10:00','2025-09-20 09:10:00'),(634,'2022010205','第6学期',15,3,'PHQ9','PHQ-9 抑郁筛查',18,'中重度','抑郁风险较高','建议尽快进行专业心理评估','COMPLETED','2025-03-20 09:10:00','2025-03-20 09:10:00','2025-03-20 09:10:00'),(635,'2022010205','第5学期',15,3,'PHQ9','PHQ-9 抑郁筛查',3,'无或极轻','当前抑郁症状较少','建议保持规律生活并持续关注情绪变化','COMPLETED','2024-09-20 09:10:00','2024-09-20 09:10:00','2024-09-20 09:10:00'),(636,'2022010205','第4学期',15,3,'PHQ9','PHQ-9 抑郁筛查',3,'无或极轻','当前抑郁症状较少','建议保持规律生活并持续关注情绪变化','COMPLETED','2024-03-20 09:10:00','2024-03-20 09:10:00','2024-03-20 09:10:00'),(637,'2022010205','第3学期',15,3,'PHQ9','PHQ-9 抑郁筛查',18,'中重度','抑郁风险较高','建议尽快进行专业心理评估','COMPLETED','2023-09-20 09:10:00','2023-09-20 09:10:00','2023-09-20 09:10:00'),(638,'2022010205','第2学期',15,3,'PHQ9','PHQ-9 抑郁筛查',3,'无或极轻','当前抑郁症状较少','建议保持规律生活并持续关注情绪变化','COMPLETED','2023-03-20 09:10:00','2023-03-20 09:10:00','2023-03-20 09:10:00'),(639,'2022010205','第1学期',15,3,'PHQ9','PHQ-9 抑郁筛查',3,'无或极轻','当前抑郁症状较少','建议保持规律生活并持续关注情绪变化','COMPLETED','2022-09-20 09:10:00','2022-09-20 09:10:00','2022-09-20 09:10:00'),(640,'2022010204','第8学期',15,3,'PHQ9','PHQ-9 抑郁筛查',3,'无或极轻','当前抑郁症状较少','建议保持规律生活并持续关注情绪变化','COMPLETED','2026-03-19 09:10:00','2026-03-19 09:10:00','2026-03-19 09:10:00'),(641,'2022010204','第7学期',15,3,'PHQ9','PHQ-9 抑郁筛查',18,'中重度','抑郁风险较高','建议尽快进行专业心理评估','COMPLETED','2025-09-19 09:10:00','2025-09-19 09:10:00','2025-09-19 09:10:00'),(642,'2022010204','第6学期',15,3,'PHQ9','PHQ-9 抑郁筛查',3,'无或极轻','当前抑郁症状较少','建议保持规律生活并持续关注情绪变化','COMPLETED','2025-03-19 09:10:00','2025-03-19 09:10:00','2025-03-19 09:10:00'),(643,'2022010204','第5学期',15,3,'PHQ9','PHQ-9 抑郁筛查',3,'无或极轻','当前抑郁症状较少','建议保持规律生活并持续关注情绪变化','COMPLETED','2024-09-19 09:10:00','2024-09-19 09:10:00','2024-09-19 09:10:00'),(644,'2022010204','第4学期',15,3,'PHQ9','PHQ-9 抑郁筛查',18,'中重度','抑郁风险较高','建议尽快进行专业心理评估','COMPLETED','2024-03-19 09:10:00','2024-03-19 09:10:00','2024-03-19 09:10:00'),(645,'2022010204','第3学期',15,3,'PHQ9','PHQ-9 抑郁筛查',3,'无或极轻','当前抑郁症状较少','建议保持规律生活并持续关注情绪变化','COMPLETED','2023-09-19 09:10:00','2023-09-19 09:10:00','2023-09-19 09:10:00'),(646,'2022010204','第2学期',15,3,'PHQ9','PHQ-9 抑郁筛查',3,'无或极轻','当前抑郁症状较少','建议保持规律生活并持续关注情绪变化','COMPLETED','2023-03-19 09:10:00','2023-03-19 09:10:00','2023-03-19 09:10:00'),(647,'2022010204','第1学期',15,3,'PHQ9','PHQ-9 抑郁筛查',18,'中重度','抑郁风险较高','建议尽快进行专业心理评估','COMPLETED','2022-09-19 09:10:00','2022-09-19 09:10:00','2022-09-19 09:10:00'),(648,'2022010203','第8学期',15,3,'PHQ9','PHQ-9 抑郁筛查',18,'中重度','抑郁风险较高','建议尽快进行专业心理评估','COMPLETED','2026-03-18 09:10:00','2026-03-18 09:10:00','2026-03-18 09:10:00'),(649,'2022010203','第7学期',15,3,'PHQ9','PHQ-9 抑郁筛查',3,'无或极轻','当前抑郁症状较少','建议保持规律生活并持续关注情绪变化','COMPLETED','2025-09-18 09:10:00','2025-09-18 09:10:00','2025-09-18 09:10:00'),(650,'2022010203','第6学期',15,3,'PHQ9','PHQ-9 抑郁筛查',3,'无或极轻','当前抑郁症状较少','建议保持规律生活并持续关注情绪变化','COMPLETED','2025-03-18 09:10:00','2025-03-18 09:10:00','2025-03-18 09:10:00'),(651,'2022010203','第5学期',15,3,'PHQ9','PHQ-9 抑郁筛查',18,'中重度','抑郁风险较高','建议尽快进行专业心理评估','COMPLETED','2024-09-18 09:10:00','2024-09-18 09:10:00','2024-09-18 09:10:00'),(652,'2022010203','第4学期',15,3,'PHQ9','PHQ-9 抑郁筛查',3,'无或极轻','当前抑郁症状较少','建议保持规律生活并持续关注情绪变化','COMPLETED','2024-03-18 09:10:00','2024-03-18 09:10:00','2024-03-18 09:10:00'),(653,'2022010203','第3学期',15,3,'PHQ9','PHQ-9 抑郁筛查',3,'无或极轻','当前抑郁症状较少','建议保持规律生活并持续关注情绪变化','COMPLETED','2023-09-18 09:10:00','2023-09-18 09:10:00','2023-09-18 09:10:00'),(654,'2022010203','第2学期',15,3,'PHQ9','PHQ-9 抑郁筛查',18,'中重度','抑郁风险较高','建议尽快进行专业心理评估','COMPLETED','2023-03-18 09:10:00','2023-03-18 09:10:00','2023-03-18 09:10:00'),(655,'2022010203','第1学期',15,3,'PHQ9','PHQ-9 抑郁筛查',3,'无或极轻','当前抑郁症状较少','建议保持规律生活并持续关注情绪变化','COMPLETED','2022-09-18 09:10:00','2022-09-18 09:10:00','2022-09-18 09:10:00'),(656,'2022010202','第8学期',15,3,'PHQ9','PHQ-9 抑郁筛查',18,'中重度','抑郁风险较高','建议尽快进行专业心理评估','COMPLETED','2026-03-17 09:10:00','2026-03-17 09:10:00','2026-03-17 09:10:00'),(657,'2022010202','第7学期',15,3,'PHQ9','PHQ-9 抑郁筛查',3,'无或极轻','当前抑郁症状较少','建议保持规律生活并持续关注情绪变化','COMPLETED','2025-09-17 09:10:00','2025-09-17 09:10:00','2025-09-17 09:10:00'),(658,'2022010202','第6学期',15,3,'PHQ9','PHQ-9 抑郁筛查',18,'中重度','抑郁风险较高','建议尽快进行专业心理评估','COMPLETED','2025-03-17 09:10:00','2025-03-17 09:10:00','2025-03-17 09:10:00'),(659,'2022010202','第5学期',15,3,'PHQ9','PHQ-9 抑郁筛查',3,'无或极轻','当前抑郁症状较少','建议保持规律生活并持续关注情绪变化','COMPLETED','2024-09-17 09:10:00','2024-09-17 09:10:00','2024-09-17 09:10:00'),(660,'2022010202','第4学期',15,3,'PHQ9','PHQ-9 抑郁筛查',3,'无或极轻','当前抑郁症状较少','建议保持规律生活并持续关注情绪变化','COMPLETED','2024-03-17 09:10:00','2024-03-17 09:10:00','2024-03-17 09:10:00'),(661,'2022010202','第3学期',15,3,'PHQ9','PHQ-9 抑郁筛查',18,'中重度','抑郁风险较高','建议尽快进行专业心理评估','COMPLETED','2023-09-17 09:10:00','2023-09-17 09:10:00','2023-09-17 09:10:00'),(662,'2022010202','第2学期',15,3,'PHQ9','PHQ-9 抑郁筛查',3,'无或极轻','当前抑郁症状较少','建议保持规律生活并持续关注情绪变化','COMPLETED','2023-03-17 09:10:00','2023-03-17 09:10:00','2023-03-17 09:10:00'),(663,'2022010202','第1学期',15,3,'PHQ9','PHQ-9 抑郁筛查',3,'无或极轻','当前抑郁症状较少','建议保持规律生活并持续关注情绪变化','COMPLETED','2022-09-17 09:10:00','2022-09-17 09:10:00','2022-09-17 09:10:00'),(664,'2022010201','第8学期',15,3,'PHQ9','PHQ-9 抑郁筛查',3,'无或极轻','当前抑郁症状较少','建议保持规律生活并持续关注情绪变化','COMPLETED','2026-03-16 09:10:00','2026-03-16 09:10:00','2026-03-16 09:10:00'),(665,'2022010201','第7学期',15,3,'PHQ9','PHQ-9 抑郁筛查',18,'中重度','抑郁风险较高','建议尽快进行专业心理评估','COMPLETED','2025-09-16 09:10:00','2025-09-16 09:10:00','2025-09-16 09:10:00'),(666,'2022010201','第6学期',15,3,'PHQ9','PHQ-9 抑郁筛查',3,'无或极轻','当前抑郁症状较少','建议保持规律生活并持续关注情绪变化','COMPLETED','2025-03-16 09:10:00','2025-03-16 09:10:00','2025-03-16 09:10:00'),(667,'2022010201','第5学期',15,3,'PHQ9','PHQ-9 抑郁筛查',3,'无或极轻','当前抑郁症状较少','建议保持规律生活并持续关注情绪变化','COMPLETED','2024-09-16 09:10:00','2024-09-16 09:10:00','2024-09-16 09:10:00'),(668,'2022010201','第4学期',15,3,'PHQ9','PHQ-9 抑郁筛查',18,'中重度','抑郁风险较高','建议尽快进行专业心理评估','COMPLETED','2024-03-16 09:10:00','2024-03-16 09:10:00','2024-03-16 09:10:00'),(669,'2022010201','第3学期',15,3,'PHQ9','PHQ-9 抑郁筛查',3,'无或极轻','当前抑郁症状较少','建议保持规律生活并持续关注情绪变化','COMPLETED','2023-09-16 09:10:00','2023-09-16 09:10:00','2023-09-16 09:10:00'),(670,'2022010201','第2学期',15,3,'PHQ9','PHQ-9 抑郁筛查',3,'无或极轻','当前抑郁症状较少','建议保持规律生活并持续关注情绪变化','COMPLETED','2023-03-16 09:10:00','2023-03-16 09:10:00','2023-03-16 09:10:00'),(671,'2022010201','第1学期',15,3,'PHQ9','PHQ-9 抑郁筛查',18,'中重度','抑郁风险较高','建议尽快进行专业心理评估','COMPLETED','2022-09-16 09:10:00','2022-09-16 09:10:00','2022-09-16 09:10:00'),(672,'2022010310','第8学期',15,3,'PHQ9','PHQ-9 抑郁筛查',18,'中重度','抑郁风险较高','建议尽快进行专业心理评估','COMPLETED','2026-03-25 09:10:00','2026-03-25 09:10:00','2026-03-25 09:10:00'),(673,'2022010310','第7学期',15,3,'PHQ9','PHQ-9 抑郁筛查',3,'无或极轻','当前抑郁症状较少','建议保持规律生活并持续关注情绪变化','COMPLETED','2025-09-25 09:10:00','2025-09-25 09:10:00','2025-09-25 09:10:00'),(674,'2022010310','第6学期',15,3,'PHQ9','PHQ-9 抑郁筛查',18,'中重度','抑郁风险较高','建议尽快进行专业心理评估','COMPLETED','2025-03-25 09:10:00','2025-03-25 09:10:00','2025-03-25 09:10:00'),(675,'2022010310','第5学期',15,3,'PHQ9','PHQ-9 抑郁筛查',3,'无或极轻','当前抑郁症状较少','建议保持规律生活并持续关注情绪变化','COMPLETED','2024-09-25 09:10:00','2024-09-25 09:10:00','2024-09-25 09:10:00'),(676,'2022010310','第4学期',15,3,'PHQ9','PHQ-9 抑郁筛查',3,'无或极轻','当前抑郁症状较少','建议保持规律生活并持续关注情绪变化','COMPLETED','2024-03-25 09:10:00','2024-03-25 09:10:00','2024-03-25 09:10:00'),(677,'2022010310','第3学期',15,3,'PHQ9','PHQ-9 抑郁筛查',18,'中重度','抑郁风险较高','建议尽快进行专业心理评估','COMPLETED','2023-09-25 09:10:00','2023-09-25 09:10:00','2023-09-25 09:10:00'),(678,'2022010310','第2学期',15,3,'PHQ9','PHQ-9 抑郁筛查',3,'无或极轻','当前抑郁症状较少','建议保持规律生活并持续关注情绪变化','COMPLETED','2023-03-25 09:10:00','2023-03-25 09:10:00','2023-03-25 09:10:00'),(679,'2022010310','第1学期',15,3,'PHQ9','PHQ-9 抑郁筛查',3,'无或极轻','当前抑郁症状较少','建议保持规律生活并持续关注情绪变化','COMPLETED','2022-09-25 09:10:00','2022-09-25 09:10:00','2022-09-25 09:10:00'),(680,'2022010309','第8学期',15,3,'PHQ9','PHQ-9 抑郁筛查',3,'无或极轻','当前抑郁症状较少','建议保持规律生活并持续关注情绪变化','COMPLETED','2026-03-24 09:10:00','2026-03-24 09:10:00','2026-03-24 09:10:00'),(681,'2022010309','第7学期',15,3,'PHQ9','PHQ-9 抑郁筛查',18,'中重度','抑郁风险较高','建议尽快进行专业心理评估','COMPLETED','2025-09-24 09:10:00','2025-09-24 09:10:00','2025-09-24 09:10:00'),(682,'2022010309','第6学期',15,3,'PHQ9','PHQ-9 抑郁筛查',3,'无或极轻','当前抑郁症状较少','建议保持规律生活并持续关注情绪变化','COMPLETED','2025-03-24 09:10:00','2025-03-24 09:10:00','2025-03-24 09:10:00'),(683,'2022010309','第5学期',15,3,'PHQ9','PHQ-9 抑郁筛查',3,'无或极轻','当前抑郁症状较少','建议保持规律生活并持续关注情绪变化','COMPLETED','2024-09-24 09:10:00','2024-09-24 09:10:00','2024-09-24 09:10:00'),(684,'2022010309','第4学期',15,3,'PHQ9','PHQ-9 抑郁筛查',18,'中重度','抑郁风险较高','建议尽快进行专业心理评估','COMPLETED','2024-03-24 09:10:00','2024-03-24 09:10:00','2024-03-24 09:10:00'),(685,'2022010309','第3学期',15,3,'PHQ9','PHQ-9 抑郁筛查',3,'无或极轻','当前抑郁症状较少','建议保持规律生活并持续关注情绪变化','COMPLETED','2023-09-24 09:10:00','2023-09-24 09:10:00','2023-09-24 09:10:00'),(686,'2022010309','第2学期',15,3,'PHQ9','PHQ-9 抑郁筛查',3,'无或极轻','当前抑郁症状较少','建议保持规律生活并持续关注情绪变化','COMPLETED','2023-03-24 09:10:00','2023-03-24 09:10:00','2023-03-24 09:10:00'),(687,'2022010309','第1学期',15,3,'PHQ9','PHQ-9 抑郁筛查',18,'中重度','抑郁风险较高','建议尽快进行专业心理评估','COMPLETED','2022-09-24 09:10:00','2022-09-24 09:10:00','2022-09-24 09:10:00'),(688,'2022010308','第8学期',15,3,'PHQ9','PHQ-9 抑郁筛查',18,'中重度','抑郁风险较高','建议尽快进行专业心理评估','COMPLETED','2026-03-23 09:10:00','2026-03-23 09:10:00','2026-03-23 09:10:00'),(689,'2022010308','第7学期',15,3,'PHQ9','PHQ-9 抑郁筛查',3,'无或极轻','当前抑郁症状较少','建议保持规律生活并持续关注情绪变化','COMPLETED','2025-09-23 09:10:00','2025-09-23 09:10:00','2025-09-23 09:10:00'),(690,'2022010308','第6学期',15,3,'PHQ9','PHQ-9 抑郁筛查',3,'无或极轻','当前抑郁症状较少','建议保持规律生活并持续关注情绪变化','COMPLETED','2025-03-23 09:10:00','2025-03-23 09:10:00','2025-03-23 09:10:00'),(691,'2022010308','第5学期',15,3,'PHQ9','PHQ-9 抑郁筛查',18,'中重度','抑郁风险较高','建议尽快进行专业心理评估','COMPLETED','2024-09-23 09:10:00','2024-09-23 09:10:00','2024-09-23 09:10:00'),(692,'2022010308','第4学期',15,3,'PHQ9','PHQ-9 抑郁筛查',3,'无或极轻','当前抑郁症状较少','建议保持规律生活并持续关注情绪变化','COMPLETED','2024-03-23 09:10:00','2024-03-23 09:10:00','2024-03-23 09:10:00'),(693,'2022010308','第3学期',15,3,'PHQ9','PHQ-9 抑郁筛查',3,'无或极轻','当前抑郁症状较少','建议保持规律生活并持续关注情绪变化','COMPLETED','2023-09-23 09:10:00','2023-09-23 09:10:00','2023-09-23 09:10:00'),(694,'2022010308','第2学期',15,3,'PHQ9','PHQ-9 抑郁筛查',18,'中重度','抑郁风险较高','建议尽快进行专业心理评估','COMPLETED','2023-03-23 09:10:00','2023-03-23 09:10:00','2023-03-23 09:10:00'),(695,'2022010308','第1学期',15,3,'PHQ9','PHQ-9 抑郁筛查',3,'无或极轻','当前抑郁症状较少','建议保持规律生活并持续关注情绪变化','COMPLETED','2022-09-23 09:10:00','2022-09-23 09:10:00','2022-09-23 09:10:00'),(696,'2022010307','第8学期',15,3,'PHQ9','PHQ-9 抑郁筛查',18,'中重度','抑郁风险较高','建议尽快进行专业心理评估','COMPLETED','2026-03-22 09:10:00','2026-03-22 09:10:00','2026-03-22 09:10:00'),(697,'2022010307','第7学期',15,3,'PHQ9','PHQ-9 抑郁筛查',3,'无或极轻','当前抑郁症状较少','建议保持规律生活并持续关注情绪变化','COMPLETED','2025-09-22 09:10:00','2025-09-22 09:10:00','2025-09-22 09:10:00'),(698,'2022010307','第6学期',15,3,'PHQ9','PHQ-9 抑郁筛查',18,'中重度','抑郁风险较高','建议尽快进行专业心理评估','COMPLETED','2025-03-22 09:10:00','2025-03-22 09:10:00','2025-03-22 09:10:00'),(699,'2022010307','第5学期',15,3,'PHQ9','PHQ-9 抑郁筛查',3,'无或极轻','当前抑郁症状较少','建议保持规律生活并持续关注情绪变化','COMPLETED','2024-09-22 09:10:00','2024-09-22 09:10:00','2024-09-22 09:10:00'),(700,'2022010307','第4学期',15,3,'PHQ9','PHQ-9 抑郁筛查',3,'无或极轻','当前抑郁症状较少','建议保持规律生活并持续关注情绪变化','COMPLETED','2024-03-22 09:10:00','2024-03-22 09:10:00','2024-03-22 09:10:00'),(701,'2022010307','第3学期',15,3,'PHQ9','PHQ-9 抑郁筛查',18,'中重度','抑郁风险较高','建议尽快进行专业心理评估','COMPLETED','2023-09-22 09:10:00','2023-09-22 09:10:00','2023-09-22 09:10:00'),(702,'2022010307','第2学期',15,3,'PHQ9','PHQ-9 抑郁筛查',3,'无或极轻','当前抑郁症状较少','建议保持规律生活并持续关注情绪变化','COMPLETED','2023-03-22 09:10:00','2023-03-22 09:10:00','2023-03-22 09:10:00'),(703,'2022010307','第1学期',15,3,'PHQ9','PHQ-9 抑郁筛查',3,'无或极轻','当前抑郁症状较少','建议保持规律生活并持续关注情绪变化','COMPLETED','2022-09-22 09:10:00','2022-09-22 09:10:00','2022-09-22 09:10:00'),(704,'2022010306','第8学期',15,3,'PHQ9','PHQ-9 抑郁筛查',3,'无或极轻','当前抑郁症状较少','建议保持规律生活并持续关注情绪变化','COMPLETED','2026-03-21 09:10:00','2026-03-21 09:10:00','2026-03-21 09:10:00'),(705,'2022010306','第7学期',15,3,'PHQ9','PHQ-9 抑郁筛查',18,'中重度','抑郁风险较高','建议尽快进行专业心理评估','COMPLETED','2025-09-21 09:10:00','2025-09-21 09:10:00','2025-09-21 09:10:00'),(706,'2022010306','第6学期',15,3,'PHQ9','PHQ-9 抑郁筛查',3,'无或极轻','当前抑郁症状较少','建议保持规律生活并持续关注情绪变化','COMPLETED','2025-03-21 09:10:00','2025-03-21 09:10:00','2025-03-21 09:10:00'),(707,'2022010306','第5学期',15,3,'PHQ9','PHQ-9 抑郁筛查',3,'无或极轻','当前抑郁症状较少','建议保持规律生活并持续关注情绪变化','COMPLETED','2024-09-21 09:10:00','2024-09-21 09:10:00','2024-09-21 09:10:00'),(708,'2022010306','第4学期',15,3,'PHQ9','PHQ-9 抑郁筛查',18,'中重度','抑郁风险较高','建议尽快进行专业心理评估','COMPLETED','2024-03-21 09:10:00','2024-03-21 09:10:00','2024-03-21 09:10:00'),(709,'2022010306','第3学期',15,3,'PHQ9','PHQ-9 抑郁筛查',3,'无或极轻','当前抑郁症状较少','建议保持规律生活并持续关注情绪变化','COMPLETED','2023-09-21 09:10:00','2023-09-21 09:10:00','2023-09-21 09:10:00'),(710,'2022010306','第2学期',15,3,'PHQ9','PHQ-9 抑郁筛查',3,'无或极轻','当前抑郁症状较少','建议保持规律生活并持续关注情绪变化','COMPLETED','2023-03-21 09:10:00','2023-03-21 09:10:00','2023-03-21 09:10:00'),(711,'2022010306','第1学期',15,3,'PHQ9','PHQ-9 抑郁筛查',18,'中重度','抑郁风险较高','建议尽快进行专业心理评估','COMPLETED','2022-09-21 09:10:00','2022-09-21 09:10:00','2022-09-21 09:10:00'),(712,'2022010305','第8学期',15,3,'PHQ9','PHQ-9 抑郁筛查',18,'中重度','抑郁风险较高','建议尽快进行专业心理评估','COMPLETED','2026-03-20 09:10:00','2026-03-20 09:10:00','2026-03-20 09:10:00'),(713,'2022010305','第7学期',15,3,'PHQ9','PHQ-9 抑郁筛查',3,'无或极轻','当前抑郁症状较少','建议保持规律生活并持续关注情绪变化','COMPLETED','2025-09-20 09:10:00','2025-09-20 09:10:00','2025-09-20 09:10:00'),(714,'2022010305','第6学期',15,3,'PHQ9','PHQ-9 抑郁筛查',3,'无或极轻','当前抑郁症状较少','建议保持规律生活并持续关注情绪变化','COMPLETED','2025-03-20 09:10:00','2025-03-20 09:10:00','2025-03-20 09:10:00'),(715,'2022010305','第5学期',15,3,'PHQ9','PHQ-9 抑郁筛查',18,'中重度','抑郁风险较高','建议尽快进行专业心理评估','COMPLETED','2024-09-20 09:10:00','2024-09-20 09:10:00','2024-09-20 09:10:00'),(716,'2022010305','第4学期',15,3,'PHQ9','PHQ-9 抑郁筛查',3,'无或极轻','当前抑郁症状较少','建议保持规律生活并持续关注情绪变化','COMPLETED','2024-03-20 09:10:00','2024-03-20 09:10:00','2024-03-20 09:10:00'),(717,'2022010305','第3学期',15,3,'PHQ9','PHQ-9 抑郁筛查',3,'无或极轻','当前抑郁症状较少','建议保持规律生活并持续关注情绪变化','COMPLETED','2023-09-20 09:10:00','2023-09-20 09:10:00','2023-09-20 09:10:00'),(718,'2022010305','第2学期',15,3,'PHQ9','PHQ-9 抑郁筛查',18,'中重度','抑郁风险较高','建议尽快进行专业心理评估','COMPLETED','2023-03-20 09:10:00','2023-03-20 09:10:00','2023-03-20 09:10:00'),(719,'2022010305','第1学期',15,3,'PHQ9','PHQ-9 抑郁筛查',3,'无或极轻','当前抑郁症状较少','建议保持规律生活并持续关注情绪变化','COMPLETED','2022-09-20 09:10:00','2022-09-20 09:10:00','2022-09-20 09:10:00'),(720,'2022010304','第8学期',15,3,'PHQ9','PHQ-9 抑郁筛查',18,'中重度','抑郁风险较高','建议尽快进行专业心理评估','COMPLETED','2026-03-19 09:10:00','2026-03-19 09:10:00','2026-03-19 09:10:00'),(721,'2022010304','第7学期',15,3,'PHQ9','PHQ-9 抑郁筛查',3,'无或极轻','当前抑郁症状较少','建议保持规律生活并持续关注情绪变化','COMPLETED','2025-09-19 09:10:00','2025-09-19 09:10:00','2025-09-19 09:10:00'),(722,'2022010304','第6学期',15,3,'PHQ9','PHQ-9 抑郁筛查',18,'中重度','抑郁风险较高','建议尽快进行专业心理评估','COMPLETED','2025-03-19 09:10:00','2025-03-19 09:10:00','2025-03-19 09:10:00'),(723,'2022010304','第5学期',15,3,'PHQ9','PHQ-9 抑郁筛查',3,'无或极轻','当前抑郁症状较少','建议保持规律生活并持续关注情绪变化','COMPLETED','2024-09-19 09:10:00','2024-09-19 09:10:00','2024-09-19 09:10:00'),(724,'2022010304','第4学期',15,3,'PHQ9','PHQ-9 抑郁筛查',3,'无或极轻','当前抑郁症状较少','建议保持规律生活并持续关注情绪变化','COMPLETED','2024-03-19 09:10:00','2024-03-19 09:10:00','2024-03-19 09:10:00'),(725,'2022010304','第3学期',15,3,'PHQ9','PHQ-9 抑郁筛查',18,'中重度','抑郁风险较高','建议尽快进行专业心理评估','COMPLETED','2023-09-19 09:10:00','2023-09-19 09:10:00','2023-09-19 09:10:00'),(726,'2022010304','第2学期',15,3,'PHQ9','PHQ-9 抑郁筛查',3,'无或极轻','当前抑郁症状较少','建议保持规律生活并持续关注情绪变化','COMPLETED','2023-03-19 09:10:00','2023-03-19 09:10:00','2023-03-19 09:10:00'),(727,'2022010304','第1学期',15,3,'PHQ9','PHQ-9 抑郁筛查',3,'无或极轻','当前抑郁症状较少','建议保持规律生活并持续关注情绪变化','COMPLETED','2022-09-19 09:10:00','2022-09-19 09:10:00','2022-09-19 09:10:00'),(728,'2022010303','第8学期',15,3,'PHQ9','PHQ-9 抑郁筛查',3,'无或极轻','当前抑郁症状较少','建议保持规律生活并持续关注情绪变化','COMPLETED','2026-03-18 09:10:00','2026-03-18 09:10:00','2026-03-18 09:10:00'),(729,'2022010303','第7学期',15,3,'PHQ9','PHQ-9 抑郁筛查',18,'中重度','抑郁风险较高','建议尽快进行专业心理评估','COMPLETED','2025-09-18 09:10:00','2025-09-18 09:10:00','2025-09-18 09:10:00'),(730,'2022010303','第6学期',15,3,'PHQ9','PHQ-9 抑郁筛查',3,'无或极轻','当前抑郁症状较少','建议保持规律生活并持续关注情绪变化','COMPLETED','2025-03-18 09:10:00','2025-03-18 09:10:00','2025-03-18 09:10:00'),(731,'2022010303','第5学期',15,3,'PHQ9','PHQ-9 抑郁筛查',3,'无或极轻','当前抑郁症状较少','建议保持规律生活并持续关注情绪变化','COMPLETED','2024-09-18 09:10:00','2024-09-18 09:10:00','2024-09-18 09:10:00'),(732,'2022010303','第4学期',15,3,'PHQ9','PHQ-9 抑郁筛查',18,'中重度','抑郁风险较高','建议尽快进行专业心理评估','COMPLETED','2024-03-18 09:10:00','2024-03-18 09:10:00','2024-03-18 09:10:00'),(733,'2022010303','第3学期',15,3,'PHQ9','PHQ-9 抑郁筛查',3,'无或极轻','当前抑郁症状较少','建议保持规律生活并持续关注情绪变化','COMPLETED','2023-09-18 09:10:00','2023-09-18 09:10:00','2023-09-18 09:10:00'),(734,'2022010303','第2学期',15,3,'PHQ9','PHQ-9 抑郁筛查',3,'无或极轻','当前抑郁症状较少','建议保持规律生活并持续关注情绪变化','COMPLETED','2023-03-18 09:10:00','2023-03-18 09:10:00','2023-03-18 09:10:00'),(735,'2022010303','第1学期',15,3,'PHQ9','PHQ-9 抑郁筛查',18,'中重度','抑郁风险较高','建议尽快进行专业心理评估','COMPLETED','2022-09-18 09:10:00','2022-09-18 09:10:00','2022-09-18 09:10:00'),(736,'2022010302','第8学期',15,3,'PHQ9','PHQ-9 抑郁筛查',18,'中重度','抑郁风险较高','建议尽快进行专业心理评估','COMPLETED','2026-03-17 09:10:00','2026-03-17 09:10:00','2026-03-17 09:10:00'),(737,'2022010302','第7学期',15,3,'PHQ9','PHQ-9 抑郁筛查',3,'无或极轻','当前抑郁症状较少','建议保持规律生活并持续关注情绪变化','COMPLETED','2025-09-17 09:10:00','2025-09-17 09:10:00','2025-09-17 09:10:00'),(738,'2022010302','第6学期',15,3,'PHQ9','PHQ-9 抑郁筛查',3,'无或极轻','当前抑郁症状较少','建议保持规律生活并持续关注情绪变化','COMPLETED','2025-03-17 09:10:00','2025-03-17 09:10:00','2025-03-17 09:10:00'),(739,'2022010302','第5学期',15,3,'PHQ9','PHQ-9 抑郁筛查',18,'中重度','抑郁风险较高','建议尽快进行专业心理评估','COMPLETED','2024-09-17 09:10:00','2024-09-17 09:10:00','2024-09-17 09:10:00'),(740,'2022010302','第4学期',15,3,'PHQ9','PHQ-9 抑郁筛查',3,'无或极轻','当前抑郁症状较少','建议保持规律生活并持续关注情绪变化','COMPLETED','2024-03-17 09:10:00','2024-03-17 09:10:00','2024-03-17 09:10:00'),(741,'2022010302','第3学期',15,3,'PHQ9','PHQ-9 抑郁筛查',3,'无或极轻','当前抑郁症状较少','建议保持规律生活并持续关注情绪变化','COMPLETED','2023-09-17 09:10:00','2023-09-17 09:10:00','2023-09-17 09:10:00'),(742,'2022010302','第2学期',15,3,'PHQ9','PHQ-9 抑郁筛查',18,'中重度','抑郁风险较高','建议尽快进行专业心理评估','COMPLETED','2023-03-17 09:10:00','2023-03-17 09:10:00','2023-03-17 09:10:00'),(743,'2022010302','第1学期',15,3,'PHQ9','PHQ-9 抑郁筛查',3,'无或极轻','当前抑郁症状较少','建议保持规律生活并持续关注情绪变化','COMPLETED','2022-09-17 09:10:00','2022-09-17 09:10:00','2022-09-17 09:10:00'),(744,'2022010301','第8学期',15,3,'PHQ9','PHQ-9 抑郁筛查',18,'中重度','抑郁风险较高','建议尽快进行专业心理评估','COMPLETED','2026-03-16 09:10:00','2026-03-16 09:10:00','2026-03-16 09:10:00'),(745,'2022010301','第7学期',15,3,'PHQ9','PHQ-9 抑郁筛查',3,'无或极轻','当前抑郁症状较少','建议保持规律生活并持续关注情绪变化','COMPLETED','2025-09-16 09:10:00','2025-09-16 09:10:00','2025-09-16 09:10:00'),(746,'2022010301','第6学期',15,3,'PHQ9','PHQ-9 抑郁筛查',18,'中重度','抑郁风险较高','建议尽快进行专业心理评估','COMPLETED','2025-03-16 09:10:00','2025-03-16 09:10:00','2025-03-16 09:10:00'),(747,'2022010301','第5学期',15,3,'PHQ9','PHQ-9 抑郁筛查',3,'无或极轻','当前抑郁症状较少','建议保持规律生活并持续关注情绪变化','COMPLETED','2024-09-16 09:10:00','2024-09-16 09:10:00','2024-09-16 09:10:00'),(748,'2022010301','第4学期',15,3,'PHQ9','PHQ-9 抑郁筛查',3,'无或极轻','当前抑郁症状较少','建议保持规律生活并持续关注情绪变化','COMPLETED','2024-03-16 09:10:00','2024-03-16 09:10:00','2024-03-16 09:10:00'),(749,'2022010301','第3学期',15,3,'PHQ9','PHQ-9 抑郁筛查',18,'中重度','抑郁风险较高','建议尽快进行专业心理评估','COMPLETED','2023-09-16 09:10:00','2023-09-16 09:10:00','2023-09-16 09:10:00'),(750,'2022010301','第2学期',15,3,'PHQ9','PHQ-9 抑郁筛查',3,'无或极轻','当前抑郁症状较少','建议保持规律生活并持续关注情绪变化','COMPLETED','2023-03-16 09:10:00','2023-03-16 09:10:00','2023-03-16 09:10:00'),(751,'2022010301','第1学期',15,3,'PHQ9','PHQ-9 抑郁筛查',3,'无或极轻','当前抑郁症状较少','建议保持规律生活并持续关注情绪变化','COMPLETED','2022-09-16 09:10:00','2022-09-16 09:10:00','2022-09-16 09:10:00'),(752,'2022010410','第8学期',15,3,'PHQ9','PHQ-9 抑郁筛查',18,'中重度','抑郁风险较高','建议尽快进行专业心理评估','COMPLETED','2026-03-25 09:10:00','2026-03-25 09:10:00','2026-03-25 09:10:00'),(753,'2022010410','第7学期',15,3,'PHQ9','PHQ-9 抑郁筛查',3,'无或极轻','当前抑郁症状较少','建议保持规律生活并持续关注情绪变化','COMPLETED','2025-09-25 09:10:00','2025-09-25 09:10:00','2025-09-25 09:10:00'),(754,'2022010410','第6学期',15,3,'PHQ9','PHQ-9 抑郁筛查',3,'无或极轻','当前抑郁症状较少','建议保持规律生活并持续关注情绪变化','COMPLETED','2025-03-25 09:10:00','2025-03-25 09:10:00','2025-03-25 09:10:00'),(755,'2022010410','第5学期',15,3,'PHQ9','PHQ-9 抑郁筛查',18,'中重度','抑郁风险较高','建议尽快进行专业心理评估','COMPLETED','2024-09-25 09:10:00','2024-09-25 09:10:00','2024-09-25 09:10:00'),(756,'2022010410','第4学期',15,3,'PHQ9','PHQ-9 抑郁筛查',3,'无或极轻','当前抑郁症状较少','建议保持规律生活并持续关注情绪变化','COMPLETED','2024-03-25 09:10:00','2024-03-25 09:10:00','2024-03-25 09:10:00'),(757,'2022010410','第3学期',15,3,'PHQ9','PHQ-9 抑郁筛查',3,'无或极轻','当前抑郁症状较少','建议保持规律生活并持续关注情绪变化','COMPLETED','2023-09-25 09:10:00','2023-09-25 09:10:00','2023-09-25 09:10:00'),(758,'2022010410','第2学期',15,3,'PHQ9','PHQ-9 抑郁筛查',18,'中重度','抑郁风险较高','建议尽快进行专业心理评估','COMPLETED','2023-03-25 09:10:00','2023-03-25 09:10:00','2023-03-25 09:10:00'),(759,'2022010410','第1学期',15,3,'PHQ9','PHQ-9 抑郁筛查',3,'无或极轻','当前抑郁症状较少','建议保持规律生活并持续关注情绪变化','COMPLETED','2022-09-25 09:10:00','2022-09-25 09:10:00','2022-09-25 09:10:00'),(760,'2022010409','第8学期',15,3,'PHQ9','PHQ-9 抑郁筛查',18,'中重度','抑郁风险较高','建议尽快进行专业心理评估','COMPLETED','2026-03-24 09:10:00','2026-03-24 09:10:00','2026-03-24 09:10:00'),(761,'2022010409','第7学期',15,3,'PHQ9','PHQ-9 抑郁筛查',3,'无或极轻','当前抑郁症状较少','建议保持规律生活并持续关注情绪变化','COMPLETED','2025-09-24 09:10:00','2025-09-24 09:10:00','2025-09-24 09:10:00'),(762,'2022010409','第6学期',15,3,'PHQ9','PHQ-9 抑郁筛查',18,'中重度','抑郁风险较高','建议尽快进行专业心理评估','COMPLETED','2025-03-24 09:10:00','2025-03-24 09:10:00','2025-03-24 09:10:00'),(763,'2022010409','第5学期',15,3,'PHQ9','PHQ-9 抑郁筛查',3,'无或极轻','当前抑郁症状较少','建议保持规律生活并持续关注情绪变化','COMPLETED','2024-09-24 09:10:00','2024-09-24 09:10:00','2024-09-24 09:10:00'),(764,'2022010409','第4学期',15,3,'PHQ9','PHQ-9 抑郁筛查',3,'无或极轻','当前抑郁症状较少','建议保持规律生活并持续关注情绪变化','COMPLETED','2024-03-24 09:10:00','2024-03-24 09:10:00','2024-03-24 09:10:00'),(765,'2022010409','第3学期',15,3,'PHQ9','PHQ-9 抑郁筛查',18,'中重度','抑郁风险较高','建议尽快进行专业心理评估','COMPLETED','2023-09-24 09:10:00','2023-09-24 09:10:00','2023-09-24 09:10:00'),(766,'2022010409','第2学期',15,3,'PHQ9','PHQ-9 抑郁筛查',3,'无或极轻','当前抑郁症状较少','建议保持规律生活并持续关注情绪变化','COMPLETED','2023-03-24 09:10:00','2023-03-24 09:10:00','2023-03-24 09:10:00'),(767,'2022010409','第1学期',15,3,'PHQ9','PHQ-9 抑郁筛查',3,'无或极轻','当前抑郁症状较少','建议保持规律生活并持续关注情绪变化','COMPLETED','2022-09-24 09:10:00','2022-09-24 09:10:00','2022-09-24 09:10:00'),(768,'2022010408','第8学期',15,3,'PHQ9','PHQ-9 抑郁筛查',3,'无或极轻','当前抑郁症状较少','建议保持规律生活并持续关注情绪变化','COMPLETED','2026-03-23 09:10:00','2026-03-23 09:10:00','2026-03-23 09:10:00'),(769,'2022010408','第7学期',15,3,'PHQ9','PHQ-9 抑郁筛查',18,'中重度','抑郁风险较高','建议尽快进行专业心理评估','COMPLETED','2025-09-23 09:10:00','2025-09-23 09:10:00','2025-09-23 09:10:00'),(770,'2022010408','第6学期',15,3,'PHQ9','PHQ-9 抑郁筛查',3,'无或极轻','当前抑郁症状较少','建议保持规律生活并持续关注情绪变化','COMPLETED','2025-03-23 09:10:00','2025-03-23 09:10:00','2025-03-23 09:10:00'),(771,'2022010408','第5学期',15,3,'PHQ9','PHQ-9 抑郁筛查',3,'无或极轻','当前抑郁症状较少','建议保持规律生活并持续关注情绪变化','COMPLETED','2024-09-23 09:10:00','2024-09-23 09:10:00','2024-09-23 09:10:00'),(772,'2022010408','第4学期',15,3,'PHQ9','PHQ-9 抑郁筛查',18,'中重度','抑郁风险较高','建议尽快进行专业心理评估','COMPLETED','2024-03-23 09:10:00','2024-03-23 09:10:00','2024-03-23 09:10:00'),(773,'2022010408','第3学期',15,3,'PHQ9','PHQ-9 抑郁筛查',3,'无或极轻','当前抑郁症状较少','建议保持规律生活并持续关注情绪变化','COMPLETED','2023-09-23 09:10:00','2023-09-23 09:10:00','2023-09-23 09:10:00'),(774,'2022010408','第2学期',15,3,'PHQ9','PHQ-9 抑郁筛查',3,'无或极轻','当前抑郁症状较少','建议保持规律生活并持续关注情绪变化','COMPLETED','2023-03-23 09:10:00','2023-03-23 09:10:00','2023-03-23 09:10:00'),(775,'2022010408','第1学期',15,3,'PHQ9','PHQ-9 抑郁筛查',18,'中重度','抑郁风险较高','建议尽快进行专业心理评估','COMPLETED','2022-09-23 09:10:00','2022-09-23 09:10:00','2022-09-23 09:10:00'),(776,'2022010407','第8学期',15,3,'PHQ9','PHQ-9 抑郁筛查',18,'中重度','抑郁风险较高','建议尽快进行专业心理评估','COMPLETED','2026-03-22 09:10:00','2026-03-22 09:10:00','2026-03-22 09:10:00'),(777,'2022010407','第7学期',15,3,'PHQ9','PHQ-9 抑郁筛查',3,'无或极轻','当前抑郁症状较少','建议保持规律生活并持续关注情绪变化','COMPLETED','2025-09-22 09:10:00','2025-09-22 09:10:00','2025-09-22 09:10:00'),(778,'2022010407','第6学期',15,3,'PHQ9','PHQ-9 抑郁筛查',3,'无或极轻','当前抑郁症状较少','建议保持规律生活并持续关注情绪变化','COMPLETED','2025-03-22 09:10:00','2025-03-22 09:10:00','2025-03-22 09:10:00'),(779,'2022010407','第5学期',15,3,'PHQ9','PHQ-9 抑郁筛查',18,'中重度','抑郁风险较高','建议尽快进行专业心理评估','COMPLETED','2024-09-22 09:10:00','2024-09-22 09:10:00','2024-09-22 09:10:00'),(780,'2022010407','第4学期',15,3,'PHQ9','PHQ-9 抑郁筛查',3,'无或极轻','当前抑郁症状较少','建议保持规律生活并持续关注情绪变化','COMPLETED','2024-03-22 09:10:00','2024-03-22 09:10:00','2024-03-22 09:10:00'),(781,'2022010407','第3学期',15,3,'PHQ9','PHQ-9 抑郁筛查',3,'无或极轻','当前抑郁症状较少','建议保持规律生活并持续关注情绪变化','COMPLETED','2023-09-22 09:10:00','2023-09-22 09:10:00','2023-09-22 09:10:00'),(782,'2022010407','第2学期',15,3,'PHQ9','PHQ-9 抑郁筛查',18,'中重度','抑郁风险较高','建议尽快进行专业心理评估','COMPLETED','2023-03-22 09:10:00','2023-03-22 09:10:00','2023-03-22 09:10:00'),(783,'2022010407','第1学期',15,3,'PHQ9','PHQ-9 抑郁筛查',3,'无或极轻','当前抑郁症状较少','建议保持规律生活并持续关注情绪变化','COMPLETED','2022-09-22 09:10:00','2022-09-22 09:10:00','2022-09-22 09:10:00'),(784,'2022010406','第8学期',15,3,'PHQ9','PHQ-9 抑郁筛查',18,'中重度','抑郁风险较高','建议尽快进行专业心理评估','COMPLETED','2026-03-21 09:10:00','2026-03-21 09:10:00','2026-03-21 09:10:00'),(785,'2022010406','第7学期',15,3,'PHQ9','PHQ-9 抑郁筛查',3,'无或极轻','当前抑郁症状较少','建议保持规律生活并持续关注情绪变化','COMPLETED','2025-09-21 09:10:00','2025-09-21 09:10:00','2025-09-21 09:10:00'),(786,'2022010406','第6学期',15,3,'PHQ9','PHQ-9 抑郁筛查',18,'中重度','抑郁风险较高','建议尽快进行专业心理评估','COMPLETED','2025-03-21 09:10:00','2025-03-21 09:10:00','2025-03-21 09:10:00'),(787,'2022010406','第5学期',15,3,'PHQ9','PHQ-9 抑郁筛查',3,'无或极轻','当前抑郁症状较少','建议保持规律生活并持续关注情绪变化','COMPLETED','2024-09-21 09:10:00','2024-09-21 09:10:00','2024-09-21 09:10:00'),(788,'2022010406','第4学期',15,3,'PHQ9','PHQ-9 抑郁筛查',3,'无或极轻','当前抑郁症状较少','建议保持规律生活并持续关注情绪变化','COMPLETED','2024-03-21 09:10:00','2024-03-21 09:10:00','2024-03-21 09:10:00'),(789,'2022010406','第3学期',15,3,'PHQ9','PHQ-9 抑郁筛查',18,'中重度','抑郁风险较高','建议尽快进行专业心理评估','COMPLETED','2023-09-21 09:10:00','2023-09-21 09:10:00','2023-09-21 09:10:00'),(790,'2022010406','第2学期',15,3,'PHQ9','PHQ-9 抑郁筛查',3,'无或极轻','当前抑郁症状较少','建议保持规律生活并持续关注情绪变化','COMPLETED','2023-03-21 09:10:00','2023-03-21 09:10:00','2023-03-21 09:10:00'),(791,'2022010406','第1学期',15,3,'PHQ9','PHQ-9 抑郁筛查',3,'无或极轻','当前抑郁症状较少','建议保持规律生活并持续关注情绪变化','COMPLETED','2022-09-21 09:10:00','2022-09-21 09:10:00','2022-09-21 09:10:00'),(792,'2022010405','第8学期',15,3,'PHQ9','PHQ-9 抑郁筛查',3,'无或极轻','当前抑郁症状较少','建议保持规律生活并持续关注情绪变化','COMPLETED','2026-03-20 09:10:00','2026-03-20 09:10:00','2026-03-20 09:10:00'),(793,'2022010405','第7学期',15,3,'PHQ9','PHQ-9 抑郁筛查',18,'中重度','抑郁风险较高','建议尽快进行专业心理评估','COMPLETED','2025-09-20 09:10:00','2025-09-20 09:10:00','2025-09-20 09:10:00'),(794,'2022010405','第6学期',15,3,'PHQ9','PHQ-9 抑郁筛查',3,'无或极轻','当前抑郁症状较少','建议保持规律生活并持续关注情绪变化','COMPLETED','2025-03-20 09:10:00','2025-03-20 09:10:00','2025-03-20 09:10:00'),(795,'2022010405','第5学期',15,3,'PHQ9','PHQ-9 抑郁筛查',3,'无或极轻','当前抑郁症状较少','建议保持规律生活并持续关注情绪变化','COMPLETED','2024-09-20 09:10:00','2024-09-20 09:10:00','2024-09-20 09:10:00'),(796,'2022010405','第4学期',15,3,'PHQ9','PHQ-9 抑郁筛查',18,'中重度','抑郁风险较高','建议尽快进行专业心理评估','COMPLETED','2024-03-20 09:10:00','2024-03-20 09:10:00','2024-03-20 09:10:00'),(797,'2022010405','第3学期',15,3,'PHQ9','PHQ-9 抑郁筛查',3,'无或极轻','当前抑郁症状较少','建议保持规律生活并持续关注情绪变化','COMPLETED','2023-09-20 09:10:00','2023-09-20 09:10:00','2023-09-20 09:10:00'),(798,'2022010405','第2学期',15,3,'PHQ9','PHQ-9 抑郁筛查',3,'无或极轻','当前抑郁症状较少','建议保持规律生活并持续关注情绪变化','COMPLETED','2023-03-20 09:10:00','2023-03-20 09:10:00','2023-03-20 09:10:00'),(799,'2022010405','第1学期',15,3,'PHQ9','PHQ-9 抑郁筛查',18,'中重度','抑郁风险较高','建议尽快进行专业心理评估','COMPLETED','2022-09-20 09:10:00','2022-09-20 09:10:00','2022-09-20 09:10:00'),(800,'2022010404','第8学期',15,3,'PHQ9','PHQ-9 抑郁筛查',18,'中重度','抑郁风险较高','建议尽快进行专业心理评估','COMPLETED','2026-03-19 09:10:00','2026-03-19 09:10:00','2026-03-19 09:10:00'),(801,'2022010404','第7学期',15,3,'PHQ9','PHQ-9 抑郁筛查',3,'无或极轻','当前抑郁症状较少','建议保持规律生活并持续关注情绪变化','COMPLETED','2025-09-19 09:10:00','2025-09-19 09:10:00','2025-09-19 09:10:00'),(802,'2022010404','第6学期',15,3,'PHQ9','PHQ-9 抑郁筛查',3,'无或极轻','当前抑郁症状较少','建议保持规律生活并持续关注情绪变化','COMPLETED','2025-03-19 09:10:00','2025-03-19 09:10:00','2025-03-19 09:10:00'),(803,'2022010404','第5学期',15,3,'PHQ9','PHQ-9 抑郁筛查',18,'中重度','抑郁风险较高','建议尽快进行专业心理评估','COMPLETED','2024-09-19 09:10:00','2024-09-19 09:10:00','2024-09-19 09:10:00'),(804,'2022010404','第4学期',15,3,'PHQ9','PHQ-9 抑郁筛查',3,'无或极轻','当前抑郁症状较少','建议保持规律生活并持续关注情绪变化','COMPLETED','2024-03-19 09:10:00','2024-03-19 09:10:00','2024-03-19 09:10:00'),(805,'2022010404','第3学期',15,3,'PHQ9','PHQ-9 抑郁筛查',3,'无或极轻','当前抑郁症状较少','建议保持规律生活并持续关注情绪变化','COMPLETED','2023-09-19 09:10:00','2023-09-19 09:10:00','2023-09-19 09:10:00'),(806,'2022010404','第2学期',15,3,'PHQ9','PHQ-9 抑郁筛查',18,'中重度','抑郁风险较高','建议尽快进行专业心理评估','COMPLETED','2023-03-19 09:10:00','2023-03-19 09:10:00','2023-03-19 09:10:00'),(807,'2022010404','第1学期',15,3,'PHQ9','PHQ-9 抑郁筛查',3,'无或极轻','当前抑郁症状较少','建议保持规律生活并持续关注情绪变化','COMPLETED','2022-09-19 09:10:00','2022-09-19 09:10:00','2022-09-19 09:10:00'),(808,'2022010403','第8学期',15,3,'PHQ9','PHQ-9 抑郁筛查',18,'中重度','抑郁风险较高','建议尽快进行专业心理评估','COMPLETED','2026-03-18 09:10:00','2026-03-18 09:10:00','2026-03-18 09:10:00'),(809,'2022010403','第7学期',15,3,'PHQ9','PHQ-9 抑郁筛查',3,'无或极轻','当前抑郁症状较少','建议保持规律生活并持续关注情绪变化','COMPLETED','2025-09-18 09:10:00','2025-09-18 09:10:00','2025-09-18 09:10:00'),(810,'2022010403','第6学期',15,3,'PHQ9','PHQ-9 抑郁筛查',18,'中重度','抑郁风险较高','建议尽快进行专业心理评估','COMPLETED','2025-03-18 09:10:00','2025-03-18 09:10:00','2025-03-18 09:10:00'),(811,'2022010403','第5学期',15,3,'PHQ9','PHQ-9 抑郁筛查',3,'无或极轻','当前抑郁症状较少','建议保持规律生活并持续关注情绪变化','COMPLETED','2024-09-18 09:10:00','2024-09-18 09:10:00','2024-09-18 09:10:00'),(812,'2022010403','第4学期',15,3,'PHQ9','PHQ-9 抑郁筛查',3,'无或极轻','当前抑郁症状较少','建议保持规律生活并持续关注情绪变化','COMPLETED','2024-03-18 09:10:00','2024-03-18 09:10:00','2024-03-18 09:10:00'),(813,'2022010403','第3学期',15,3,'PHQ9','PHQ-9 抑郁筛查',18,'中重度','抑郁风险较高','建议尽快进行专业心理评估','COMPLETED','2023-09-18 09:10:00','2023-09-18 09:10:00','2023-09-18 09:10:00'),(814,'2022010403','第2学期',15,3,'PHQ9','PHQ-9 抑郁筛查',3,'无或极轻','当前抑郁症状较少','建议保持规律生活并持续关注情绪变化','COMPLETED','2023-03-18 09:10:00','2023-03-18 09:10:00','2023-03-18 09:10:00'),(815,'2022010403','第1学期',15,3,'PHQ9','PHQ-9 抑郁筛查',3,'无或极轻','当前抑郁症状较少','建议保持规律生活并持续关注情绪变化','COMPLETED','2022-09-18 09:10:00','2022-09-18 09:10:00','2022-09-18 09:10:00'),(816,'2022010402','第8学期',15,3,'PHQ9','PHQ-9 抑郁筛查',3,'无或极轻','当前抑郁症状较少','建议保持规律生活并持续关注情绪变化','COMPLETED','2026-03-17 09:10:00','2026-03-17 09:10:00','2026-03-17 09:10:00'),(817,'2022010402','第7学期',15,3,'PHQ9','PHQ-9 抑郁筛查',18,'中重度','抑郁风险较高','建议尽快进行专业心理评估','COMPLETED','2025-09-17 09:10:00','2025-09-17 09:10:00','2025-09-17 09:10:00'),(818,'2022010402','第6学期',15,3,'PHQ9','PHQ-9 抑郁筛查',3,'无或极轻','当前抑郁症状较少','建议保持规律生活并持续关注情绪变化','COMPLETED','2025-03-17 09:10:00','2025-03-17 09:10:00','2025-03-17 09:10:00'),(819,'2022010402','第5学期',15,3,'PHQ9','PHQ-9 抑郁筛查',3,'无或极轻','当前抑郁症状较少','建议保持规律生活并持续关注情绪变化','COMPLETED','2024-09-17 09:10:00','2024-09-17 09:10:00','2024-09-17 09:10:00'),(820,'2022010402','第4学期',15,3,'PHQ9','PHQ-9 抑郁筛查',18,'中重度','抑郁风险较高','建议尽快进行专业心理评估','COMPLETED','2024-03-17 09:10:00','2024-03-17 09:10:00','2024-03-17 09:10:00'),(821,'2022010402','第3学期',15,3,'PHQ9','PHQ-9 抑郁筛查',3,'无或极轻','当前抑郁症状较少','建议保持规律生活并持续关注情绪变化','COMPLETED','2023-09-17 09:10:00','2023-09-17 09:10:00','2023-09-17 09:10:00'),(822,'2022010402','第2学期',15,3,'PHQ9','PHQ-9 抑郁筛查',3,'无或极轻','当前抑郁症状较少','建议保持规律生活并持续关注情绪变化','COMPLETED','2023-03-17 09:10:00','2023-03-17 09:10:00','2023-03-17 09:10:00'),(823,'2022010402','第1学期',15,3,'PHQ9','PHQ-9 抑郁筛查',18,'中重度','抑郁风险较高','建议尽快进行专业心理评估','COMPLETED','2022-09-17 09:10:00','2022-09-17 09:10:00','2022-09-17 09:10:00'),(824,'2022010401','第8学期',15,3,'PHQ9','PHQ-9 抑郁筛查',18,'中重度','抑郁风险较高','建议尽快进行专业心理评估','COMPLETED','2026-03-16 09:10:00','2026-03-16 09:10:00','2026-03-16 09:10:00'),(825,'2022010401','第7学期',15,3,'PHQ9','PHQ-9 抑郁筛查',3,'无或极轻','当前抑郁症状较少','建议保持规律生活并持续关注情绪变化','COMPLETED','2025-09-16 09:10:00','2025-09-16 09:10:00','2025-09-16 09:10:00'),(826,'2022010401','第6学期',15,3,'PHQ9','PHQ-9 抑郁筛查',3,'无或极轻','当前抑郁症状较少','建议保持规律生活并持续关注情绪变化','COMPLETED','2025-03-16 09:10:00','2025-03-16 09:10:00','2025-03-16 09:10:00'),(827,'2022010401','第5学期',15,3,'PHQ9','PHQ-9 抑郁筛查',18,'中重度','抑郁风险较高','建议尽快进行专业心理评估','COMPLETED','2024-09-16 09:10:00','2024-09-16 09:10:00','2024-09-16 09:10:00'),(828,'2022010401','第4学期',15,3,'PHQ9','PHQ-9 抑郁筛查',3,'无或极轻','当前抑郁症状较少','建议保持规律生活并持续关注情绪变化','COMPLETED','2024-03-16 09:10:00','2024-03-16 09:10:00','2024-03-16 09:10:00'),(829,'2022010401','第3学期',15,3,'PHQ9','PHQ-9 抑郁筛查',3,'无或极轻','当前抑郁症状较少','建议保持规律生活并持续关注情绪变化','COMPLETED','2023-09-16 09:10:00','2023-09-16 09:10:00','2023-09-16 09:10:00'),(830,'2022010401','第2学期',15,3,'PHQ9','PHQ-9 抑郁筛查',18,'中重度','抑郁风险较高','建议尽快进行专业心理评估','COMPLETED','2023-03-16 09:10:00','2023-03-16 09:10:00','2023-03-16 09:10:00'),(831,'2022010401','第1学期',15,3,'PHQ9','PHQ-9 抑郁筛查',3,'无或极轻','当前抑郁症状较少','建议保持规律生活并持续关注情绪变化','COMPLETED','2022-09-16 09:10:00','2022-09-16 09:10:00','2022-09-16 09:10:00'),(832,'2022010510','第8学期',15,3,'PHQ9','PHQ-9 抑郁筛查',3,'无或极轻','当前抑郁症状较少','建议保持规律生活并持续关注情绪变化','COMPLETED','2026-03-25 09:10:00','2026-03-25 09:10:00','2026-03-25 09:10:00'),(833,'2022010510','第7学期',15,3,'PHQ9','PHQ-9 抑郁筛查',18,'中重度','抑郁风险较高','建议尽快进行专业心理评估','COMPLETED','2025-09-25 09:10:00','2025-09-25 09:10:00','2025-09-25 09:10:00'),(834,'2022010510','第6学期',15,3,'PHQ9','PHQ-9 抑郁筛查',3,'无或极轻','当前抑郁症状较少','建议保持规律生活并持续关注情绪变化','COMPLETED','2025-03-25 09:10:00','2025-03-25 09:10:00','2025-03-25 09:10:00'),(835,'2022010510','第5学期',15,3,'PHQ9','PHQ-9 抑郁筛查',3,'无或极轻','当前抑郁症状较少','建议保持规律生活并持续关注情绪变化','COMPLETED','2024-09-25 09:10:00','2024-09-25 09:10:00','2024-09-25 09:10:00'),(836,'2022010510','第4学期',15,3,'PHQ9','PHQ-9 抑郁筛查',18,'中重度','抑郁风险较高','建议尽快进行专业心理评估','COMPLETED','2024-03-25 09:10:00','2024-03-25 09:10:00','2024-03-25 09:10:00'),(837,'2022010510','第3学期',15,3,'PHQ9','PHQ-9 抑郁筛查',3,'无或极轻','当前抑郁症状较少','建议保持规律生活并持续关注情绪变化','COMPLETED','2023-09-25 09:10:00','2023-09-25 09:10:00','2023-09-25 09:10:00'),(838,'2022010510','第2学期',15,3,'PHQ9','PHQ-9 抑郁筛查',3,'无或极轻','当前抑郁症状较少','建议保持规律生活并持续关注情绪变化','COMPLETED','2023-03-25 09:10:00','2023-03-25 09:10:00','2023-03-25 09:10:00'),(839,'2022010510','第1学期',15,3,'PHQ9','PHQ-9 抑郁筛查',18,'中重度','抑郁风险较高','建议尽快进行专业心理评估','COMPLETED','2022-09-25 09:10:00','2022-09-25 09:10:00','2022-09-25 09:10:00'),(840,'2022010509','第8学期',15,3,'PHQ9','PHQ-9 抑郁筛查',18,'中重度','抑郁风险较高','建议尽快进行专业心理评估','COMPLETED','2026-03-24 09:10:00','2026-03-24 09:10:00','2026-03-24 09:10:00'),(841,'2022010509','第7学期',15,3,'PHQ9','PHQ-9 抑郁筛查',3,'无或极轻','当前抑郁症状较少','建议保持规律生活并持续关注情绪变化','COMPLETED','2025-09-24 09:10:00','2025-09-24 09:10:00','2025-09-24 09:10:00'),(842,'2022010509','第6学期',15,3,'PHQ9','PHQ-9 抑郁筛查',3,'无或极轻','当前抑郁症状较少','建议保持规律生活并持续关注情绪变化','COMPLETED','2025-03-24 09:10:00','2025-03-24 09:10:00','2025-03-24 09:10:00'),(843,'2022010509','第5学期',15,3,'PHQ9','PHQ-9 抑郁筛查',18,'中重度','抑郁风险较高','建议尽快进行专业心理评估','COMPLETED','2024-09-24 09:10:00','2024-09-24 09:10:00','2024-09-24 09:10:00'),(844,'2022010509','第4学期',15,3,'PHQ9','PHQ-9 抑郁筛查',3,'无或极轻','当前抑郁症状较少','建议保持规律生活并持续关注情绪变化','COMPLETED','2024-03-24 09:10:00','2024-03-24 09:10:00','2024-03-24 09:10:00'),(845,'2022010509','第3学期',15,3,'PHQ9','PHQ-9 抑郁筛查',3,'无或极轻','当前抑郁症状较少','建议保持规律生活并持续关注情绪变化','COMPLETED','2023-09-24 09:10:00','2023-09-24 09:10:00','2023-09-24 09:10:00'),(846,'2022010509','第2学期',15,3,'PHQ9','PHQ-9 抑郁筛查',18,'中重度','抑郁风险较高','建议尽快进行专业心理评估','COMPLETED','2023-03-24 09:10:00','2023-03-24 09:10:00','2023-03-24 09:10:00'),(847,'2022010509','第1学期',15,3,'PHQ9','PHQ-9 抑郁筛查',3,'无或极轻','当前抑郁症状较少','建议保持规律生活并持续关注情绪变化','COMPLETED','2022-09-24 09:10:00','2022-09-24 09:10:00','2022-09-24 09:10:00'),(848,'2022010508','第8学期',15,3,'PHQ9','PHQ-9 抑郁筛查',18,'中重度','抑郁风险较高','建议尽快进行专业心理评估','COMPLETED','2026-03-23 09:10:00','2026-03-23 09:10:00','2026-03-23 09:10:00'),(849,'2022010508','第7学期',15,3,'PHQ9','PHQ-9 抑郁筛查',3,'无或极轻','当前抑郁症状较少','建议保持规律生活并持续关注情绪变化','COMPLETED','2025-09-23 09:10:00','2025-09-23 09:10:00','2025-09-23 09:10:00'),(850,'2022010508','第6学期',15,3,'PHQ9','PHQ-9 抑郁筛查',18,'中重度','抑郁风险较高','建议尽快进行专业心理评估','COMPLETED','2025-03-23 09:10:00','2025-03-23 09:10:00','2025-03-23 09:10:00'),(851,'2022010508','第5学期',15,3,'PHQ9','PHQ-9 抑郁筛查',3,'无或极轻','当前抑郁症状较少','建议保持规律生活并持续关注情绪变化','COMPLETED','2024-09-23 09:10:00','2024-09-23 09:10:00','2024-09-23 09:10:00'),(852,'2022010508','第4学期',15,3,'PHQ9','PHQ-9 抑郁筛查',3,'无或极轻','当前抑郁症状较少','建议保持规律生活并持续关注情绪变化','COMPLETED','2024-03-23 09:10:00','2024-03-23 09:10:00','2024-03-23 09:10:00'),(853,'2022010508','第3学期',15,3,'PHQ9','PHQ-9 抑郁筛查',18,'中重度','抑郁风险较高','建议尽快进行专业心理评估','COMPLETED','2023-09-23 09:10:00','2023-09-23 09:10:00','2023-09-23 09:10:00'),(854,'2022010508','第2学期',15,3,'PHQ9','PHQ-9 抑郁筛查',3,'无或极轻','当前抑郁症状较少','建议保持规律生活并持续关注情绪变化','COMPLETED','2023-03-23 09:10:00','2023-03-23 09:10:00','2023-03-23 09:10:00'),(855,'2022010508','第1学期',15,3,'PHQ9','PHQ-9 抑郁筛查',3,'无或极轻','当前抑郁症状较少','建议保持规律生活并持续关注情绪变化','COMPLETED','2022-09-23 09:10:00','2022-09-23 09:10:00','2022-09-23 09:10:00'),(856,'2022010507','第8学期',15,3,'PHQ9','PHQ-9 抑郁筛查',3,'无或极轻','当前抑郁症状较少','建议保持规律生活并持续关注情绪变化','COMPLETED','2026-03-22 09:10:00','2026-03-22 09:10:00','2026-03-22 09:10:00'),(857,'2022010507','第7学期',15,3,'PHQ9','PHQ-9 抑郁筛查',18,'中重度','抑郁风险较高','建议尽快进行专业心理评估','COMPLETED','2025-09-22 09:10:00','2025-09-22 09:10:00','2025-09-22 09:10:00'),(858,'2022010507','第6学期',15,3,'PHQ9','PHQ-9 抑郁筛查',3,'无或极轻','当前抑郁症状较少','建议保持规律生活并持续关注情绪变化','COMPLETED','2025-03-22 09:10:00','2025-03-22 09:10:00','2025-03-22 09:10:00'),(859,'2022010507','第5学期',15,3,'PHQ9','PHQ-9 抑郁筛查',3,'无或极轻','当前抑郁症状较少','建议保持规律生活并持续关注情绪变化','COMPLETED','2024-09-22 09:10:00','2024-09-22 09:10:00','2024-09-22 09:10:00'),(860,'2022010507','第4学期',15,3,'PHQ9','PHQ-9 抑郁筛查',18,'中重度','抑郁风险较高','建议尽快进行专业心理评估','COMPLETED','2024-03-22 09:10:00','2024-03-22 09:10:00','2024-03-22 09:10:00'),(861,'2022010507','第3学期',15,3,'PHQ9','PHQ-9 抑郁筛查',3,'无或极轻','当前抑郁症状较少','建议保持规律生活并持续关注情绪变化','COMPLETED','2023-09-22 09:10:00','2023-09-22 09:10:00','2023-09-22 09:10:00'),(862,'2022010507','第2学期',15,3,'PHQ9','PHQ-9 抑郁筛查',3,'无或极轻','当前抑郁症状较少','建议保持规律生活并持续关注情绪变化','COMPLETED','2023-03-22 09:10:00','2023-03-22 09:10:00','2023-03-22 09:10:00'),(863,'2022010507','第1学期',15,3,'PHQ9','PHQ-9 抑郁筛查',18,'中重度','抑郁风险较高','建议尽快进行专业心理评估','COMPLETED','2022-09-22 09:10:00','2022-09-22 09:10:00','2022-09-22 09:10:00'),(864,'2022010506','第8学期',15,3,'PHQ9','PHQ-9 抑郁筛查',18,'中重度','抑郁风险较高','建议尽快进行专业心理评估','COMPLETED','2026-03-21 09:10:00','2026-03-21 09:10:00','2026-03-21 09:10:00'),(865,'2022010506','第7学期',15,3,'PHQ9','PHQ-9 抑郁筛查',3,'无或极轻','当前抑郁症状较少','建议保持规律生活并持续关注情绪变化','COMPLETED','2025-09-21 09:10:00','2025-09-21 09:10:00','2025-09-21 09:10:00'),(866,'2022010506','第6学期',15,3,'PHQ9','PHQ-9 抑郁筛查',3,'无或极轻','当前抑郁症状较少','建议保持规律生活并持续关注情绪变化','COMPLETED','2025-03-21 09:10:00','2025-03-21 09:10:00','2025-03-21 09:10:00'),(867,'2022010506','第5学期',15,3,'PHQ9','PHQ-9 抑郁筛查',18,'中重度','抑郁风险较高','建议尽快进行专业心理评估','COMPLETED','2024-09-21 09:10:00','2024-09-21 09:10:00','2024-09-21 09:10:00'),(868,'2022010506','第4学期',15,3,'PHQ9','PHQ-9 抑郁筛查',3,'无或极轻','当前抑郁症状较少','建议保持规律生活并持续关注情绪变化','COMPLETED','2024-03-21 09:10:00','2024-03-21 09:10:00','2024-03-21 09:10:00'),(869,'2022010506','第3学期',15,3,'PHQ9','PHQ-9 抑郁筛查',3,'无或极轻','当前抑郁症状较少','建议保持规律生活并持续关注情绪变化','COMPLETED','2023-09-21 09:10:00','2023-09-21 09:10:00','2023-09-21 09:10:00'),(870,'2022010506','第2学期',15,3,'PHQ9','PHQ-9 抑郁筛查',18,'中重度','抑郁风险较高','建议尽快进行专业心理评估','COMPLETED','2023-03-21 09:10:00','2023-03-21 09:10:00','2023-03-21 09:10:00'),(871,'2022010506','第1学期',15,3,'PHQ9','PHQ-9 抑郁筛查',3,'无或极轻','当前抑郁症状较少','建议保持规律生活并持续关注情绪变化','COMPLETED','2022-09-21 09:10:00','2022-09-21 09:10:00','2022-09-21 09:10:00'),(872,'2022010505','第8学期',15,3,'PHQ9','PHQ-9 抑郁筛查',18,'中重度','抑郁风险较高','建议尽快进行专业心理评估','COMPLETED','2026-03-20 09:10:00','2026-03-20 09:10:00','2026-03-20 09:10:00'),(873,'2022010505','第7学期',15,3,'PHQ9','PHQ-9 抑郁筛查',3,'无或极轻','当前抑郁症状较少','建议保持规律生活并持续关注情绪变化','COMPLETED','2025-09-20 09:10:00','2025-09-20 09:10:00','2025-09-20 09:10:00'),(874,'2022010505','第6学期',15,3,'PHQ9','PHQ-9 抑郁筛查',18,'中重度','抑郁风险较高','建议尽快进行专业心理评估','COMPLETED','2025-03-20 09:10:00','2025-03-20 09:10:00','2025-03-20 09:10:00'),(875,'2022010505','第5学期',15,3,'PHQ9','PHQ-9 抑郁筛查',3,'无或极轻','当前抑郁症状较少','建议保持规律生活并持续关注情绪变化','COMPLETED','2024-09-20 09:10:00','2024-09-20 09:10:00','2024-09-20 09:10:00'),(876,'2022010505','第4学期',15,3,'PHQ9','PHQ-9 抑郁筛查',3,'无或极轻','当前抑郁症状较少','建议保持规律生活并持续关注情绪变化','COMPLETED','2024-03-20 09:10:00','2024-03-20 09:10:00','2024-03-20 09:10:00'),(877,'2022010505','第3学期',15,3,'PHQ9','PHQ-9 抑郁筛查',18,'中重度','抑郁风险较高','建议尽快进行专业心理评估','COMPLETED','2023-09-20 09:10:00','2023-09-20 09:10:00','2023-09-20 09:10:00'),(878,'2022010505','第2学期',15,3,'PHQ9','PHQ-9 抑郁筛查',3,'无或极轻','当前抑郁症状较少','建议保持规律生活并持续关注情绪变化','COMPLETED','2023-03-20 09:10:00','2023-03-20 09:10:00','2023-03-20 09:10:00'),(879,'2022010505','第1学期',15,3,'PHQ9','PHQ-9 抑郁筛查',3,'无或极轻','当前抑郁症状较少','建议保持规律生活并持续关注情绪变化','COMPLETED','2022-09-20 09:10:00','2022-09-20 09:10:00','2022-09-20 09:10:00'),(880,'2022010504','第8学期',15,3,'PHQ9','PHQ-9 抑郁筛查',3,'无或极轻','当前抑郁症状较少','建议保持规律生活并持续关注情绪变化','COMPLETED','2026-03-19 09:10:00','2026-03-19 09:10:00','2026-03-19 09:10:00'),(881,'2022010504','第7学期',15,3,'PHQ9','PHQ-9 抑郁筛查',18,'中重度','抑郁风险较高','建议尽快进行专业心理评估','COMPLETED','2025-09-19 09:10:00','2025-09-19 09:10:00','2025-09-19 09:10:00'),(882,'2022010504','第6学期',15,3,'PHQ9','PHQ-9 抑郁筛查',3,'无或极轻','当前抑郁症状较少','建议保持规律生活并持续关注情绪变化','COMPLETED','2025-03-19 09:10:00','2025-03-19 09:10:00','2025-03-19 09:10:00'),(883,'2022010504','第5学期',15,3,'PHQ9','PHQ-9 抑郁筛查',3,'无或极轻','当前抑郁症状较少','建议保持规律生活并持续关注情绪变化','COMPLETED','2024-09-19 09:10:00','2024-09-19 09:10:00','2024-09-19 09:10:00'),(884,'2022010504','第4学期',15,3,'PHQ9','PHQ-9 抑郁筛查',18,'中重度','抑郁风险较高','建议尽快进行专业心理评估','COMPLETED','2024-03-19 09:10:00','2024-03-19 09:10:00','2024-03-19 09:10:00'),(885,'2022010504','第3学期',15,3,'PHQ9','PHQ-9 抑郁筛查',3,'无或极轻','当前抑郁症状较少','建议保持规律生活并持续关注情绪变化','COMPLETED','2023-09-19 09:10:00','2023-09-19 09:10:00','2023-09-19 09:10:00'),(886,'2022010504','第2学期',15,3,'PHQ9','PHQ-9 抑郁筛查',3,'无或极轻','当前抑郁症状较少','建议保持规律生活并持续关注情绪变化','COMPLETED','2023-03-19 09:10:00','2023-03-19 09:10:00','2023-03-19 09:10:00'),(887,'2022010504','第1学期',15,3,'PHQ9','PHQ-9 抑郁筛查',18,'中重度','抑郁风险较高','建议尽快进行专业心理评估','COMPLETED','2022-09-19 09:10:00','2022-09-19 09:10:00','2022-09-19 09:10:00'),(888,'2022010503','第8学期',15,3,'PHQ9','PHQ-9 抑郁筛查',18,'中重度','抑郁风险较高','建议尽快进行专业心理评估','COMPLETED','2026-03-18 09:10:00','2026-03-18 09:10:00','2026-03-18 09:10:00'),(889,'2022010503','第7学期',15,3,'PHQ9','PHQ-9 抑郁筛查',3,'无或极轻','当前抑郁症状较少','建议保持规律生活并持续关注情绪变化','COMPLETED','2025-09-18 09:10:00','2025-09-18 09:10:00','2025-09-18 09:10:00'),(890,'2022010503','第6学期',15,3,'PHQ9','PHQ-9 抑郁筛查',3,'无或极轻','当前抑郁症状较少','建议保持规律生活并持续关注情绪变化','COMPLETED','2025-03-18 09:10:00','2025-03-18 09:10:00','2025-03-18 09:10:00'),(891,'2022010503','第5学期',15,3,'PHQ9','PHQ-9 抑郁筛查',18,'中重度','抑郁风险较高','建议尽快进行专业心理评估','COMPLETED','2024-09-18 09:10:00','2024-09-18 09:10:00','2024-09-18 09:10:00'),(892,'2022010503','第4学期',15,3,'PHQ9','PHQ-9 抑郁筛查',3,'无或极轻','当前抑郁症状较少','建议保持规律生活并持续关注情绪变化','COMPLETED','2024-03-18 09:10:00','2024-03-18 09:10:00','2024-03-18 09:10:00'),(893,'2022010503','第3学期',15,3,'PHQ9','PHQ-9 抑郁筛查',3,'无或极轻','当前抑郁症状较少','建议保持规律生活并持续关注情绪变化','COMPLETED','2023-09-18 09:10:00','2023-09-18 09:10:00','2023-09-18 09:10:00'),(894,'2022010503','第2学期',15,3,'PHQ9','PHQ-9 抑郁筛查',18,'中重度','抑郁风险较高','建议尽快进行专业心理评估','COMPLETED','2023-03-18 09:10:00','2023-03-18 09:10:00','2023-03-18 09:10:00'),(895,'2022010503','第1学期',15,3,'PHQ9','PHQ-9 抑郁筛查',3,'无或极轻','当前抑郁症状较少','建议保持规律生活并持续关注情绪变化','COMPLETED','2022-09-18 09:10:00','2022-09-18 09:10:00','2022-09-18 09:10:00'),(896,'2022010502','第8学期',15,3,'PHQ9','PHQ-9 抑郁筛查',18,'中重度','抑郁风险较高','建议尽快进行专业心理评估','COMPLETED','2026-03-17 09:10:00','2026-03-17 09:10:00','2026-03-17 09:10:00'),(897,'2022010502','第7学期',15,3,'PHQ9','PHQ-9 抑郁筛查',3,'无或极轻','当前抑郁症状较少','建议保持规律生活并持续关注情绪变化','COMPLETED','2025-09-17 09:10:00','2025-09-17 09:10:00','2025-09-17 09:10:00'),(898,'2022010502','第6学期',15,3,'PHQ9','PHQ-9 抑郁筛查',18,'中重度','抑郁风险较高','建议尽快进行专业心理评估','COMPLETED','2025-03-17 09:10:00','2025-03-17 09:10:00','2025-03-17 09:10:00'),(899,'2022010502','第5学期',15,3,'PHQ9','PHQ-9 抑郁筛查',3,'无或极轻','当前抑郁症状较少','建议保持规律生活并持续关注情绪变化','COMPLETED','2024-09-17 09:10:00','2024-09-17 09:10:00','2024-09-17 09:10:00'),(900,'2022010502','第4学期',15,3,'PHQ9','PHQ-9 抑郁筛查',3,'无或极轻','当前抑郁症状较少','建议保持规律生活并持续关注情绪变化','COMPLETED','2024-03-17 09:10:00','2024-03-17 09:10:00','2024-03-17 09:10:00'),(901,'2022010502','第3学期',15,3,'PHQ9','PHQ-9 抑郁筛查',18,'中重度','抑郁风险较高','建议尽快进行专业心理评估','COMPLETED','2023-09-17 09:10:00','2023-09-17 09:10:00','2023-09-17 09:10:00'),(902,'2022010502','第2学期',15,3,'PHQ9','PHQ-9 抑郁筛查',3,'无或极轻','当前抑郁症状较少','建议保持规律生活并持续关注情绪变化','COMPLETED','2023-03-17 09:10:00','2023-03-17 09:10:00','2023-03-17 09:10:00'),(903,'2022010502','第1学期',15,3,'PHQ9','PHQ-9 抑郁筛查',3,'无或极轻','当前抑郁症状较少','建议保持规律生活并持续关注情绪变化','COMPLETED','2022-09-17 09:10:00','2022-09-17 09:10:00','2022-09-17 09:10:00'),(904,'2022010501','第8学期',15,3,'PHQ9','PHQ-9 抑郁筛查',3,'无或极轻','当前抑郁症状较少','建议保持规律生活并持续关注情绪变化','COMPLETED','2026-03-16 09:10:00','2026-03-16 09:10:00','2026-03-16 09:10:00'),(905,'2022010501','第7学期',15,3,'PHQ9','PHQ-9 抑郁筛查',18,'中重度','抑郁风险较高','建议尽快进行专业心理评估','COMPLETED','2025-09-16 09:10:00','2025-09-16 09:10:00','2025-09-16 09:10:00'),(906,'2022010501','第6学期',15,3,'PHQ9','PHQ-9 抑郁筛查',3,'无或极轻','当前抑郁症状较少','建议保持规律生活并持续关注情绪变化','COMPLETED','2025-03-16 09:10:00','2025-03-16 09:10:00','2025-03-16 09:10:00'),(907,'2022010501','第5学期',15,3,'PHQ9','PHQ-9 抑郁筛查',3,'无或极轻','当前抑郁症状较少','建议保持规律生活并持续关注情绪变化','COMPLETED','2024-09-16 09:10:00','2024-09-16 09:10:00','2024-09-16 09:10:00'),(908,'2022010501','第4学期',15,3,'PHQ9','PHQ-9 抑郁筛查',18,'中重度','抑郁风险较高','建议尽快进行专业心理评估','COMPLETED','2024-03-16 09:10:00','2024-03-16 09:10:00','2024-03-16 09:10:00'),(909,'2022010501','第3学期',15,3,'PHQ9','PHQ-9 抑郁筛查',3,'无或极轻','当前抑郁症状较少','建议保持规律生活并持续关注情绪变化','COMPLETED','2023-09-16 09:10:00','2023-09-16 09:10:00','2023-09-16 09:10:00'),(910,'2022010501','第2学期',15,3,'PHQ9','PHQ-9 抑郁筛查',3,'无或极轻','当前抑郁症状较少','建议保持规律生活并持续关注情绪变化','COMPLETED','2023-03-16 09:10:00','2023-03-16 09:10:00','2023-03-16 09:10:00'),(911,'2022010501','第1学期',15,3,'PHQ9','PHQ-9 抑郁筛查',18,'中重度','抑郁风险较高','建议尽快进行专业心理评估','COMPLETED','2022-09-16 09:10:00','2022-09-16 09:10:00','2022-09-16 09:10:00'),(912,'2022010610','第8学期',15,3,'PHQ9','PHQ-9 抑郁筛查',18,'中重度','抑郁风险较高','建议尽快进行专业心理评估','COMPLETED','2026-03-25 09:10:00','2026-03-25 09:10:00','2026-03-25 09:10:00'),(913,'2022010610','第7学期',15,3,'PHQ9','PHQ-9 抑郁筛查',3,'无或极轻','当前抑郁症状较少','建议保持规律生活并持续关注情绪变化','COMPLETED','2025-09-25 09:10:00','2025-09-25 09:10:00','2025-09-25 09:10:00'),(914,'2022010610','第6学期',15,3,'PHQ9','PHQ-9 抑郁筛查',18,'中重度','抑郁风险较高','建议尽快进行专业心理评估','COMPLETED','2025-03-25 09:10:00','2025-03-25 09:10:00','2025-03-25 09:10:00'),(915,'2022010610','第5学期',15,3,'PHQ9','PHQ-9 抑郁筛查',3,'无或极轻','当前抑郁症状较少','建议保持规律生活并持续关注情绪变化','COMPLETED','2024-09-25 09:10:00','2024-09-25 09:10:00','2024-09-25 09:10:00'),(916,'2022010610','第4学期',15,3,'PHQ9','PHQ-9 抑郁筛查',3,'无或极轻','当前抑郁症状较少','建议保持规律生活并持续关注情绪变化','COMPLETED','2024-03-25 09:10:00','2024-03-25 09:10:00','2024-03-25 09:10:00'),(917,'2022010610','第3学期',15,3,'PHQ9','PHQ-9 抑郁筛查',18,'中重度','抑郁风险较高','建议尽快进行专业心理评估','COMPLETED','2023-09-25 09:10:00','2023-09-25 09:10:00','2023-09-25 09:10:00'),(918,'2022010610','第2学期',15,3,'PHQ9','PHQ-9 抑郁筛查',3,'无或极轻','当前抑郁症状较少','建议保持规律生活并持续关注情绪变化','COMPLETED','2023-03-25 09:10:00','2023-03-25 09:10:00','2023-03-25 09:10:00'),(919,'2022010610','第1学期',15,3,'PHQ9','PHQ-9 抑郁筛查',3,'无或极轻','当前抑郁症状较少','建议保持规律生活并持续关注情绪变化','COMPLETED','2022-09-25 09:10:00','2022-09-25 09:10:00','2022-09-25 09:10:00'),(920,'2022010609','第8学期',15,3,'PHQ9','PHQ-9 抑郁筛查',3,'无或极轻','当前抑郁症状较少','建议保持规律生活并持续关注情绪变化','COMPLETED','2026-03-24 09:10:00','2026-03-24 09:10:00','2026-03-24 09:10:00'),(921,'2022010609','第7学期',15,3,'PHQ9','PHQ-9 抑郁筛查',18,'中重度','抑郁风险较高','建议尽快进行专业心理评估','COMPLETED','2025-09-24 09:10:00','2025-09-24 09:10:00','2025-09-24 09:10:00'),(922,'2022010609','第6学期',15,3,'PHQ9','PHQ-9 抑郁筛查',3,'无或极轻','当前抑郁症状较少','建议保持规律生活并持续关注情绪变化','COMPLETED','2025-03-24 09:10:00','2025-03-24 09:10:00','2025-03-24 09:10:00'),(923,'2022010609','第5学期',15,3,'PHQ9','PHQ-9 抑郁筛查',3,'无或极轻','当前抑郁症状较少','建议保持规律生活并持续关注情绪变化','COMPLETED','2024-09-24 09:10:00','2024-09-24 09:10:00','2024-09-24 09:10:00'),(924,'2022010609','第4学期',15,3,'PHQ9','PHQ-9 抑郁筛查',18,'中重度','抑郁风险较高','建议尽快进行专业心理评估','COMPLETED','2024-03-24 09:10:00','2024-03-24 09:10:00','2024-03-24 09:10:00'),(925,'2022010609','第3学期',15,3,'PHQ9','PHQ-9 抑郁筛查',3,'无或极轻','当前抑郁症状较少','建议保持规律生活并持续关注情绪变化','COMPLETED','2023-09-24 09:10:00','2023-09-24 09:10:00','2023-09-24 09:10:00'),(926,'2022010609','第2学期',15,3,'PHQ9','PHQ-9 抑郁筛查',3,'无或极轻','当前抑郁症状较少','建议保持规律生活并持续关注情绪变化','COMPLETED','2023-03-24 09:10:00','2023-03-24 09:10:00','2023-03-24 09:10:00'),(927,'2022010609','第1学期',15,3,'PHQ9','PHQ-9 抑郁筛查',18,'中重度','抑郁风险较高','建议尽快进行专业心理评估','COMPLETED','2022-09-24 09:10:00','2022-09-24 09:10:00','2022-09-24 09:10:00'),(928,'2022010608','第8学期',15,3,'PHQ9','PHQ-9 抑郁筛查',18,'中重度','抑郁风险较高','建议尽快进行专业心理评估','COMPLETED','2026-03-23 09:10:00','2026-03-23 09:10:00','2026-03-23 09:10:00'),(929,'2022010608','第7学期',15,3,'PHQ9','PHQ-9 抑郁筛查',3,'无或极轻','当前抑郁症状较少','建议保持规律生活并持续关注情绪变化','COMPLETED','2025-09-23 09:10:00','2025-09-23 09:10:00','2025-09-23 09:10:00'),(930,'2022010608','第6学期',15,3,'PHQ9','PHQ-9 抑郁筛查',3,'无或极轻','当前抑郁症状较少','建议保持规律生活并持续关注情绪变化','COMPLETED','2025-03-23 09:10:00','2025-03-23 09:10:00','2025-03-23 09:10:00'),(931,'2022010608','第5学期',15,3,'PHQ9','PHQ-9 抑郁筛查',18,'中重度','抑郁风险较高','建议尽快进行专业心理评估','COMPLETED','2024-09-23 09:10:00','2024-09-23 09:10:00','2024-09-23 09:10:00'),(932,'2022010608','第4学期',15,3,'PHQ9','PHQ-9 抑郁筛查',3,'无或极轻','当前抑郁症状较少','建议保持规律生活并持续关注情绪变化','COMPLETED','2024-03-23 09:10:00','2024-03-23 09:10:00','2024-03-23 09:10:00'),(933,'2022010608','第3学期',15,3,'PHQ9','PHQ-9 抑郁筛查',3,'无或极轻','当前抑郁症状较少','建议保持规律生活并持续关注情绪变化','COMPLETED','2023-09-23 09:10:00','2023-09-23 09:10:00','2023-09-23 09:10:00'),(934,'2022010608','第2学期',15,3,'PHQ9','PHQ-9 抑郁筛查',18,'中重度','抑郁风险较高','建议尽快进行专业心理评估','COMPLETED','2023-03-23 09:10:00','2023-03-23 09:10:00','2023-03-23 09:10:00'),(935,'2022010608','第1学期',15,3,'PHQ9','PHQ-9 抑郁筛查',3,'无或极轻','当前抑郁症状较少','建议保持规律生活并持续关注情绪变化','COMPLETED','2022-09-23 09:10:00','2022-09-23 09:10:00','2022-09-23 09:10:00'),(936,'2022010607','第8学期',15,3,'PHQ9','PHQ-9 抑郁筛查',18,'中重度','抑郁风险较高','建议尽快进行专业心理评估','COMPLETED','2026-03-22 09:10:00','2026-03-22 09:10:00','2026-03-22 09:10:00'),(937,'2022010607','第7学期',15,3,'PHQ9','PHQ-9 抑郁筛查',3,'无或极轻','当前抑郁症状较少','建议保持规律生活并持续关注情绪变化','COMPLETED','2025-09-22 09:10:00','2025-09-22 09:10:00','2025-09-22 09:10:00'),(938,'2022010607','第6学期',15,3,'PHQ9','PHQ-9 抑郁筛查',18,'中重度','抑郁风险较高','建议尽快进行专业心理评估','COMPLETED','2025-03-22 09:10:00','2025-03-22 09:10:00','2025-03-22 09:10:00'),(939,'2022010607','第5学期',15,3,'PHQ9','PHQ-9 抑郁筛查',3,'无或极轻','当前抑郁症状较少','建议保持规律生活并持续关注情绪变化','COMPLETED','2024-09-22 09:10:00','2024-09-22 09:10:00','2024-09-22 09:10:00'),(940,'2022010607','第4学期',15,3,'PHQ9','PHQ-9 抑郁筛查',3,'无或极轻','当前抑郁症状较少','建议保持规律生活并持续关注情绪变化','COMPLETED','2024-03-22 09:10:00','2024-03-22 09:10:00','2024-03-22 09:10:00'),(941,'2022010607','第3学期',15,3,'PHQ9','PHQ-9 抑郁筛查',18,'中重度','抑郁风险较高','建议尽快进行专业心理评估','COMPLETED','2023-09-22 09:10:00','2023-09-22 09:10:00','2023-09-22 09:10:00'),(942,'2022010607','第2学期',15,3,'PHQ9','PHQ-9 抑郁筛查',3,'无或极轻','当前抑郁症状较少','建议保持规律生活并持续关注情绪变化','COMPLETED','2023-03-22 09:10:00','2023-03-22 09:10:00','2023-03-22 09:10:00'),(943,'2022010607','第1学期',15,3,'PHQ9','PHQ-9 抑郁筛查',3,'无或极轻','当前抑郁症状较少','建议保持规律生活并持续关注情绪变化','COMPLETED','2022-09-22 09:10:00','2022-09-22 09:10:00','2022-09-22 09:10:00'),(944,'2022010606','第8学期',15,3,'PHQ9','PHQ-9 抑郁筛查',3,'无或极轻','当前抑郁症状较少','建议保持规律生活并持续关注情绪变化','COMPLETED','2026-03-21 09:10:00','2026-03-21 09:10:00','2026-03-21 09:10:00'),(945,'2022010606','第7学期',15,3,'PHQ9','PHQ-9 抑郁筛查',18,'中重度','抑郁风险较高','建议尽快进行专业心理评估','COMPLETED','2025-09-21 09:10:00','2025-09-21 09:10:00','2025-09-21 09:10:00'),(946,'2022010606','第6学期',15,3,'PHQ9','PHQ-9 抑郁筛查',3,'无或极轻','当前抑郁症状较少','建议保持规律生活并持续关注情绪变化','COMPLETED','2025-03-21 09:10:00','2025-03-21 09:10:00','2025-03-21 09:10:00'),(947,'2022010606','第5学期',15,3,'PHQ9','PHQ-9 抑郁筛查',3,'无或极轻','当前抑郁症状较少','建议保持规律生活并持续关注情绪变化','COMPLETED','2024-09-21 09:10:00','2024-09-21 09:10:00','2024-09-21 09:10:00'),(948,'2022010606','第4学期',15,3,'PHQ9','PHQ-9 抑郁筛查',18,'中重度','抑郁风险较高','建议尽快进行专业心理评估','COMPLETED','2024-03-21 09:10:00','2024-03-21 09:10:00','2024-03-21 09:10:00'),(949,'2022010606','第3学期',15,3,'PHQ9','PHQ-9 抑郁筛查',3,'无或极轻','当前抑郁症状较少','建议保持规律生活并持续关注情绪变化','COMPLETED','2023-09-21 09:10:00','2023-09-21 09:10:00','2023-09-21 09:10:00'),(950,'2022010606','第2学期',15,3,'PHQ9','PHQ-9 抑郁筛查',3,'无或极轻','当前抑郁症状较少','建议保持规律生活并持续关注情绪变化','COMPLETED','2023-03-21 09:10:00','2023-03-21 09:10:00','2023-03-21 09:10:00'),(951,'2022010606','第1学期',15,3,'PHQ9','PHQ-9 抑郁筛查',18,'中重度','抑郁风险较高','建议尽快进行专业心理评估','COMPLETED','2022-09-21 09:10:00','2022-09-21 09:10:00','2022-09-21 09:10:00'),(952,'2022010605','第8学期',15,3,'PHQ9','PHQ-9 抑郁筛查',18,'中重度','抑郁风险较高','建议尽快进行专业心理评估','COMPLETED','2026-03-20 09:10:00','2026-03-20 09:10:00','2026-03-20 09:10:00'),(953,'2022010605','第7学期',15,3,'PHQ9','PHQ-9 抑郁筛查',3,'无或极轻','当前抑郁症状较少','建议保持规律生活并持续关注情绪变化','COMPLETED','2025-09-20 09:10:00','2025-09-20 09:10:00','2025-09-20 09:10:00'),(954,'2022010605','第6学期',15,3,'PHQ9','PHQ-9 抑郁筛查',3,'无或极轻','当前抑郁症状较少','建议保持规律生活并持续关注情绪变化','COMPLETED','2025-03-20 09:10:00','2025-03-20 09:10:00','2025-03-20 09:10:00'),(955,'2022010605','第5学期',15,3,'PHQ9','PHQ-9 抑郁筛查',18,'中重度','抑郁风险较高','建议尽快进行专业心理评估','COMPLETED','2024-09-20 09:10:00','2024-09-20 09:10:00','2024-09-20 09:10:00'),(956,'2022010605','第4学期',15,3,'PHQ9','PHQ-9 抑郁筛查',3,'无或极轻','当前抑郁症状较少','建议保持规律生活并持续关注情绪变化','COMPLETED','2024-03-20 09:10:00','2024-03-20 09:10:00','2024-03-20 09:10:00'),(957,'2022010605','第3学期',15,3,'PHQ9','PHQ-9 抑郁筛查',3,'无或极轻','当前抑郁症状较少','建议保持规律生活并持续关注情绪变化','COMPLETED','2023-09-20 09:10:00','2023-09-20 09:10:00','2023-09-20 09:10:00'),(958,'2022010605','第2学期',15,3,'PHQ9','PHQ-9 抑郁筛查',18,'中重度','抑郁风险较高','建议尽快进行专业心理评估','COMPLETED','2023-03-20 09:10:00','2023-03-20 09:10:00','2023-03-20 09:10:00'),(959,'2022010605','第1学期',15,3,'PHQ9','PHQ-9 抑郁筛查',3,'无或极轻','当前抑郁症状较少','建议保持规律生活并持续关注情绪变化','COMPLETED','2022-09-20 09:10:00','2022-09-20 09:10:00','2022-09-20 09:10:00'),(960,'2022010604','第8学期',15,3,'PHQ9','PHQ-9 抑郁筛查',18,'中重度','抑郁风险较高','建议尽快进行专业心理评估','COMPLETED','2026-03-19 09:10:00','2026-03-19 09:10:00','2026-03-19 09:10:00'),(961,'2022010604','第7学期',15,3,'PHQ9','PHQ-9 抑郁筛查',3,'无或极轻','当前抑郁症状较少','建议保持规律生活并持续关注情绪变化','COMPLETED','2025-09-19 09:10:00','2025-09-19 09:10:00','2025-09-19 09:10:00'),(962,'2022010604','第6学期',15,3,'PHQ9','PHQ-9 抑郁筛查',18,'中重度','抑郁风险较高','建议尽快进行专业心理评估','COMPLETED','2025-03-19 09:10:00','2025-03-19 09:10:00','2025-03-19 09:10:00'),(963,'2022010604','第5学期',15,3,'PHQ9','PHQ-9 抑郁筛查',3,'无或极轻','当前抑郁症状较少','建议保持规律生活并持续关注情绪变化','COMPLETED','2024-09-19 09:10:00','2024-09-19 09:10:00','2024-09-19 09:10:00'),(964,'2022010604','第4学期',15,3,'PHQ9','PHQ-9 抑郁筛查',3,'无或极轻','当前抑郁症状较少','建议保持规律生活并持续关注情绪变化','COMPLETED','2024-03-19 09:10:00','2024-03-19 09:10:00','2024-03-19 09:10:00'),(965,'2022010604','第3学期',15,3,'PHQ9','PHQ-9 抑郁筛查',18,'中重度','抑郁风险较高','建议尽快进行专业心理评估','COMPLETED','2023-09-19 09:10:00','2023-09-19 09:10:00','2023-09-19 09:10:00'),(966,'2022010604','第2学期',15,3,'PHQ9','PHQ-9 抑郁筛查',3,'无或极轻','当前抑郁症状较少','建议保持规律生活并持续关注情绪变化','COMPLETED','2023-03-19 09:10:00','2023-03-19 09:10:00','2023-03-19 09:10:00'),(967,'2022010604','第1学期',15,3,'PHQ9','PHQ-9 抑郁筛查',3,'无或极轻','当前抑郁症状较少','建议保持规律生活并持续关注情绪变化','COMPLETED','2022-09-19 09:10:00','2022-09-19 09:10:00','2022-09-19 09:10:00'),(968,'2022010603','第8学期',15,3,'PHQ9','PHQ-9 抑郁筛查',3,'无或极轻','当前抑郁症状较少','建议保持规律生活并持续关注情绪变化','COMPLETED','2026-03-18 09:10:00','2026-03-18 09:10:00','2026-03-18 09:10:00'),(969,'2022010603','第7学期',15,3,'PHQ9','PHQ-9 抑郁筛查',18,'中重度','抑郁风险较高','建议尽快进行专业心理评估','COMPLETED','2025-09-18 09:10:00','2025-09-18 09:10:00','2025-09-18 09:10:00'),(970,'2022010603','第6学期',15,3,'PHQ9','PHQ-9 抑郁筛查',3,'无或极轻','当前抑郁症状较少','建议保持规律生活并持续关注情绪变化','COMPLETED','2025-03-18 09:10:00','2025-03-18 09:10:00','2025-03-18 09:10:00'),(971,'2022010603','第5学期',15,3,'PHQ9','PHQ-9 抑郁筛查',3,'无或极轻','当前抑郁症状较少','建议保持规律生活并持续关注情绪变化','COMPLETED','2024-09-18 09:10:00','2024-09-18 09:10:00','2024-09-18 09:10:00'),(972,'2022010603','第4学期',15,3,'PHQ9','PHQ-9 抑郁筛查',18,'中重度','抑郁风险较高','建议尽快进行专业心理评估','COMPLETED','2024-03-18 09:10:00','2024-03-18 09:10:00','2024-03-18 09:10:00'),(973,'2022010603','第3学期',15,3,'PHQ9','PHQ-9 抑郁筛查',3,'无或极轻','当前抑郁症状较少','建议保持规律生活并持续关注情绪变化','COMPLETED','2023-09-18 09:10:00','2023-09-18 09:10:00','2023-09-18 09:10:00'),(974,'2022010603','第2学期',15,3,'PHQ9','PHQ-9 抑郁筛查',3,'无或极轻','当前抑郁症状较少','建议保持规律生活并持续关注情绪变化','COMPLETED','2023-03-18 09:10:00','2023-03-18 09:10:00','2023-03-18 09:10:00'),(975,'2022010603','第1学期',15,3,'PHQ9','PHQ-9 抑郁筛查',18,'中重度','抑郁风险较高','建议尽快进行专业心理评估','COMPLETED','2022-09-18 09:10:00','2022-09-18 09:10:00','2022-09-18 09:10:00'),(976,'2022010602','第8学期',15,3,'PHQ9','PHQ-9 抑郁筛查',18,'中重度','抑郁风险较高','建议尽快进行专业心理评估','COMPLETED','2026-03-17 09:10:00','2026-03-17 09:10:00','2026-03-17 09:10:00'),(977,'2022010602','第7学期',15,3,'PHQ9','PHQ-9 抑郁筛查',3,'无或极轻','当前抑郁症状较少','建议保持规律生活并持续关注情绪变化','COMPLETED','2025-09-17 09:10:00','2025-09-17 09:10:00','2025-09-17 09:10:00'),(978,'2022010602','第6学期',15,3,'PHQ9','PHQ-9 抑郁筛查',3,'无或极轻','当前抑郁症状较少','建议保持规律生活并持续关注情绪变化','COMPLETED','2025-03-17 09:10:00','2025-03-17 09:10:00','2025-03-17 09:10:00'),(979,'2022010602','第5学期',15,3,'PHQ9','PHQ-9 抑郁筛查',18,'中重度','抑郁风险较高','建议尽快进行专业心理评估','COMPLETED','2024-09-17 09:10:00','2024-09-17 09:10:00','2024-09-17 09:10:00'),(980,'2022010602','第4学期',15,3,'PHQ9','PHQ-9 抑郁筛查',3,'无或极轻','当前抑郁症状较少','建议保持规律生活并持续关注情绪变化','COMPLETED','2024-03-17 09:10:00','2024-03-17 09:10:00','2024-03-17 09:10:00'),(981,'2022010602','第3学期',15,3,'PHQ9','PHQ-9 抑郁筛查',3,'无或极轻','当前抑郁症状较少','建议保持规律生活并持续关注情绪变化','COMPLETED','2023-09-17 09:10:00','2023-09-17 09:10:00','2023-09-17 09:10:00'),(982,'2022010602','第2学期',15,3,'PHQ9','PHQ-9 抑郁筛查',18,'中重度','抑郁风险较高','建议尽快进行专业心理评估','COMPLETED','2023-03-17 09:10:00','2023-03-17 09:10:00','2023-03-17 09:10:00'),(983,'2022010602','第1学期',15,3,'PHQ9','PHQ-9 抑郁筛查',3,'无或极轻','当前抑郁症状较少','建议保持规律生活并持续关注情绪变化','COMPLETED','2022-09-17 09:10:00','2022-09-17 09:10:00','2022-09-17 09:10:00'),(984,'2022010601','第8学期',15,3,'PHQ9','PHQ-9 抑郁筛查',18,'中重度','抑郁风险较高','建议尽快进行专业心理评估','COMPLETED','2026-03-16 09:10:00','2026-03-16 09:10:00','2026-03-16 09:10:00'),(985,'2022010601','第7学期',15,3,'PHQ9','PHQ-9 抑郁筛查',3,'无或极轻','当前抑郁症状较少','建议保持规律生活并持续关注情绪变化','COMPLETED','2025-09-16 09:10:00','2025-09-16 09:10:00','2025-09-16 09:10:00'),(986,'2022010601','第6学期',15,3,'PHQ9','PHQ-9 抑郁筛查',18,'中重度','抑郁风险较高','建议尽快进行专业心理评估','COMPLETED','2025-03-16 09:10:00','2025-03-16 09:10:00','2025-03-16 09:10:00'),(987,'2022010601','第5学期',15,3,'PHQ9','PHQ-9 抑郁筛查',3,'无或极轻','当前抑郁症状较少','建议保持规律生活并持续关注情绪变化','COMPLETED','2024-09-16 09:10:00','2024-09-16 09:10:00','2024-09-16 09:10:00'),(988,'2022010601','第4学期',15,3,'PHQ9','PHQ-9 抑郁筛查',3,'无或极轻','当前抑郁症状较少','建议保持规律生活并持续关注情绪变化','COMPLETED','2024-03-16 09:10:00','2024-03-16 09:10:00','2024-03-16 09:10:00'),(989,'2022010601','第3学期',15,3,'PHQ9','PHQ-9 抑郁筛查',18,'中重度','抑郁风险较高','建议尽快进行专业心理评估','COMPLETED','2023-09-16 09:10:00','2023-09-16 09:10:00','2023-09-16 09:10:00'),(990,'2022010601','第2学期',15,3,'PHQ9','PHQ-9 抑郁筛查',3,'无或极轻','当前抑郁症状较少','建议保持规律生活并持续关注情绪变化','COMPLETED','2023-03-16 09:10:00','2023-03-16 09:10:00','2023-03-16 09:10:00'),(991,'2022010601','第1学期',15,3,'PHQ9','PHQ-9 抑郁筛查',3,'无或极轻','当前抑郁症状较少','建议保持规律生活并持续关注情绪变化','COMPLETED','2022-09-16 09:10:00','2022-09-16 09:10:00','2022-09-16 09:10:00'),(1023,'2022010110','第8学期',16,12,'GAD7','GAD-7 焦虑筛查',16,'重度','焦虑风险较高','建议尽快接受专业评估','COMPLETED','2026-03-25 09:20:00','2026-03-25 09:20:00','2026-03-25 09:20:00'),(1024,'2022010110','第7学期',16,12,'GAD7','GAD-7 焦虑筛查',2,'无或极轻','当前焦虑症状较少','建议保持稳定作息和运动','COMPLETED','2025-09-25 09:20:00','2025-09-25 09:20:00','2025-09-25 09:20:00'),(1025,'2022010110','第6学期',16,12,'GAD7','GAD-7 焦虑筛查',2,'无或极轻','当前焦虑症状较少','建议保持稳定作息和运动','COMPLETED','2025-03-25 09:20:00','2025-03-25 09:20:00','2025-03-25 09:20:00'),(1026,'2022010110','第5学期',16,12,'GAD7','GAD-7 焦虑筛查',16,'重度','焦虑风险较高','建议尽快接受专业评估','COMPLETED','2024-09-25 09:20:00','2024-09-25 09:20:00','2024-09-25 09:20:00'),(1027,'2022010110','第4学期',16,12,'GAD7','GAD-7 焦虑筛查',2,'无或极轻','当前焦虑症状较少','建议保持稳定作息和运动','COMPLETED','2024-03-25 09:20:00','2024-03-25 09:20:00','2024-03-25 09:20:00'),(1028,'2022010110','第3学期',16,12,'GAD7','GAD-7 焦虑筛查',2,'无或极轻','当前焦虑症状较少','建议保持稳定作息和运动','COMPLETED','2023-09-25 09:20:00','2023-09-25 09:20:00','2023-09-25 09:20:00'),(1029,'2022010110','第2学期',16,12,'GAD7','GAD-7 焦虑筛查',16,'重度','焦虑风险较高','建议尽快接受专业评估','COMPLETED','2023-03-25 09:20:00','2023-03-25 09:20:00','2023-03-25 09:20:00'),(1030,'2022010110','第1学期',16,12,'GAD7','GAD-7 焦虑筛查',2,'无或极轻','当前焦虑症状较少','建议保持稳定作息和运动','COMPLETED','2022-09-25 09:20:00','2022-09-25 09:20:00','2022-09-25 09:20:00'),(1031,'2022010109','第8学期',16,12,'GAD7','GAD-7 焦虑筛查',16,'重度','焦虑风险较高','建议尽快接受专业评估','COMPLETED','2026-03-24 09:20:00','2026-03-24 09:20:00','2026-03-24 09:20:00'),(1032,'2022010109','第7学期',16,12,'GAD7','GAD-7 焦虑筛查',2,'无或极轻','当前焦虑症状较少','建议保持稳定作息和运动','COMPLETED','2025-09-24 09:20:00','2025-09-24 09:20:00','2025-09-24 09:20:00'),(1033,'2022010109','第6学期',16,12,'GAD7','GAD-7 焦虑筛查',16,'重度','焦虑风险较高','建议尽快接受专业评估','COMPLETED','2025-03-24 09:20:00','2025-03-24 09:20:00','2025-03-24 09:20:00'),(1034,'2022010109','第5学期',16,12,'GAD7','GAD-7 焦虑筛查',2,'无或极轻','当前焦虑症状较少','建议保持稳定作息和运动','COMPLETED','2024-09-24 09:20:00','2024-09-24 09:20:00','2024-09-24 09:20:00'),(1035,'2022010109','第4学期',16,12,'GAD7','GAD-7 焦虑筛查',2,'无或极轻','当前焦虑症状较少','建议保持稳定作息和运动','COMPLETED','2024-03-24 09:20:00','2024-03-24 09:20:00','2024-03-24 09:20:00'),(1036,'2022010109','第3学期',16,12,'GAD7','GAD-7 焦虑筛查',16,'重度','焦虑风险较高','建议尽快接受专业评估','COMPLETED','2023-09-24 09:20:00','2023-09-24 09:20:00','2023-09-24 09:20:00'),(1037,'2022010109','第2学期',16,12,'GAD7','GAD-7 焦虑筛查',2,'无或极轻','当前焦虑症状较少','建议保持稳定作息和运动','COMPLETED','2023-03-24 09:20:00','2023-03-24 09:20:00','2023-03-24 09:20:00'),(1038,'2022010109','第1学期',16,12,'GAD7','GAD-7 焦虑筛查',2,'无或极轻','当前焦虑症状较少','建议保持稳定作息和运动','COMPLETED','2022-09-24 09:20:00','2022-09-24 09:20:00','2022-09-24 09:20:00'),(1039,'2022010108','第8学期',16,12,'GAD7','GAD-7 焦虑筛查',2,'无或极轻','当前焦虑症状较少','建议保持稳定作息和运动','COMPLETED','2026-03-23 09:20:00','2026-03-23 09:20:00','2026-03-23 09:20:00'),(1040,'2022010108','第7学期',16,12,'GAD7','GAD-7 焦虑筛查',16,'重度','焦虑风险较高','建议尽快接受专业评估','COMPLETED','2025-09-23 09:20:00','2025-09-23 09:20:00','2025-09-23 09:20:00'),(1041,'2022010108','第6学期',16,12,'GAD7','GAD-7 焦虑筛查',2,'无或极轻','当前焦虑症状较少','建议保持稳定作息和运动','COMPLETED','2025-03-23 09:20:00','2025-03-23 09:20:00','2025-03-23 09:20:00'),(1042,'2022010108','第5学期',16,12,'GAD7','GAD-7 焦虑筛查',2,'无或极轻','当前焦虑症状较少','建议保持稳定作息和运动','COMPLETED','2024-09-23 09:20:00','2024-09-23 09:20:00','2024-09-23 09:20:00'),(1043,'2022010108','第4学期',16,12,'GAD7','GAD-7 焦虑筛查',16,'重度','焦虑风险较高','建议尽快接受专业评估','COMPLETED','2024-03-23 09:20:00','2024-03-23 09:20:00','2024-03-23 09:20:00'),(1044,'2022010108','第3学期',16,12,'GAD7','GAD-7 焦虑筛查',2,'无或极轻','当前焦虑症状较少','建议保持稳定作息和运动','COMPLETED','2023-09-23 09:20:00','2023-09-23 09:20:00','2023-09-23 09:20:00'),(1045,'2022010108','第2学期',16,12,'GAD7','GAD-7 焦虑筛查',2,'无或极轻','当前焦虑症状较少','建议保持稳定作息和运动','COMPLETED','2023-03-23 09:20:00','2023-03-23 09:20:00','2023-03-23 09:20:00'),(1046,'2022010108','第1学期',16,12,'GAD7','GAD-7 焦虑筛查',16,'重度','焦虑风险较高','建议尽快接受专业评估','COMPLETED','2022-09-23 09:20:00','2022-09-23 09:20:00','2022-09-23 09:20:00'),(1047,'2022010107','第8学期',16,12,'GAD7','GAD-7 焦虑筛查',16,'重度','焦虑风险较高','建议尽快接受专业评估','COMPLETED','2026-03-22 09:20:00','2026-03-22 09:20:00','2026-03-22 09:20:00'),(1048,'2022010107','第7学期',16,12,'GAD7','GAD-7 焦虑筛查',2,'无或极轻','当前焦虑症状较少','建议保持稳定作息和运动','COMPLETED','2025-09-22 09:20:00','2025-09-22 09:20:00','2025-09-22 09:20:00'),(1049,'2022010107','第6学期',16,12,'GAD7','GAD-7 焦虑筛查',2,'无或极轻','当前焦虑症状较少','建议保持稳定作息和运动','COMPLETED','2025-03-22 09:20:00','2025-03-22 09:20:00','2025-03-22 09:20:00'),(1050,'2022010107','第5学期',16,12,'GAD7','GAD-7 焦虑筛查',16,'重度','焦虑风险较高','建议尽快接受专业评估','COMPLETED','2024-09-22 09:20:00','2024-09-22 09:20:00','2024-09-22 09:20:00'),(1051,'2022010107','第4学期',16,12,'GAD7','GAD-7 焦虑筛查',2,'无或极轻','当前焦虑症状较少','建议保持稳定作息和运动','COMPLETED','2024-03-22 09:20:00','2024-03-22 09:20:00','2024-03-22 09:20:00'),(1052,'2022010107','第3学期',16,12,'GAD7','GAD-7 焦虑筛查',2,'无或极轻','当前焦虑症状较少','建议保持稳定作息和运动','COMPLETED','2023-09-22 09:20:00','2023-09-22 09:20:00','2023-09-22 09:20:00'),(1053,'2022010107','第2学期',16,12,'GAD7','GAD-7 焦虑筛查',16,'重度','焦虑风险较高','建议尽快接受专业评估','COMPLETED','2023-03-22 09:20:00','2023-03-22 09:20:00','2023-03-22 09:20:00'),(1054,'2022010107','第1学期',16,12,'GAD7','GAD-7 焦虑筛查',2,'无或极轻','当前焦虑症状较少','建议保持稳定作息和运动','COMPLETED','2022-09-22 09:20:00','2022-09-22 09:20:00','2022-09-22 09:20:00'),(1055,'2022010106','第8学期',16,12,'GAD7','GAD-7 焦虑筛查',16,'重度','焦虑风险较高','建议尽快接受专业评估','COMPLETED','2026-03-21 09:20:00','2026-03-21 09:20:00','2026-03-21 09:20:00'),(1056,'2022010106','第7学期',16,12,'GAD7','GAD-7 焦虑筛查',2,'无或极轻','当前焦虑症状较少','建议保持稳定作息和运动','COMPLETED','2025-09-21 09:20:00','2025-09-21 09:20:00','2025-09-21 09:20:00'),(1057,'2022010106','第6学期',16,12,'GAD7','GAD-7 焦虑筛查',16,'重度','焦虑风险较高','建议尽快接受专业评估','COMPLETED','2025-03-21 09:20:00','2025-03-21 09:20:00','2025-03-21 09:20:00'),(1058,'2022010106','第5学期',16,12,'GAD7','GAD-7 焦虑筛查',2,'无或极轻','当前焦虑症状较少','建议保持稳定作息和运动','COMPLETED','2024-09-21 09:20:00','2024-09-21 09:20:00','2024-09-21 09:20:00'),(1059,'2022010106','第4学期',16,12,'GAD7','GAD-7 焦虑筛查',2,'无或极轻','当前焦虑症状较少','建议保持稳定作息和运动','COMPLETED','2024-03-21 09:20:00','2024-03-21 09:20:00','2024-03-21 09:20:00'),(1060,'2022010106','第3学期',16,12,'GAD7','GAD-7 焦虑筛查',16,'重度','焦虑风险较高','建议尽快接受专业评估','COMPLETED','2023-09-21 09:20:00','2023-09-21 09:20:00','2023-09-21 09:20:00'),(1061,'2022010106','第2学期',16,12,'GAD7','GAD-7 焦虑筛查',2,'无或极轻','当前焦虑症状较少','建议保持稳定作息和运动','COMPLETED','2023-03-21 09:20:00','2023-03-21 09:20:00','2023-03-21 09:20:00'),(1062,'2022010106','第1学期',16,12,'GAD7','GAD-7 焦虑筛查',2,'无或极轻','当前焦虑症状较少','建议保持稳定作息和运动','COMPLETED','2022-09-21 09:20:00','2022-09-21 09:20:00','2022-09-21 09:20:00'),(1063,'2022010105','第8学期',16,12,'GAD7','GAD-7 焦虑筛查',2,'无或极轻','当前焦虑症状较少','建议保持稳定作息和运动','COMPLETED','2026-03-20 09:20:00','2026-03-20 09:20:00','2026-03-20 09:20:00'),(1064,'2022010105','第7学期',16,12,'GAD7','GAD-7 焦虑筛查',16,'重度','焦虑风险较高','建议尽快接受专业评估','COMPLETED','2025-09-20 09:20:00','2025-09-20 09:20:00','2025-09-20 09:20:00'),(1065,'2022010105','第6学期',16,12,'GAD7','GAD-7 焦虑筛查',2,'无或极轻','当前焦虑症状较少','建议保持稳定作息和运动','COMPLETED','2025-03-20 09:20:00','2025-03-20 09:20:00','2025-03-20 09:20:00'),(1066,'2022010105','第5学期',16,12,'GAD7','GAD-7 焦虑筛查',2,'无或极轻','当前焦虑症状较少','建议保持稳定作息和运动','COMPLETED','2024-09-20 09:20:00','2024-09-20 09:20:00','2024-09-20 09:20:00'),(1067,'2022010105','第4学期',16,12,'GAD7','GAD-7 焦虑筛查',16,'重度','焦虑风险较高','建议尽快接受专业评估','COMPLETED','2024-03-20 09:20:00','2024-03-20 09:20:00','2024-03-20 09:20:00'),(1068,'2022010105','第3学期',16,12,'GAD7','GAD-7 焦虑筛查',2,'无或极轻','当前焦虑症状较少','建议保持稳定作息和运动','COMPLETED','2023-09-20 09:20:00','2023-09-20 09:20:00','2023-09-20 09:20:00'),(1069,'2022010105','第2学期',16,12,'GAD7','GAD-7 焦虑筛查',2,'无或极轻','当前焦虑症状较少','建议保持稳定作息和运动','COMPLETED','2023-03-20 09:20:00','2023-03-20 09:20:00','2023-03-20 09:20:00'),(1070,'2022010105','第1学期',16,12,'GAD7','GAD-7 焦虑筛查',16,'重度','焦虑风险较高','建议尽快接受专业评估','COMPLETED','2022-09-20 09:20:00','2022-09-20 09:20:00','2022-09-20 09:20:00'),(1071,'2022010104','第8学期',16,12,'GAD7','GAD-7 焦虑筛查',16,'重度','焦虑风险较高','建议尽快接受专业评估','COMPLETED','2026-03-19 09:20:00','2026-03-19 09:20:00','2026-03-19 09:20:00'),(1072,'2022010104','第7学期',16,12,'GAD7','GAD-7 焦虑筛查',2,'无或极轻','当前焦虑症状较少','建议保持稳定作息和运动','COMPLETED','2025-09-19 09:20:00','2025-09-19 09:20:00','2025-09-19 09:20:00'),(1073,'2022010104','第6学期',16,12,'GAD7','GAD-7 焦虑筛查',2,'无或极轻','当前焦虑症状较少','建议保持稳定作息和运动','COMPLETED','2025-03-19 09:20:00','2025-03-19 09:20:00','2025-03-19 09:20:00'),(1074,'2022010104','第5学期',16,12,'GAD7','GAD-7 焦虑筛查',16,'重度','焦虑风险较高','建议尽快接受专业评估','COMPLETED','2024-09-19 09:20:00','2024-09-19 09:20:00','2024-09-19 09:20:00'),(1075,'2022010104','第4学期',16,12,'GAD7','GAD-7 焦虑筛查',2,'无或极轻','当前焦虑症状较少','建议保持稳定作息和运动','COMPLETED','2024-03-19 09:20:00','2024-03-19 09:20:00','2024-03-19 09:20:00'),(1076,'2022010104','第3学期',16,12,'GAD7','GAD-7 焦虑筛查',2,'无或极轻','当前焦虑症状较少','建议保持稳定作息和运动','COMPLETED','2023-09-19 09:20:00','2023-09-19 09:20:00','2023-09-19 09:20:00'),(1077,'2022010104','第2学期',16,12,'GAD7','GAD-7 焦虑筛查',16,'重度','焦虑风险较高','建议尽快接受专业评估','COMPLETED','2023-03-19 09:20:00','2023-03-19 09:20:00','2023-03-19 09:20:00'),(1078,'2022010104','第1学期',16,12,'GAD7','GAD-7 焦虑筛查',2,'无或极轻','当前焦虑症状较少','建议保持稳定作息和运动','COMPLETED','2022-09-19 09:20:00','2022-09-19 09:20:00','2022-09-19 09:20:00'),(1079,'2022010103','第8学期',16,12,'GAD7','GAD-7 焦虑筛查',16,'重度','焦虑风险较高','建议尽快接受专业评估','COMPLETED','2026-03-18 09:20:00','2026-03-18 09:20:00','2026-03-18 09:20:00'),(1080,'2022010103','第7学期',16,12,'GAD7','GAD-7 焦虑筛查',2,'无或极轻','当前焦虑症状较少','建议保持稳定作息和运动','COMPLETED','2025-09-18 09:20:00','2025-09-18 09:20:00','2025-09-18 09:20:00'),(1081,'2022010103','第6学期',16,12,'GAD7','GAD-7 焦虑筛查',16,'重度','焦虑风险较高','建议尽快接受专业评估','COMPLETED','2025-03-18 09:20:00','2025-03-18 09:20:00','2025-03-18 09:20:00'),(1082,'2022010103','第5学期',16,12,'GAD7','GAD-7 焦虑筛查',2,'无或极轻','当前焦虑症状较少','建议保持稳定作息和运动','COMPLETED','2024-09-18 09:20:00','2024-09-18 09:20:00','2024-09-18 09:20:00'),(1083,'2022010103','第4学期',16,12,'GAD7','GAD-7 焦虑筛查',2,'无或极轻','当前焦虑症状较少','建议保持稳定作息和运动','COMPLETED','2024-03-18 09:20:00','2024-03-18 09:20:00','2024-03-18 09:20:00'),(1084,'2022010103','第3学期',16,12,'GAD7','GAD-7 焦虑筛查',16,'重度','焦虑风险较高','建议尽快接受专业评估','COMPLETED','2023-09-18 09:20:00','2023-09-18 09:20:00','2023-09-18 09:20:00'),(1085,'2022010103','第2学期',16,12,'GAD7','GAD-7 焦虑筛查',2,'无或极轻','当前焦虑症状较少','建议保持稳定作息和运动','COMPLETED','2023-03-18 09:20:00','2023-03-18 09:20:00','2023-03-18 09:20:00'),(1086,'2022010103','第1学期',16,12,'GAD7','GAD-7 焦虑筛查',2,'无或极轻','当前焦虑症状较少','建议保持稳定作息和运动','COMPLETED','2022-09-18 09:20:00','2022-09-18 09:20:00','2022-09-18 09:20:00'),(1087,'2022010102','第8学期',16,12,'GAD7','GAD-7 焦虑筛查',2,'无或极轻','当前焦虑症状较少','建议保持稳定作息和运动','COMPLETED','2026-03-17 09:20:00','2026-03-17 09:20:00','2026-03-17 09:20:00'),(1088,'2022010102','第7学期',16,12,'GAD7','GAD-7 焦虑筛查',16,'重度','焦虑风险较高','建议尽快接受专业评估','COMPLETED','2025-09-17 09:20:00','2025-09-17 09:20:00','2025-09-17 09:20:00'),(1089,'2022010102','第6学期',16,12,'GAD7','GAD-7 焦虑筛查',2,'无或极轻','当前焦虑症状较少','建议保持稳定作息和运动','COMPLETED','2025-03-17 09:20:00','2025-03-17 09:20:00','2025-03-17 09:20:00'),(1090,'2022010102','第5学期',16,12,'GAD7','GAD-7 焦虑筛查',2,'无或极轻','当前焦虑症状较少','建议保持稳定作息和运动','COMPLETED','2024-09-17 09:20:00','2024-09-17 09:20:00','2024-09-17 09:20:00'),(1091,'2022010102','第4学期',16,12,'GAD7','GAD-7 焦虑筛查',16,'重度','焦虑风险较高','建议尽快接受专业评估','COMPLETED','2024-03-17 09:20:00','2024-03-17 09:20:00','2024-03-17 09:20:00'),(1092,'2022010102','第3学期',16,12,'GAD7','GAD-7 焦虑筛查',2,'无或极轻','当前焦虑症状较少','建议保持稳定作息和运动','COMPLETED','2023-09-17 09:20:00','2023-09-17 09:20:00','2023-09-17 09:20:00'),(1093,'2022010102','第2学期',16,12,'GAD7','GAD-7 焦虑筛查',2,'无或极轻','当前焦虑症状较少','建议保持稳定作息和运动','COMPLETED','2023-03-17 09:20:00','2023-03-17 09:20:00','2023-03-17 09:20:00'),(1094,'2022010102','第1学期',16,12,'GAD7','GAD-7 焦虑筛查',16,'重度','焦虑风险较高','建议尽快接受专业评估','COMPLETED','2022-09-17 09:20:00','2022-09-17 09:20:00','2022-09-17 09:20:00'),(1095,'2022010101','第8学期',16,12,'GAD7','GAD-7 焦虑筛查',0,'无或极轻','当前焦虑症状较少','建议保持稳定作息和运动','COMPLETED','2026-03-27 17:48:58','2026-03-16 09:20:00','2026-03-27 17:48:58'),(1096,'2022010101','第7学期',16,12,'GAD7','GAD-7 焦虑筛查',2,'无或极轻','当前焦虑症状较少','建议保持稳定作息和运动','COMPLETED','2025-09-16 09:20:00','2025-09-16 09:20:00','2025-09-16 09:20:00'),(1097,'2022010101','第6学期',16,12,'GAD7','GAD-7 焦虑筛查',2,'无或极轻','当前焦虑症状较少','建议保持稳定作息和运动','COMPLETED','2025-03-16 09:20:00','2025-03-16 09:20:00','2025-03-16 09:20:00'),(1098,'2022010101','第5学期',16,12,'GAD7','GAD-7 焦虑筛查',16,'重度','焦虑风险较高','建议尽快接受专业评估','COMPLETED','2024-09-16 09:20:00','2024-09-16 09:20:00','2024-09-16 09:20:00'),(1099,'2022010101','第4学期',16,12,'GAD7','GAD-7 焦虑筛查',2,'无或极轻','当前焦虑症状较少','建议保持稳定作息和运动','COMPLETED','2024-03-16 09:20:00','2024-03-16 09:20:00','2024-03-16 09:20:00'),(1100,'2022010101','第3学期',16,12,'GAD7','GAD-7 焦虑筛查',2,'无或极轻','当前焦虑症状较少','建议保持稳定作息和运动','COMPLETED','2023-09-16 09:20:00','2023-09-16 09:20:00','2023-09-16 09:20:00'),(1101,'2022010101','第2学期',16,12,'GAD7','GAD-7 焦虑筛查',16,'重度','焦虑风险较高','建议尽快接受专业评估','COMPLETED','2023-03-16 09:20:00','2023-03-16 09:20:00','2023-03-16 09:20:00'),(1102,'2022010101','第1学期',16,12,'GAD7','GAD-7 焦虑筛查',0,'无或极轻','当前焦虑症状较少','建议保持稳定作息和运动','COMPLETED','2026-03-27 17:48:16','2022-09-16 09:20:00','2026-03-27 17:48:16'),(1103,'2022010210','第8学期',16,12,'GAD7','GAD-7 焦虑筛查',2,'无或极轻','当前焦虑症状较少','建议保持稳定作息和运动','COMPLETED','2026-03-25 09:20:00','2026-03-25 09:20:00','2026-03-25 09:20:00'),(1104,'2022010210','第7学期',16,12,'GAD7','GAD-7 焦虑筛查',16,'重度','焦虑风险较高','建议尽快接受专业评估','COMPLETED','2025-09-25 09:20:00','2025-09-25 09:20:00','2025-09-25 09:20:00'),(1105,'2022010210','第6学期',16,12,'GAD7','GAD-7 焦虑筛查',2,'无或极轻','当前焦虑症状较少','建议保持稳定作息和运动','COMPLETED','2025-03-25 09:20:00','2025-03-25 09:20:00','2025-03-25 09:20:00'),(1106,'2022010210','第5学期',16,12,'GAD7','GAD-7 焦虑筛查',2,'无或极轻','当前焦虑症状较少','建议保持稳定作息和运动','COMPLETED','2024-09-25 09:20:00','2024-09-25 09:20:00','2024-09-25 09:20:00'),(1107,'2022010210','第4学期',16,12,'GAD7','GAD-7 焦虑筛查',16,'重度','焦虑风险较高','建议尽快接受专业评估','COMPLETED','2024-03-25 09:20:00','2024-03-25 09:20:00','2024-03-25 09:20:00'),(1108,'2022010210','第3学期',16,12,'GAD7','GAD-7 焦虑筛查',2,'无或极轻','当前焦虑症状较少','建议保持稳定作息和运动','COMPLETED','2023-09-25 09:20:00','2023-09-25 09:20:00','2023-09-25 09:20:00'),(1109,'2022010210','第2学期',16,12,'GAD7','GAD-7 焦虑筛查',2,'无或极轻','当前焦虑症状较少','建议保持稳定作息和运动','COMPLETED','2023-03-25 09:20:00','2023-03-25 09:20:00','2023-03-25 09:20:00'),(1110,'2022010210','第1学期',16,12,'GAD7','GAD-7 焦虑筛查',16,'重度','焦虑风险较高','建议尽快接受专业评估','COMPLETED','2022-09-25 09:20:00','2022-09-25 09:20:00','2022-09-25 09:20:00'),(1111,'2022010209','第8学期',16,12,'GAD7','GAD-7 焦虑筛查',16,'重度','焦虑风险较高','建议尽快接受专业评估','COMPLETED','2026-03-24 09:20:00','2026-03-24 09:20:00','2026-03-24 09:20:00'),(1112,'2022010209','第7学期',16,12,'GAD7','GAD-7 焦虑筛查',2,'无或极轻','当前焦虑症状较少','建议保持稳定作息和运动','COMPLETED','2025-09-24 09:20:00','2025-09-24 09:20:00','2025-09-24 09:20:00'),(1113,'2022010209','第6学期',16,12,'GAD7','GAD-7 焦虑筛查',2,'无或极轻','当前焦虑症状较少','建议保持稳定作息和运动','COMPLETED','2025-03-24 09:20:00','2025-03-24 09:20:00','2025-03-24 09:20:00'),(1114,'2022010209','第5学期',16,12,'GAD7','GAD-7 焦虑筛查',16,'重度','焦虑风险较高','建议尽快接受专业评估','COMPLETED','2024-09-24 09:20:00','2024-09-24 09:20:00','2024-09-24 09:20:00'),(1115,'2022010209','第4学期',16,12,'GAD7','GAD-7 焦虑筛查',2,'无或极轻','当前焦虑症状较少','建议保持稳定作息和运动','COMPLETED','2024-03-24 09:20:00','2024-03-24 09:20:00','2024-03-24 09:20:00'),(1116,'2022010209','第3学期',16,12,'GAD7','GAD-7 焦虑筛查',2,'无或极轻','当前焦虑症状较少','建议保持稳定作息和运动','COMPLETED','2023-09-24 09:20:00','2023-09-24 09:20:00','2023-09-24 09:20:00'),(1117,'2022010209','第2学期',16,12,'GAD7','GAD-7 焦虑筛查',16,'重度','焦虑风险较高','建议尽快接受专业评估','COMPLETED','2023-03-24 09:20:00','2023-03-24 09:20:00','2023-03-24 09:20:00'),(1118,'2022010209','第1学期',16,12,'GAD7','GAD-7 焦虑筛查',2,'无或极轻','当前焦虑症状较少','建议保持稳定作息和运动','COMPLETED','2022-09-24 09:20:00','2022-09-24 09:20:00','2022-09-24 09:20:00'),(1119,'2022010208','第8学期',16,12,'GAD7','GAD-7 焦虑筛查',16,'重度','焦虑风险较高','建议尽快接受专业评估','COMPLETED','2026-03-23 09:20:00','2026-03-23 09:20:00','2026-03-23 09:20:00'),(1120,'2022010208','第7学期',16,12,'GAD7','GAD-7 焦虑筛查',2,'无或极轻','当前焦虑症状较少','建议保持稳定作息和运动','COMPLETED','2025-09-23 09:20:00','2025-09-23 09:20:00','2025-09-23 09:20:00'),(1121,'2022010208','第6学期',16,12,'GAD7','GAD-7 焦虑筛查',16,'重度','焦虑风险较高','建议尽快接受专业评估','COMPLETED','2025-03-23 09:20:00','2025-03-23 09:20:00','2025-03-23 09:20:00'),(1122,'2022010208','第5学期',16,12,'GAD7','GAD-7 焦虑筛查',2,'无或极轻','当前焦虑症状较少','建议保持稳定作息和运动','COMPLETED','2024-09-23 09:20:00','2024-09-23 09:20:00','2024-09-23 09:20:00'),(1123,'2022010208','第4学期',16,12,'GAD7','GAD-7 焦虑筛查',2,'无或极轻','当前焦虑症状较少','建议保持稳定作息和运动','COMPLETED','2024-03-23 09:20:00','2024-03-23 09:20:00','2024-03-23 09:20:00'),(1124,'2022010208','第3学期',16,12,'GAD7','GAD-7 焦虑筛查',16,'重度','焦虑风险较高','建议尽快接受专业评估','COMPLETED','2023-09-23 09:20:00','2023-09-23 09:20:00','2023-09-23 09:20:00'),(1125,'2022010208','第2学期',16,12,'GAD7','GAD-7 焦虑筛查',2,'无或极轻','当前焦虑症状较少','建议保持稳定作息和运动','COMPLETED','2023-03-23 09:20:00','2023-03-23 09:20:00','2023-03-23 09:20:00'),(1126,'2022010208','第1学期',16,12,'GAD7','GAD-7 焦虑筛查',2,'无或极轻','当前焦虑症状较少','建议保持稳定作息和运动','COMPLETED','2022-09-23 09:20:00','2022-09-23 09:20:00','2022-09-23 09:20:00'),(1127,'2022010207','第8学期',16,12,'GAD7','GAD-7 焦虑筛查',2,'无或极轻','当前焦虑症状较少','建议保持稳定作息和运动','COMPLETED','2026-03-22 09:20:00','2026-03-22 09:20:00','2026-03-22 09:20:00'),(1128,'2022010207','第7学期',16,12,'GAD7','GAD-7 焦虑筛查',16,'重度','焦虑风险较高','建议尽快接受专业评估','COMPLETED','2025-09-22 09:20:00','2025-09-22 09:20:00','2025-09-22 09:20:00'),(1129,'2022010207','第6学期',16,12,'GAD7','GAD-7 焦虑筛查',2,'无或极轻','当前焦虑症状较少','建议保持稳定作息和运动','COMPLETED','2025-03-22 09:20:00','2025-03-22 09:20:00','2025-03-22 09:20:00'),(1130,'2022010207','第5学期',16,12,'GAD7','GAD-7 焦虑筛查',2,'无或极轻','当前焦虑症状较少','建议保持稳定作息和运动','COMPLETED','2024-09-22 09:20:00','2024-09-22 09:20:00','2024-09-22 09:20:00'),(1131,'2022010207','第4学期',16,12,'GAD7','GAD-7 焦虑筛查',16,'重度','焦虑风险较高','建议尽快接受专业评估','COMPLETED','2024-03-22 09:20:00','2024-03-22 09:20:00','2024-03-22 09:20:00'),(1132,'2022010207','第3学期',16,12,'GAD7','GAD-7 焦虑筛查',2,'无或极轻','当前焦虑症状较少','建议保持稳定作息和运动','COMPLETED','2023-09-22 09:20:00','2023-09-22 09:20:00','2023-09-22 09:20:00'),(1133,'2022010207','第2学期',16,12,'GAD7','GAD-7 焦虑筛查',2,'无或极轻','当前焦虑症状较少','建议保持稳定作息和运动','COMPLETED','2023-03-22 09:20:00','2023-03-22 09:20:00','2023-03-22 09:20:00'),(1134,'2022010207','第1学期',16,12,'GAD7','GAD-7 焦虑筛查',16,'重度','焦虑风险较高','建议尽快接受专业评估','COMPLETED','2022-09-22 09:20:00','2022-09-22 09:20:00','2022-09-22 09:20:00'),(1135,'2022010206','第8学期',16,12,'GAD7','GAD-7 焦虑筛查',16,'重度','焦虑风险较高','建议尽快接受专业评估','COMPLETED','2026-03-21 09:20:00','2026-03-21 09:20:00','2026-03-21 09:20:00'),(1136,'2022010206','第7学期',16,12,'GAD7','GAD-7 焦虑筛查',2,'无或极轻','当前焦虑症状较少','建议保持稳定作息和运动','COMPLETED','2025-09-21 09:20:00','2025-09-21 09:20:00','2025-09-21 09:20:00'),(1137,'2022010206','第6学期',16,12,'GAD7','GAD-7 焦虑筛查',2,'无或极轻','当前焦虑症状较少','建议保持稳定作息和运动','COMPLETED','2025-03-21 09:20:00','2025-03-21 09:20:00','2025-03-21 09:20:00'),(1138,'2022010206','第5学期',16,12,'GAD7','GAD-7 焦虑筛查',16,'重度','焦虑风险较高','建议尽快接受专业评估','COMPLETED','2024-09-21 09:20:00','2024-09-21 09:20:00','2024-09-21 09:20:00'),(1139,'2022010206','第4学期',16,12,'GAD7','GAD-7 焦虑筛查',2,'无或极轻','当前焦虑症状较少','建议保持稳定作息和运动','COMPLETED','2024-03-21 09:20:00','2024-03-21 09:20:00','2024-03-21 09:20:00'),(1140,'2022010206','第3学期',16,12,'GAD7','GAD-7 焦虑筛查',2,'无或极轻','当前焦虑症状较少','建议保持稳定作息和运动','COMPLETED','2023-09-21 09:20:00','2023-09-21 09:20:00','2023-09-21 09:20:00'),(1141,'2022010206','第2学期',16,12,'GAD7','GAD-7 焦虑筛查',16,'重度','焦虑风险较高','建议尽快接受专业评估','COMPLETED','2023-03-21 09:20:00','2023-03-21 09:20:00','2023-03-21 09:20:00'),(1142,'2022010206','第1学期',16,12,'GAD7','GAD-7 焦虑筛查',2,'无或极轻','当前焦虑症状较少','建议保持稳定作息和运动','COMPLETED','2022-09-21 09:20:00','2022-09-21 09:20:00','2022-09-21 09:20:00'),(1143,'2022010205','第8学期',16,12,'GAD7','GAD-7 焦虑筛查',16,'重度','焦虑风险较高','建议尽快接受专业评估','COMPLETED','2026-03-20 09:20:00','2026-03-20 09:20:00','2026-03-20 09:20:00'),(1144,'2022010205','第7学期',16,12,'GAD7','GAD-7 焦虑筛查',2,'无或极轻','当前焦虑症状较少','建议保持稳定作息和运动','COMPLETED','2025-09-20 09:20:00','2025-09-20 09:20:00','2025-09-20 09:20:00'),(1145,'2022010205','第6学期',16,12,'GAD7','GAD-7 焦虑筛查',16,'重度','焦虑风险较高','建议尽快接受专业评估','COMPLETED','2025-03-20 09:20:00','2025-03-20 09:20:00','2025-03-20 09:20:00'),(1146,'2022010205','第5学期',16,12,'GAD7','GAD-7 焦虑筛查',2,'无或极轻','当前焦虑症状较少','建议保持稳定作息和运动','COMPLETED','2024-09-20 09:20:00','2024-09-20 09:20:00','2024-09-20 09:20:00'),(1147,'2022010205','第4学期',16,12,'GAD7','GAD-7 焦虑筛查',2,'无或极轻','当前焦虑症状较少','建议保持稳定作息和运动','COMPLETED','2024-03-20 09:20:00','2024-03-20 09:20:00','2024-03-20 09:20:00'),(1148,'2022010205','第3学期',16,12,'GAD7','GAD-7 焦虑筛查',16,'重度','焦虑风险较高','建议尽快接受专业评估','COMPLETED','2023-09-20 09:20:00','2023-09-20 09:20:00','2023-09-20 09:20:00'),(1149,'2022010205','第2学期',16,12,'GAD7','GAD-7 焦虑筛查',2,'无或极轻','当前焦虑症状较少','建议保持稳定作息和运动','COMPLETED','2023-03-20 09:20:00','2023-03-20 09:20:00','2023-03-20 09:20:00'),(1150,'2022010205','第1学期',16,12,'GAD7','GAD-7 焦虑筛查',2,'无或极轻','当前焦虑症状较少','建议保持稳定作息和运动','COMPLETED','2022-09-20 09:20:00','2022-09-20 09:20:00','2022-09-20 09:20:00'),(1151,'2022010204','第8学期',16,12,'GAD7','GAD-7 焦虑筛查',2,'无或极轻','当前焦虑症状较少','建议保持稳定作息和运动','COMPLETED','2026-03-19 09:20:00','2026-03-19 09:20:00','2026-03-19 09:20:00'),(1152,'2022010204','第7学期',16,12,'GAD7','GAD-7 焦虑筛查',16,'重度','焦虑风险较高','建议尽快接受专业评估','COMPLETED','2025-09-19 09:20:00','2025-09-19 09:20:00','2025-09-19 09:20:00'),(1153,'2022010204','第6学期',16,12,'GAD7','GAD-7 焦虑筛查',2,'无或极轻','当前焦虑症状较少','建议保持稳定作息和运动','COMPLETED','2025-03-19 09:20:00','2025-03-19 09:20:00','2025-03-19 09:20:00'),(1154,'2022010204','第5学期',16,12,'GAD7','GAD-7 焦虑筛查',2,'无或极轻','当前焦虑症状较少','建议保持稳定作息和运动','COMPLETED','2024-09-19 09:20:00','2024-09-19 09:20:00','2024-09-19 09:20:00'),(1155,'2022010204','第4学期',16,12,'GAD7','GAD-7 焦虑筛查',16,'重度','焦虑风险较高','建议尽快接受专业评估','COMPLETED','2024-03-19 09:20:00','2024-03-19 09:20:00','2024-03-19 09:20:00'),(1156,'2022010204','第3学期',16,12,'GAD7','GAD-7 焦虑筛查',2,'无或极轻','当前焦虑症状较少','建议保持稳定作息和运动','COMPLETED','2023-09-19 09:20:00','2023-09-19 09:20:00','2023-09-19 09:20:00'),(1157,'2022010204','第2学期',16,12,'GAD7','GAD-7 焦虑筛查',2,'无或极轻','当前焦虑症状较少','建议保持稳定作息和运动','COMPLETED','2023-03-19 09:20:00','2023-03-19 09:20:00','2023-03-19 09:20:00'),(1158,'2022010204','第1学期',16,12,'GAD7','GAD-7 焦虑筛查',16,'重度','焦虑风险较高','建议尽快接受专业评估','COMPLETED','2022-09-19 09:20:00','2022-09-19 09:20:00','2022-09-19 09:20:00'),(1159,'2022010203','第8学期',16,12,'GAD7','GAD-7 焦虑筛查',16,'重度','焦虑风险较高','建议尽快接受专业评估','COMPLETED','2026-03-18 09:20:00','2026-03-18 09:20:00','2026-03-18 09:20:00'),(1160,'2022010203','第7学期',16,12,'GAD7','GAD-7 焦虑筛查',2,'无或极轻','当前焦虑症状较少','建议保持稳定作息和运动','COMPLETED','2025-09-18 09:20:00','2025-09-18 09:20:00','2025-09-18 09:20:00'),(1161,'2022010203','第6学期',16,12,'GAD7','GAD-7 焦虑筛查',2,'无或极轻','当前焦虑症状较少','建议保持稳定作息和运动','COMPLETED','2025-03-18 09:20:00','2025-03-18 09:20:00','2025-03-18 09:20:00'),(1162,'2022010203','第5学期',16,12,'GAD7','GAD-7 焦虑筛查',16,'重度','焦虑风险较高','建议尽快接受专业评估','COMPLETED','2024-09-18 09:20:00','2024-09-18 09:20:00','2024-09-18 09:20:00'),(1163,'2022010203','第4学期',16,12,'GAD7','GAD-7 焦虑筛查',2,'无或极轻','当前焦虑症状较少','建议保持稳定作息和运动','COMPLETED','2024-03-18 09:20:00','2024-03-18 09:20:00','2024-03-18 09:20:00'),(1164,'2022010203','第3学期',16,12,'GAD7','GAD-7 焦虑筛查',2,'无或极轻','当前焦虑症状较少','建议保持稳定作息和运动','COMPLETED','2023-09-18 09:20:00','2023-09-18 09:20:00','2023-09-18 09:20:00'),(1165,'2022010203','第2学期',16,12,'GAD7','GAD-7 焦虑筛查',16,'重度','焦虑风险较高','建议尽快接受专业评估','COMPLETED','2023-03-18 09:20:00','2023-03-18 09:20:00','2023-03-18 09:20:00'),(1166,'2022010203','第1学期',16,12,'GAD7','GAD-7 焦虑筛查',2,'无或极轻','当前焦虑症状较少','建议保持稳定作息和运动','COMPLETED','2022-09-18 09:20:00','2022-09-18 09:20:00','2022-09-18 09:20:00'),(1167,'2022010202','第8学期',16,12,'GAD7','GAD-7 焦虑筛查',16,'重度','焦虑风险较高','建议尽快接受专业评估','COMPLETED','2026-03-17 09:20:00','2026-03-17 09:20:00','2026-03-17 09:20:00'),(1168,'2022010202','第7学期',16,12,'GAD7','GAD-7 焦虑筛查',2,'无或极轻','当前焦虑症状较少','建议保持稳定作息和运动','COMPLETED','2025-09-17 09:20:00','2025-09-17 09:20:00','2025-09-17 09:20:00'),(1169,'2022010202','第6学期',16,12,'GAD7','GAD-7 焦虑筛查',16,'重度','焦虑风险较高','建议尽快接受专业评估','COMPLETED','2025-03-17 09:20:00','2025-03-17 09:20:00','2025-03-17 09:20:00'),(1170,'2022010202','第5学期',16,12,'GAD7','GAD-7 焦虑筛查',2,'无或极轻','当前焦虑症状较少','建议保持稳定作息和运动','COMPLETED','2024-09-17 09:20:00','2024-09-17 09:20:00','2024-09-17 09:20:00'),(1171,'2022010202','第4学期',16,12,'GAD7','GAD-7 焦虑筛查',2,'无或极轻','当前焦虑症状较少','建议保持稳定作息和运动','COMPLETED','2024-03-17 09:20:00','2024-03-17 09:20:00','2024-03-17 09:20:00'),(1172,'2022010202','第3学期',16,12,'GAD7','GAD-7 焦虑筛查',16,'重度','焦虑风险较高','建议尽快接受专业评估','COMPLETED','2023-09-17 09:20:00','2023-09-17 09:20:00','2023-09-17 09:20:00'),(1173,'2022010202','第2学期',16,12,'GAD7','GAD-7 焦虑筛查',2,'无或极轻','当前焦虑症状较少','建议保持稳定作息和运动','COMPLETED','2023-03-17 09:20:00','2023-03-17 09:20:00','2023-03-17 09:20:00'),(1174,'2022010202','第1学期',16,12,'GAD7','GAD-7 焦虑筛查',2,'无或极轻','当前焦虑症状较少','建议保持稳定作息和运动','COMPLETED','2022-09-17 09:20:00','2022-09-17 09:20:00','2022-09-17 09:20:00'),(1175,'2022010201','第8学期',16,12,'GAD7','GAD-7 焦虑筛查',2,'无或极轻','当前焦虑症状较少','建议保持稳定作息和运动','COMPLETED','2026-03-16 09:20:00','2026-03-16 09:20:00','2026-03-16 09:20:00'),(1176,'2022010201','第7学期',16,12,'GAD7','GAD-7 焦虑筛查',16,'重度','焦虑风险较高','建议尽快接受专业评估','COMPLETED','2025-09-16 09:20:00','2025-09-16 09:20:00','2025-09-16 09:20:00'),(1177,'2022010201','第6学期',16,12,'GAD7','GAD-7 焦虑筛查',2,'无或极轻','当前焦虑症状较少','建议保持稳定作息和运动','COMPLETED','2025-03-16 09:20:00','2025-03-16 09:20:00','2025-03-16 09:20:00'),(1178,'2022010201','第5学期',16,12,'GAD7','GAD-7 焦虑筛查',2,'无或极轻','当前焦虑症状较少','建议保持稳定作息和运动','COMPLETED','2024-09-16 09:20:00','2024-09-16 09:20:00','2024-09-16 09:20:00'),(1179,'2022010201','第4学期',16,12,'GAD7','GAD-7 焦虑筛查',16,'重度','焦虑风险较高','建议尽快接受专业评估','COMPLETED','2024-03-16 09:20:00','2024-03-16 09:20:00','2024-03-16 09:20:00'),(1180,'2022010201','第3学期',16,12,'GAD7','GAD-7 焦虑筛查',2,'无或极轻','当前焦虑症状较少','建议保持稳定作息和运动','COMPLETED','2023-09-16 09:20:00','2023-09-16 09:20:00','2023-09-16 09:20:00'),(1181,'2022010201','第2学期',16,12,'GAD7','GAD-7 焦虑筛查',2,'无或极轻','当前焦虑症状较少','建议保持稳定作息和运动','COMPLETED','2023-03-16 09:20:00','2023-03-16 09:20:00','2023-03-16 09:20:00'),(1182,'2022010201','第1学期',16,12,'GAD7','GAD-7 焦虑筛查',16,'重度','焦虑风险较高','建议尽快接受专业评估','COMPLETED','2022-09-16 09:20:00','2022-09-16 09:20:00','2022-09-16 09:20:00'),(1183,'2022010310','第8学期',16,12,'GAD7','GAD-7 焦虑筛查',16,'重度','焦虑风险较高','建议尽快接受专业评估','COMPLETED','2026-03-25 09:20:00','2026-03-25 09:20:00','2026-03-25 09:20:00'),(1184,'2022010310','第7学期',16,12,'GAD7','GAD-7 焦虑筛查',2,'无或极轻','当前焦虑症状较少','建议保持稳定作息和运动','COMPLETED','2025-09-25 09:20:00','2025-09-25 09:20:00','2025-09-25 09:20:00'),(1185,'2022010310','第6学期',16,12,'GAD7','GAD-7 焦虑筛查',16,'重度','焦虑风险较高','建议尽快接受专业评估','COMPLETED','2025-03-25 09:20:00','2025-03-25 09:20:00','2025-03-25 09:20:00'),(1186,'2022010310','第5学期',16,12,'GAD7','GAD-7 焦虑筛查',2,'无或极轻','当前焦虑症状较少','建议保持稳定作息和运动','COMPLETED','2024-09-25 09:20:00','2024-09-25 09:20:00','2024-09-25 09:20:00'),(1187,'2022010310','第4学期',16,12,'GAD7','GAD-7 焦虑筛查',2,'无或极轻','当前焦虑症状较少','建议保持稳定作息和运动','COMPLETED','2024-03-25 09:20:00','2024-03-25 09:20:00','2024-03-25 09:20:00'),(1188,'2022010310','第3学期',16,12,'GAD7','GAD-7 焦虑筛查',16,'重度','焦虑风险较高','建议尽快接受专业评估','COMPLETED','2023-09-25 09:20:00','2023-09-25 09:20:00','2023-09-25 09:20:00'),(1189,'2022010310','第2学期',16,12,'GAD7','GAD-7 焦虑筛查',2,'无或极轻','当前焦虑症状较少','建议保持稳定作息和运动','COMPLETED','2023-03-25 09:20:00','2023-03-25 09:20:00','2023-03-25 09:20:00'),(1190,'2022010310','第1学期',16,12,'GAD7','GAD-7 焦虑筛查',2,'无或极轻','当前焦虑症状较少','建议保持稳定作息和运动','COMPLETED','2022-09-25 09:20:00','2022-09-25 09:20:00','2022-09-25 09:20:00'),(1191,'2022010309','第8学期',16,12,'GAD7','GAD-7 焦虑筛查',2,'无或极轻','当前焦虑症状较少','建议保持稳定作息和运动','COMPLETED','2026-03-24 09:20:00','2026-03-24 09:20:00','2026-03-24 09:20:00'),(1192,'2022010309','第7学期',16,12,'GAD7','GAD-7 焦虑筛查',16,'重度','焦虑风险较高','建议尽快接受专业评估','COMPLETED','2025-09-24 09:20:00','2025-09-24 09:20:00','2025-09-24 09:20:00'),(1193,'2022010309','第6学期',16,12,'GAD7','GAD-7 焦虑筛查',2,'无或极轻','当前焦虑症状较少','建议保持稳定作息和运动','COMPLETED','2025-03-24 09:20:00','2025-03-24 09:20:00','2025-03-24 09:20:00'),(1194,'2022010309','第5学期',16,12,'GAD7','GAD-7 焦虑筛查',2,'无或极轻','当前焦虑症状较少','建议保持稳定作息和运动','COMPLETED','2024-09-24 09:20:00','2024-09-24 09:20:00','2024-09-24 09:20:00'),(1195,'2022010309','第4学期',16,12,'GAD7','GAD-7 焦虑筛查',16,'重度','焦虑风险较高','建议尽快接受专业评估','COMPLETED','2024-03-24 09:20:00','2024-03-24 09:20:00','2024-03-24 09:20:00'),(1196,'2022010309','第3学期',16,12,'GAD7','GAD-7 焦虑筛查',2,'无或极轻','当前焦虑症状较少','建议保持稳定作息和运动','COMPLETED','2023-09-24 09:20:00','2023-09-24 09:20:00','2023-09-24 09:20:00'),(1197,'2022010309','第2学期',16,12,'GAD7','GAD-7 焦虑筛查',2,'无或极轻','当前焦虑症状较少','建议保持稳定作息和运动','COMPLETED','2023-03-24 09:20:00','2023-03-24 09:20:00','2023-03-24 09:20:00'),(1198,'2022010309','第1学期',16,12,'GAD7','GAD-7 焦虑筛查',16,'重度','焦虑风险较高','建议尽快接受专业评估','COMPLETED','2022-09-24 09:20:00','2022-09-24 09:20:00','2022-09-24 09:20:00'),(1199,'2022010308','第8学期',16,12,'GAD7','GAD-7 焦虑筛查',16,'重度','焦虑风险较高','建议尽快接受专业评估','COMPLETED','2026-03-23 09:20:00','2026-03-23 09:20:00','2026-03-23 09:20:00'),(1200,'2022010308','第7学期',16,12,'GAD7','GAD-7 焦虑筛查',2,'无或极轻','当前焦虑症状较少','建议保持稳定作息和运动','COMPLETED','2025-09-23 09:20:00','2025-09-23 09:20:00','2025-09-23 09:20:00'),(1201,'2022010308','第6学期',16,12,'GAD7','GAD-7 焦虑筛查',2,'无或极轻','当前焦虑症状较少','建议保持稳定作息和运动','COMPLETED','2025-03-23 09:20:00','2025-03-23 09:20:00','2025-03-23 09:20:00'),(1202,'2022010308','第5学期',16,12,'GAD7','GAD-7 焦虑筛查',16,'重度','焦虑风险较高','建议尽快接受专业评估','COMPLETED','2024-09-23 09:20:00','2024-09-23 09:20:00','2024-09-23 09:20:00'),(1203,'2022010308','第4学期',16,12,'GAD7','GAD-7 焦虑筛查',2,'无或极轻','当前焦虑症状较少','建议保持稳定作息和运动','COMPLETED','2024-03-23 09:20:00','2024-03-23 09:20:00','2024-03-23 09:20:00'),(1204,'2022010308','第3学期',16,12,'GAD7','GAD-7 焦虑筛查',2,'无或极轻','当前焦虑症状较少','建议保持稳定作息和运动','COMPLETED','2023-09-23 09:20:00','2023-09-23 09:20:00','2023-09-23 09:20:00'),(1205,'2022010308','第2学期',16,12,'GAD7','GAD-7 焦虑筛查',16,'重度','焦虑风险较高','建议尽快接受专业评估','COMPLETED','2023-03-23 09:20:00','2023-03-23 09:20:00','2023-03-23 09:20:00'),(1206,'2022010308','第1学期',16,12,'GAD7','GAD-7 焦虑筛查',2,'无或极轻','当前焦虑症状较少','建议保持稳定作息和运动','COMPLETED','2022-09-23 09:20:00','2022-09-23 09:20:00','2022-09-23 09:20:00'),(1207,'2022010307','第8学期',16,12,'GAD7','GAD-7 焦虑筛查',16,'重度','焦虑风险较高','建议尽快接受专业评估','COMPLETED','2026-03-22 09:20:00','2026-03-22 09:20:00','2026-03-22 09:20:00'),(1208,'2022010307','第7学期',16,12,'GAD7','GAD-7 焦虑筛查',2,'无或极轻','当前焦虑症状较少','建议保持稳定作息和运动','COMPLETED','2025-09-22 09:20:00','2025-09-22 09:20:00','2025-09-22 09:20:00'),(1209,'2022010307','第6学期',16,12,'GAD7','GAD-7 焦虑筛查',16,'重度','焦虑风险较高','建议尽快接受专业评估','COMPLETED','2025-03-22 09:20:00','2025-03-22 09:20:00','2025-03-22 09:20:00'),(1210,'2022010307','第5学期',16,12,'GAD7','GAD-7 焦虑筛查',2,'无或极轻','当前焦虑症状较少','建议保持稳定作息和运动','COMPLETED','2024-09-22 09:20:00','2024-09-22 09:20:00','2024-09-22 09:20:00'),(1211,'2022010307','第4学期',16,12,'GAD7','GAD-7 焦虑筛查',2,'无或极轻','当前焦虑症状较少','建议保持稳定作息和运动','COMPLETED','2024-03-22 09:20:00','2024-03-22 09:20:00','2024-03-22 09:20:00'),(1212,'2022010307','第3学期',16,12,'GAD7','GAD-7 焦虑筛查',16,'重度','焦虑风险较高','建议尽快接受专业评估','COMPLETED','2023-09-22 09:20:00','2023-09-22 09:20:00','2023-09-22 09:20:00'),(1213,'2022010307','第2学期',16,12,'GAD7','GAD-7 焦虑筛查',2,'无或极轻','当前焦虑症状较少','建议保持稳定作息和运动','COMPLETED','2023-03-22 09:20:00','2023-03-22 09:20:00','2023-03-22 09:20:00'),(1214,'2022010307','第1学期',16,12,'GAD7','GAD-7 焦虑筛查',2,'无或极轻','当前焦虑症状较少','建议保持稳定作息和运动','COMPLETED','2022-09-22 09:20:00','2022-09-22 09:20:00','2022-09-22 09:20:00'),(1215,'2022010306','第8学期',16,12,'GAD7','GAD-7 焦虑筛查',2,'无或极轻','当前焦虑症状较少','建议保持稳定作息和运动','COMPLETED','2026-03-21 09:20:00','2026-03-21 09:20:00','2026-03-21 09:20:00'),(1216,'2022010306','第7学期',16,12,'GAD7','GAD-7 焦虑筛查',16,'重度','焦虑风险较高','建议尽快接受专业评估','COMPLETED','2025-09-21 09:20:00','2025-09-21 09:20:00','2025-09-21 09:20:00'),(1217,'2022010306','第6学期',16,12,'GAD7','GAD-7 焦虑筛查',2,'无或极轻','当前焦虑症状较少','建议保持稳定作息和运动','COMPLETED','2025-03-21 09:20:00','2025-03-21 09:20:00','2025-03-21 09:20:00'),(1218,'2022010306','第5学期',16,12,'GAD7','GAD-7 焦虑筛查',2,'无或极轻','当前焦虑症状较少','建议保持稳定作息和运动','COMPLETED','2024-09-21 09:20:00','2024-09-21 09:20:00','2024-09-21 09:20:00'),(1219,'2022010306','第4学期',16,12,'GAD7','GAD-7 焦虑筛查',16,'重度','焦虑风险较高','建议尽快接受专业评估','COMPLETED','2024-03-21 09:20:00','2024-03-21 09:20:00','2024-03-21 09:20:00'),(1220,'2022010306','第3学期',16,12,'GAD7','GAD-7 焦虑筛查',2,'无或极轻','当前焦虑症状较少','建议保持稳定作息和运动','COMPLETED','2023-09-21 09:20:00','2023-09-21 09:20:00','2023-09-21 09:20:00'),(1221,'2022010306','第2学期',16,12,'GAD7','GAD-7 焦虑筛查',2,'无或极轻','当前焦虑症状较少','建议保持稳定作息和运动','COMPLETED','2023-03-21 09:20:00','2023-03-21 09:20:00','2023-03-21 09:20:00'),(1222,'2022010306','第1学期',16,12,'GAD7','GAD-7 焦虑筛查',16,'重度','焦虑风险较高','建议尽快接受专业评估','COMPLETED','2022-09-21 09:20:00','2022-09-21 09:20:00','2022-09-21 09:20:00'),(1223,'2022010305','第8学期',16,12,'GAD7','GAD-7 焦虑筛查',16,'重度','焦虑风险较高','建议尽快接受专业评估','COMPLETED','2026-03-20 09:20:00','2026-03-20 09:20:00','2026-03-20 09:20:00'),(1224,'2022010305','第7学期',16,12,'GAD7','GAD-7 焦虑筛查',2,'无或极轻','当前焦虑症状较少','建议保持稳定作息和运动','COMPLETED','2025-09-20 09:20:00','2025-09-20 09:20:00','2025-09-20 09:20:00'),(1225,'2022010305','第6学期',16,12,'GAD7','GAD-7 焦虑筛查',2,'无或极轻','当前焦虑症状较少','建议保持稳定作息和运动','COMPLETED','2025-03-20 09:20:00','2025-03-20 09:20:00','2025-03-20 09:20:00'),(1226,'2022010305','第5学期',16,12,'GAD7','GAD-7 焦虑筛查',16,'重度','焦虑风险较高','建议尽快接受专业评估','COMPLETED','2024-09-20 09:20:00','2024-09-20 09:20:00','2024-09-20 09:20:00'),(1227,'2022010305','第4学期',16,12,'GAD7','GAD-7 焦虑筛查',2,'无或极轻','当前焦虑症状较少','建议保持稳定作息和运动','COMPLETED','2024-03-20 09:20:00','2024-03-20 09:20:00','2024-03-20 09:20:00'),(1228,'2022010305','第3学期',16,12,'GAD7','GAD-7 焦虑筛查',2,'无或极轻','当前焦虑症状较少','建议保持稳定作息和运动','COMPLETED','2023-09-20 09:20:00','2023-09-20 09:20:00','2023-09-20 09:20:00'),(1229,'2022010305','第2学期',16,12,'GAD7','GAD-7 焦虑筛查',16,'重度','焦虑风险较高','建议尽快接受专业评估','COMPLETED','2023-03-20 09:20:00','2023-03-20 09:20:00','2023-03-20 09:20:00'),(1230,'2022010305','第1学期',16,12,'GAD7','GAD-7 焦虑筛查',2,'无或极轻','当前焦虑症状较少','建议保持稳定作息和运动','COMPLETED','2022-09-20 09:20:00','2022-09-20 09:20:00','2022-09-20 09:20:00'),(1231,'2022010304','第8学期',16,12,'GAD7','GAD-7 焦虑筛查',16,'重度','焦虑风险较高','建议尽快接受专业评估','COMPLETED','2026-03-19 09:20:00','2026-03-19 09:20:00','2026-03-19 09:20:00'),(1232,'2022010304','第7学期',16,12,'GAD7','GAD-7 焦虑筛查',2,'无或极轻','当前焦虑症状较少','建议保持稳定作息和运动','COMPLETED','2025-09-19 09:20:00','2025-09-19 09:20:00','2025-09-19 09:20:00'),(1233,'2022010304','第6学期',16,12,'GAD7','GAD-7 焦虑筛查',16,'重度','焦虑风险较高','建议尽快接受专业评估','COMPLETED','2025-03-19 09:20:00','2025-03-19 09:20:00','2025-03-19 09:20:00'),(1234,'2022010304','第5学期',16,12,'GAD7','GAD-7 焦虑筛查',2,'无或极轻','当前焦虑症状较少','建议保持稳定作息和运动','COMPLETED','2024-09-19 09:20:00','2024-09-19 09:20:00','2024-09-19 09:20:00'),(1235,'2022010304','第4学期',16,12,'GAD7','GAD-7 焦虑筛查',2,'无或极轻','当前焦虑症状较少','建议保持稳定作息和运动','COMPLETED','2024-03-19 09:20:00','2024-03-19 09:20:00','2024-03-19 09:20:00'),(1236,'2022010304','第3学期',16,12,'GAD7','GAD-7 焦虑筛查',16,'重度','焦虑风险较高','建议尽快接受专业评估','COMPLETED','2023-09-19 09:20:00','2023-09-19 09:20:00','2023-09-19 09:20:00'),(1237,'2022010304','第2学期',16,12,'GAD7','GAD-7 焦虑筛查',2,'无或极轻','当前焦虑症状较少','建议保持稳定作息和运动','COMPLETED','2023-03-19 09:20:00','2023-03-19 09:20:00','2023-03-19 09:20:00'),(1238,'2022010304','第1学期',16,12,'GAD7','GAD-7 焦虑筛查',2,'无或极轻','当前焦虑症状较少','建议保持稳定作息和运动','COMPLETED','2022-09-19 09:20:00','2022-09-19 09:20:00','2022-09-19 09:20:00'),(1239,'2022010303','第8学期',16,12,'GAD7','GAD-7 焦虑筛查',2,'无或极轻','当前焦虑症状较少','建议保持稳定作息和运动','COMPLETED','2026-03-18 09:20:00','2026-03-18 09:20:00','2026-03-18 09:20:00'),(1240,'2022010303','第7学期',16,12,'GAD7','GAD-7 焦虑筛查',16,'重度','焦虑风险较高','建议尽快接受专业评估','COMPLETED','2025-09-18 09:20:00','2025-09-18 09:20:00','2025-09-18 09:20:00'),(1241,'2022010303','第6学期',16,12,'GAD7','GAD-7 焦虑筛查',2,'无或极轻','当前焦虑症状较少','建议保持稳定作息和运动','COMPLETED','2025-03-18 09:20:00','2025-03-18 09:20:00','2025-03-18 09:20:00'),(1242,'2022010303','第5学期',16,12,'GAD7','GAD-7 焦虑筛查',2,'无或极轻','当前焦虑症状较少','建议保持稳定作息和运动','COMPLETED','2024-09-18 09:20:00','2024-09-18 09:20:00','2024-09-18 09:20:00'),(1243,'2022010303','第4学期',16,12,'GAD7','GAD-7 焦虑筛查',16,'重度','焦虑风险较高','建议尽快接受专业评估','COMPLETED','2024-03-18 09:20:00','2024-03-18 09:20:00','2024-03-18 09:20:00'),(1244,'2022010303','第3学期',16,12,'GAD7','GAD-7 焦虑筛查',2,'无或极轻','当前焦虑症状较少','建议保持稳定作息和运动','COMPLETED','2023-09-18 09:20:00','2023-09-18 09:20:00','2023-09-18 09:20:00'),(1245,'2022010303','第2学期',16,12,'GAD7','GAD-7 焦虑筛查',2,'无或极轻','当前焦虑症状较少','建议保持稳定作息和运动','COMPLETED','2023-03-18 09:20:00','2023-03-18 09:20:00','2023-03-18 09:20:00'),(1246,'2022010303','第1学期',16,12,'GAD7','GAD-7 焦虑筛查',16,'重度','焦虑风险较高','建议尽快接受专业评估','COMPLETED','2022-09-18 09:20:00','2022-09-18 09:20:00','2022-09-18 09:20:00'),(1247,'2022010302','第8学期',16,12,'GAD7','GAD-7 焦虑筛查',16,'重度','焦虑风险较高','建议尽快接受专业评估','COMPLETED','2026-03-17 09:20:00','2026-03-17 09:20:00','2026-03-17 09:20:00'),(1248,'2022010302','第7学期',16,12,'GAD7','GAD-7 焦虑筛查',2,'无或极轻','当前焦虑症状较少','建议保持稳定作息和运动','COMPLETED','2025-09-17 09:20:00','2025-09-17 09:20:00','2025-09-17 09:20:00'),(1249,'2022010302','第6学期',16,12,'GAD7','GAD-7 焦虑筛查',2,'无或极轻','当前焦虑症状较少','建议保持稳定作息和运动','COMPLETED','2025-03-17 09:20:00','2025-03-17 09:20:00','2025-03-17 09:20:00'),(1250,'2022010302','第5学期',16,12,'GAD7','GAD-7 焦虑筛查',16,'重度','焦虑风险较高','建议尽快接受专业评估','COMPLETED','2024-09-17 09:20:00','2024-09-17 09:20:00','2024-09-17 09:20:00'),(1251,'2022010302','第4学期',16,12,'GAD7','GAD-7 焦虑筛查',2,'无或极轻','当前焦虑症状较少','建议保持稳定作息和运动','COMPLETED','2024-03-17 09:20:00','2024-03-17 09:20:00','2024-03-17 09:20:00'),(1252,'2022010302','第3学期',16,12,'GAD7','GAD-7 焦虑筛查',2,'无或极轻','当前焦虑症状较少','建议保持稳定作息和运动','COMPLETED','2023-09-17 09:20:00','2023-09-17 09:20:00','2023-09-17 09:20:00'),(1253,'2022010302','第2学期',16,12,'GAD7','GAD-7 焦虑筛查',16,'重度','焦虑风险较高','建议尽快接受专业评估','COMPLETED','2023-03-17 09:20:00','2023-03-17 09:20:00','2023-03-17 09:20:00'),(1254,'2022010302','第1学期',16,12,'GAD7','GAD-7 焦虑筛查',2,'无或极轻','当前焦虑症状较少','建议保持稳定作息和运动','COMPLETED','2022-09-17 09:20:00','2022-09-17 09:20:00','2022-09-17 09:20:00'),(1255,'2022010301','第8学期',16,12,'GAD7','GAD-7 焦虑筛查',16,'重度','焦虑风险较高','建议尽快接受专业评估','COMPLETED','2026-03-16 09:20:00','2026-03-16 09:20:00','2026-03-16 09:20:00'),(1256,'2022010301','第7学期',16,12,'GAD7','GAD-7 焦虑筛查',2,'无或极轻','当前焦虑症状较少','建议保持稳定作息和运动','COMPLETED','2025-09-16 09:20:00','2025-09-16 09:20:00','2025-09-16 09:20:00'),(1257,'2022010301','第6学期',16,12,'GAD7','GAD-7 焦虑筛查',16,'重度','焦虑风险较高','建议尽快接受专业评估','COMPLETED','2025-03-16 09:20:00','2025-03-16 09:20:00','2025-03-16 09:20:00'),(1258,'2022010301','第5学期',16,12,'GAD7','GAD-7 焦虑筛查',2,'无或极轻','当前焦虑症状较少','建议保持稳定作息和运动','COMPLETED','2024-09-16 09:20:00','2024-09-16 09:20:00','2024-09-16 09:20:00'),(1259,'2022010301','第4学期',16,12,'GAD7','GAD-7 焦虑筛查',2,'无或极轻','当前焦虑症状较少','建议保持稳定作息和运动','COMPLETED','2024-03-16 09:20:00','2024-03-16 09:20:00','2024-03-16 09:20:00'),(1260,'2022010301','第3学期',16,12,'GAD7','GAD-7 焦虑筛查',16,'重度','焦虑风险较高','建议尽快接受专业评估','COMPLETED','2023-09-16 09:20:00','2023-09-16 09:20:00','2023-09-16 09:20:00'),(1261,'2022010301','第2学期',16,12,'GAD7','GAD-7 焦虑筛查',2,'无或极轻','当前焦虑症状较少','建议保持稳定作息和运动','COMPLETED','2023-03-16 09:20:00','2023-03-16 09:20:00','2023-03-16 09:20:00'),(1262,'2022010301','第1学期',16,12,'GAD7','GAD-7 焦虑筛查',2,'无或极轻','当前焦虑症状较少','建议保持稳定作息和运动','COMPLETED','2022-09-16 09:20:00','2022-09-16 09:20:00','2022-09-16 09:20:00'),(1263,'2022010410','第8学期',16,12,'GAD7','GAD-7 焦虑筛查',16,'重度','焦虑风险较高','建议尽快接受专业评估','COMPLETED','2026-03-25 09:20:00','2026-03-25 09:20:00','2026-03-25 09:20:00'),(1264,'2022010410','第7学期',16,12,'GAD7','GAD-7 焦虑筛查',2,'无或极轻','当前焦虑症状较少','建议保持稳定作息和运动','COMPLETED','2025-09-25 09:20:00','2025-09-25 09:20:00','2025-09-25 09:20:00'),(1265,'2022010410','第6学期',16,12,'GAD7','GAD-7 焦虑筛查',2,'无或极轻','当前焦虑症状较少','建议保持稳定作息和运动','COMPLETED','2025-03-25 09:20:00','2025-03-25 09:20:00','2025-03-25 09:20:00'),(1266,'2022010410','第5学期',16,12,'GAD7','GAD-7 焦虑筛查',16,'重度','焦虑风险较高','建议尽快接受专业评估','COMPLETED','2024-09-25 09:20:00','2024-09-25 09:20:00','2024-09-25 09:20:00'),(1267,'2022010410','第4学期',16,12,'GAD7','GAD-7 焦虑筛查',2,'无或极轻','当前焦虑症状较少','建议保持稳定作息和运动','COMPLETED','2024-03-25 09:20:00','2024-03-25 09:20:00','2024-03-25 09:20:00'),(1268,'2022010410','第3学期',16,12,'GAD7','GAD-7 焦虑筛查',2,'无或极轻','当前焦虑症状较少','建议保持稳定作息和运动','COMPLETED','2023-09-25 09:20:00','2023-09-25 09:20:00','2023-09-25 09:20:00'),(1269,'2022010410','第2学期',16,12,'GAD7','GAD-7 焦虑筛查',16,'重度','焦虑风险较高','建议尽快接受专业评估','COMPLETED','2023-03-25 09:20:00','2023-03-25 09:20:00','2023-03-25 09:20:00'),(1270,'2022010410','第1学期',16,12,'GAD7','GAD-7 焦虑筛查',2,'无或极轻','当前焦虑症状较少','建议保持稳定作息和运动','COMPLETED','2022-09-25 09:20:00','2022-09-25 09:20:00','2022-09-25 09:20:00'),(1271,'2022010409','第8学期',16,12,'GAD7','GAD-7 焦虑筛查',16,'重度','焦虑风险较高','建议尽快接受专业评估','COMPLETED','2026-03-24 09:20:00','2026-03-24 09:20:00','2026-03-24 09:20:00'),(1272,'2022010409','第7学期',16,12,'GAD7','GAD-7 焦虑筛查',2,'无或极轻','当前焦虑症状较少','建议保持稳定作息和运动','COMPLETED','2025-09-24 09:20:00','2025-09-24 09:20:00','2025-09-24 09:20:00'),(1273,'2022010409','第6学期',16,12,'GAD7','GAD-7 焦虑筛查',16,'重度','焦虑风险较高','建议尽快接受专业评估','COMPLETED','2025-03-24 09:20:00','2025-03-24 09:20:00','2025-03-24 09:20:00'),(1274,'2022010409','第5学期',16,12,'GAD7','GAD-7 焦虑筛查',2,'无或极轻','当前焦虑症状较少','建议保持稳定作息和运动','COMPLETED','2024-09-24 09:20:00','2024-09-24 09:20:00','2024-09-24 09:20:00'),(1275,'2022010409','第4学期',16,12,'GAD7','GAD-7 焦虑筛查',2,'无或极轻','当前焦虑症状较少','建议保持稳定作息和运动','COMPLETED','2024-03-24 09:20:00','2024-03-24 09:20:00','2024-03-24 09:20:00'),(1276,'2022010409','第3学期',16,12,'GAD7','GAD-7 焦虑筛查',16,'重度','焦虑风险较高','建议尽快接受专业评估','COMPLETED','2023-09-24 09:20:00','2023-09-24 09:20:00','2023-09-24 09:20:00'),(1277,'2022010409','第2学期',16,12,'GAD7','GAD-7 焦虑筛查',2,'无或极轻','当前焦虑症状较少','建议保持稳定作息和运动','COMPLETED','2023-03-24 09:20:00','2023-03-24 09:20:00','2023-03-24 09:20:00'),(1278,'2022010409','第1学期',16,12,'GAD7','GAD-7 焦虑筛查',2,'无或极轻','当前焦虑症状较少','建议保持稳定作息和运动','COMPLETED','2022-09-24 09:20:00','2022-09-24 09:20:00','2022-09-24 09:20:00'),(1279,'2022010408','第8学期',16,12,'GAD7','GAD-7 焦虑筛查',2,'无或极轻','当前焦虑症状较少','建议保持稳定作息和运动','COMPLETED','2026-03-23 09:20:00','2026-03-23 09:20:00','2026-03-23 09:20:00'),(1280,'2022010408','第7学期',16,12,'GAD7','GAD-7 焦虑筛查',16,'重度','焦虑风险较高','建议尽快接受专业评估','COMPLETED','2025-09-23 09:20:00','2025-09-23 09:20:00','2025-09-23 09:20:00'),(1281,'2022010408','第6学期',16,12,'GAD7','GAD-7 焦虑筛查',2,'无或极轻','当前焦虑症状较少','建议保持稳定作息和运动','COMPLETED','2025-03-23 09:20:00','2025-03-23 09:20:00','2025-03-23 09:20:00'),(1282,'2022010408','第5学期',16,12,'GAD7','GAD-7 焦虑筛查',2,'无或极轻','当前焦虑症状较少','建议保持稳定作息和运动','COMPLETED','2024-09-23 09:20:00','2024-09-23 09:20:00','2024-09-23 09:20:00'),(1283,'2022010408','第4学期',16,12,'GAD7','GAD-7 焦虑筛查',16,'重度','焦虑风险较高','建议尽快接受专业评估','COMPLETED','2024-03-23 09:20:00','2024-03-23 09:20:00','2024-03-23 09:20:00'),(1284,'2022010408','第3学期',16,12,'GAD7','GAD-7 焦虑筛查',2,'无或极轻','当前焦虑症状较少','建议保持稳定作息和运动','COMPLETED','2023-09-23 09:20:00','2023-09-23 09:20:00','2023-09-23 09:20:00'),(1285,'2022010408','第2学期',16,12,'GAD7','GAD-7 焦虑筛查',2,'无或极轻','当前焦虑症状较少','建议保持稳定作息和运动','COMPLETED','2023-03-23 09:20:00','2023-03-23 09:20:00','2023-03-23 09:20:00'),(1286,'2022010408','第1学期',16,12,'GAD7','GAD-7 焦虑筛查',16,'重度','焦虑风险较高','建议尽快接受专业评估','COMPLETED','2022-09-23 09:20:00','2022-09-23 09:20:00','2022-09-23 09:20:00'),(1287,'2022010407','第8学期',16,12,'GAD7','GAD-7 焦虑筛查',16,'重度','焦虑风险较高','建议尽快接受专业评估','COMPLETED','2026-03-22 09:20:00','2026-03-22 09:20:00','2026-03-22 09:20:00'),(1288,'2022010407','第7学期',16,12,'GAD7','GAD-7 焦虑筛查',2,'无或极轻','当前焦虑症状较少','建议保持稳定作息和运动','COMPLETED','2025-09-22 09:20:00','2025-09-22 09:20:00','2025-09-22 09:20:00'),(1289,'2022010407','第6学期',16,12,'GAD7','GAD-7 焦虑筛查',2,'无或极轻','当前焦虑症状较少','建议保持稳定作息和运动','COMPLETED','2025-03-22 09:20:00','2025-03-22 09:20:00','2025-03-22 09:20:00'),(1290,'2022010407','第5学期',16,12,'GAD7','GAD-7 焦虑筛查',16,'重度','焦虑风险较高','建议尽快接受专业评估','COMPLETED','2024-09-22 09:20:00','2024-09-22 09:20:00','2024-09-22 09:20:00'),(1291,'2022010407','第4学期',16,12,'GAD7','GAD-7 焦虑筛查',2,'无或极轻','当前焦虑症状较少','建议保持稳定作息和运动','COMPLETED','2024-03-22 09:20:00','2024-03-22 09:20:00','2024-03-22 09:20:00'),(1292,'2022010407','第3学期',16,12,'GAD7','GAD-7 焦虑筛查',2,'无或极轻','当前焦虑症状较少','建议保持稳定作息和运动','COMPLETED','2023-09-22 09:20:00','2023-09-22 09:20:00','2023-09-22 09:20:00'),(1293,'2022010407','第2学期',16,12,'GAD7','GAD-7 焦虑筛查',16,'重度','焦虑风险较高','建议尽快接受专业评估','COMPLETED','2023-03-22 09:20:00','2023-03-22 09:20:00','2023-03-22 09:20:00'),(1294,'2022010407','第1学期',16,12,'GAD7','GAD-7 焦虑筛查',2,'无或极轻','当前焦虑症状较少','建议保持稳定作息和运动','COMPLETED','2022-09-22 09:20:00','2022-09-22 09:20:00','2022-09-22 09:20:00'),(1295,'2022010406','第8学期',16,12,'GAD7','GAD-7 焦虑筛查',16,'重度','焦虑风险较高','建议尽快接受专业评估','COMPLETED','2026-03-21 09:20:00','2026-03-21 09:20:00','2026-03-21 09:20:00'),(1296,'2022010406','第7学期',16,12,'GAD7','GAD-7 焦虑筛查',2,'无或极轻','当前焦虑症状较少','建议保持稳定作息和运动','COMPLETED','2025-09-21 09:20:00','2025-09-21 09:20:00','2025-09-21 09:20:00'),(1297,'2022010406','第6学期',16,12,'GAD7','GAD-7 焦虑筛查',16,'重度','焦虑风险较高','建议尽快接受专业评估','COMPLETED','2025-03-21 09:20:00','2025-03-21 09:20:00','2025-03-21 09:20:00'),(1298,'2022010406','第5学期',16,12,'GAD7','GAD-7 焦虑筛查',2,'无或极轻','当前焦虑症状较少','建议保持稳定作息和运动','COMPLETED','2024-09-21 09:20:00','2024-09-21 09:20:00','2024-09-21 09:20:00'),(1299,'2022010406','第4学期',16,12,'GAD7','GAD-7 焦虑筛查',2,'无或极轻','当前焦虑症状较少','建议保持稳定作息和运动','COMPLETED','2024-03-21 09:20:00','2024-03-21 09:20:00','2024-03-21 09:20:00'),(1300,'2022010406','第3学期',16,12,'GAD7','GAD-7 焦虑筛查',16,'重度','焦虑风险较高','建议尽快接受专业评估','COMPLETED','2023-09-21 09:20:00','2023-09-21 09:20:00','2023-09-21 09:20:00'),(1301,'2022010406','第2学期',16,12,'GAD7','GAD-7 焦虑筛查',2,'无或极轻','当前焦虑症状较少','建议保持稳定作息和运动','COMPLETED','2023-03-21 09:20:00','2023-03-21 09:20:00','2023-03-21 09:20:00'),(1302,'2022010406','第1学期',16,12,'GAD7','GAD-7 焦虑筛查',2,'无或极轻','当前焦虑症状较少','建议保持稳定作息和运动','COMPLETED','2022-09-21 09:20:00','2022-09-21 09:20:00','2022-09-21 09:20:00'),(1303,'2022010405','第8学期',16,12,'GAD7','GAD-7 焦虑筛查',2,'无或极轻','当前焦虑症状较少','建议保持稳定作息和运动','COMPLETED','2026-03-20 09:20:00','2026-03-20 09:20:00','2026-03-20 09:20:00'),(1304,'2022010405','第7学期',16,12,'GAD7','GAD-7 焦虑筛查',16,'重度','焦虑风险较高','建议尽快接受专业评估','COMPLETED','2025-09-20 09:20:00','2025-09-20 09:20:00','2025-09-20 09:20:00'),(1305,'2022010405','第6学期',16,12,'GAD7','GAD-7 焦虑筛查',2,'无或极轻','当前焦虑症状较少','建议保持稳定作息和运动','COMPLETED','2025-03-20 09:20:00','2025-03-20 09:20:00','2025-03-20 09:20:00'),(1306,'2022010405','第5学期',16,12,'GAD7','GAD-7 焦虑筛查',2,'无或极轻','当前焦虑症状较少','建议保持稳定作息和运动','COMPLETED','2024-09-20 09:20:00','2024-09-20 09:20:00','2024-09-20 09:20:00'),(1307,'2022010405','第4学期',16,12,'GAD7','GAD-7 焦虑筛查',16,'重度','焦虑风险较高','建议尽快接受专业评估','COMPLETED','2024-03-20 09:20:00','2024-03-20 09:20:00','2024-03-20 09:20:00'),(1308,'2022010405','第3学期',16,12,'GAD7','GAD-7 焦虑筛查',2,'无或极轻','当前焦虑症状较少','建议保持稳定作息和运动','COMPLETED','2023-09-20 09:20:00','2023-09-20 09:20:00','2023-09-20 09:20:00'),(1309,'2022010405','第2学期',16,12,'GAD7','GAD-7 焦虑筛查',2,'无或极轻','当前焦虑症状较少','建议保持稳定作息和运动','COMPLETED','2023-03-20 09:20:00','2023-03-20 09:20:00','2023-03-20 09:20:00'),(1310,'2022010405','第1学期',16,12,'GAD7','GAD-7 焦虑筛查',16,'重度','焦虑风险较高','建议尽快接受专业评估','COMPLETED','2022-09-20 09:20:00','2022-09-20 09:20:00','2022-09-20 09:20:00'),(1311,'2022010404','第8学期',16,12,'GAD7','GAD-7 焦虑筛查',16,'重度','焦虑风险较高','建议尽快接受专业评估','COMPLETED','2026-03-19 09:20:00','2026-03-19 09:20:00','2026-03-19 09:20:00'),(1312,'2022010404','第7学期',16,12,'GAD7','GAD-7 焦虑筛查',2,'无或极轻','当前焦虑症状较少','建议保持稳定作息和运动','COMPLETED','2025-09-19 09:20:00','2025-09-19 09:20:00','2025-09-19 09:20:00'),(1313,'2022010404','第6学期',16,12,'GAD7','GAD-7 焦虑筛查',2,'无或极轻','当前焦虑症状较少','建议保持稳定作息和运动','COMPLETED','2025-03-19 09:20:00','2025-03-19 09:20:00','2025-03-19 09:20:00'),(1314,'2022010404','第5学期',16,12,'GAD7','GAD-7 焦虑筛查',16,'重度','焦虑风险较高','建议尽快接受专业评估','COMPLETED','2024-09-19 09:20:00','2024-09-19 09:20:00','2024-09-19 09:20:00'),(1315,'2022010404','第4学期',16,12,'GAD7','GAD-7 焦虑筛查',2,'无或极轻','当前焦虑症状较少','建议保持稳定作息和运动','COMPLETED','2024-03-19 09:20:00','2024-03-19 09:20:00','2024-03-19 09:20:00'),(1316,'2022010404','第3学期',16,12,'GAD7','GAD-7 焦虑筛查',2,'无或极轻','当前焦虑症状较少','建议保持稳定作息和运动','COMPLETED','2023-09-19 09:20:00','2023-09-19 09:20:00','2023-09-19 09:20:00'),(1317,'2022010404','第2学期',16,12,'GAD7','GAD-7 焦虑筛查',16,'重度','焦虑风险较高','建议尽快接受专业评估','COMPLETED','2023-03-19 09:20:00','2023-03-19 09:20:00','2023-03-19 09:20:00'),(1318,'2022010404','第1学期',16,12,'GAD7','GAD-7 焦虑筛查',2,'无或极轻','当前焦虑症状较少','建议保持稳定作息和运动','COMPLETED','2022-09-19 09:20:00','2022-09-19 09:20:00','2022-09-19 09:20:00'),(1319,'2022010403','第8学期',16,12,'GAD7','GAD-7 焦虑筛查',16,'重度','焦虑风险较高','建议尽快接受专业评估','COMPLETED','2026-03-18 09:20:00','2026-03-18 09:20:00','2026-03-18 09:20:00'),(1320,'2022010403','第7学期',16,12,'GAD7','GAD-7 焦虑筛查',2,'无或极轻','当前焦虑症状较少','建议保持稳定作息和运动','COMPLETED','2025-09-18 09:20:00','2025-09-18 09:20:00','2025-09-18 09:20:00'),(1321,'2022010403','第6学期',16,12,'GAD7','GAD-7 焦虑筛查',16,'重度','焦虑风险较高','建议尽快接受专业评估','COMPLETED','2025-03-18 09:20:00','2025-03-18 09:20:00','2025-03-18 09:20:00'),(1322,'2022010403','第5学期',16,12,'GAD7','GAD-7 焦虑筛查',2,'无或极轻','当前焦虑症状较少','建议保持稳定作息和运动','COMPLETED','2024-09-18 09:20:00','2024-09-18 09:20:00','2024-09-18 09:20:00'),(1323,'2022010403','第4学期',16,12,'GAD7','GAD-7 焦虑筛查',2,'无或极轻','当前焦虑症状较少','建议保持稳定作息和运动','COMPLETED','2024-03-18 09:20:00','2024-03-18 09:20:00','2024-03-18 09:20:00'),(1324,'2022010403','第3学期',16,12,'GAD7','GAD-7 焦虑筛查',16,'重度','焦虑风险较高','建议尽快接受专业评估','COMPLETED','2023-09-18 09:20:00','2023-09-18 09:20:00','2023-09-18 09:20:00'),(1325,'2022010403','第2学期',16,12,'GAD7','GAD-7 焦虑筛查',2,'无或极轻','当前焦虑症状较少','建议保持稳定作息和运动','COMPLETED','2023-03-18 09:20:00','2023-03-18 09:20:00','2023-03-18 09:20:00'),(1326,'2022010403','第1学期',16,12,'GAD7','GAD-7 焦虑筛查',2,'无或极轻','当前焦虑症状较少','建议保持稳定作息和运动','COMPLETED','2022-09-18 09:20:00','2022-09-18 09:20:00','2022-09-18 09:20:00'),(1327,'2022010402','第8学期',16,12,'GAD7','GAD-7 焦虑筛查',2,'无或极轻','当前焦虑症状较少','建议保持稳定作息和运动','COMPLETED','2026-03-17 09:20:00','2026-03-17 09:20:00','2026-03-17 09:20:00'),(1328,'2022010402','第7学期',16,12,'GAD7','GAD-7 焦虑筛查',16,'重度','焦虑风险较高','建议尽快接受专业评估','COMPLETED','2025-09-17 09:20:00','2025-09-17 09:20:00','2025-09-17 09:20:00'),(1329,'2022010402','第6学期',16,12,'GAD7','GAD-7 焦虑筛查',2,'无或极轻','当前焦虑症状较少','建议保持稳定作息和运动','COMPLETED','2025-03-17 09:20:00','2025-03-17 09:20:00','2025-03-17 09:20:00'),(1330,'2022010402','第5学期',16,12,'GAD7','GAD-7 焦虑筛查',2,'无或极轻','当前焦虑症状较少','建议保持稳定作息和运动','COMPLETED','2024-09-17 09:20:00','2024-09-17 09:20:00','2024-09-17 09:20:00'),(1331,'2022010402','第4学期',16,12,'GAD7','GAD-7 焦虑筛查',16,'重度','焦虑风险较高','建议尽快接受专业评估','COMPLETED','2024-03-17 09:20:00','2024-03-17 09:20:00','2024-03-17 09:20:00'),(1332,'2022010402','第3学期',16,12,'GAD7','GAD-7 焦虑筛查',2,'无或极轻','当前焦虑症状较少','建议保持稳定作息和运动','COMPLETED','2023-09-17 09:20:00','2023-09-17 09:20:00','2023-09-17 09:20:00'),(1333,'2022010402','第2学期',16,12,'GAD7','GAD-7 焦虑筛查',2,'无或极轻','当前焦虑症状较少','建议保持稳定作息和运动','COMPLETED','2023-03-17 09:20:00','2023-03-17 09:20:00','2023-03-17 09:20:00'),(1334,'2022010402','第1学期',16,12,'GAD7','GAD-7 焦虑筛查',16,'重度','焦虑风险较高','建议尽快接受专业评估','COMPLETED','2022-09-17 09:20:00','2022-09-17 09:20:00','2022-09-17 09:20:00'),(1335,'2022010401','第8学期',16,12,'GAD7','GAD-7 焦虑筛查',16,'重度','焦虑风险较高','建议尽快接受专业评估','COMPLETED','2026-03-16 09:20:00','2026-03-16 09:20:00','2026-03-16 09:20:00'),(1336,'2022010401','第7学期',16,12,'GAD7','GAD-7 焦虑筛查',2,'无或极轻','当前焦虑症状较少','建议保持稳定作息和运动','COMPLETED','2025-09-16 09:20:00','2025-09-16 09:20:00','2025-09-16 09:20:00'),(1337,'2022010401','第6学期',16,12,'GAD7','GAD-7 焦虑筛查',2,'无或极轻','当前焦虑症状较少','建议保持稳定作息和运动','COMPLETED','2025-03-16 09:20:00','2025-03-16 09:20:00','2025-03-16 09:20:00'),(1338,'2022010401','第5学期',16,12,'GAD7','GAD-7 焦虑筛查',16,'重度','焦虑风险较高','建议尽快接受专业评估','COMPLETED','2024-09-16 09:20:00','2024-09-16 09:20:00','2024-09-16 09:20:00'),(1339,'2022010401','第4学期',16,12,'GAD7','GAD-7 焦虑筛查',2,'无或极轻','当前焦虑症状较少','建议保持稳定作息和运动','COMPLETED','2024-03-16 09:20:00','2024-03-16 09:20:00','2024-03-16 09:20:00'),(1340,'2022010401','第3学期',16,12,'GAD7','GAD-7 焦虑筛查',2,'无或极轻','当前焦虑症状较少','建议保持稳定作息和运动','COMPLETED','2023-09-16 09:20:00','2023-09-16 09:20:00','2023-09-16 09:20:00'),(1341,'2022010401','第2学期',16,12,'GAD7','GAD-7 焦虑筛查',16,'重度','焦虑风险较高','建议尽快接受专业评估','COMPLETED','2023-03-16 09:20:00','2023-03-16 09:20:00','2023-03-16 09:20:00'),(1342,'2022010401','第1学期',16,12,'GAD7','GAD-7 焦虑筛查',2,'无或极轻','当前焦虑症状较少','建议保持稳定作息和运动','COMPLETED','2022-09-16 09:20:00','2022-09-16 09:20:00','2022-09-16 09:20:00'),(1343,'2022010510','第8学期',16,12,'GAD7','GAD-7 焦虑筛查',2,'无或极轻','当前焦虑症状较少','建议保持稳定作息和运动','COMPLETED','2026-03-25 09:20:00','2026-03-25 09:20:00','2026-03-25 09:20:00'),(1344,'2022010510','第7学期',16,12,'GAD7','GAD-7 焦虑筛查',16,'重度','焦虑风险较高','建议尽快接受专业评估','COMPLETED','2025-09-25 09:20:00','2025-09-25 09:20:00','2025-09-25 09:20:00'),(1345,'2022010510','第6学期',16,12,'GAD7','GAD-7 焦虑筛查',2,'无或极轻','当前焦虑症状较少','建议保持稳定作息和运动','COMPLETED','2025-03-25 09:20:00','2025-03-25 09:20:00','2025-03-25 09:20:00'),(1346,'2022010510','第5学期',16,12,'GAD7','GAD-7 焦虑筛查',2,'无或极轻','当前焦虑症状较少','建议保持稳定作息和运动','COMPLETED','2024-09-25 09:20:00','2024-09-25 09:20:00','2024-09-25 09:20:00'),(1347,'2022010510','第4学期',16,12,'GAD7','GAD-7 焦虑筛查',16,'重度','焦虑风险较高','建议尽快接受专业评估','COMPLETED','2024-03-25 09:20:00','2024-03-25 09:20:00','2024-03-25 09:20:00'),(1348,'2022010510','第3学期',16,12,'GAD7','GAD-7 焦虑筛查',2,'无或极轻','当前焦虑症状较少','建议保持稳定作息和运动','COMPLETED','2023-09-25 09:20:00','2023-09-25 09:20:00','2023-09-25 09:20:00'),(1349,'2022010510','第2学期',16,12,'GAD7','GAD-7 焦虑筛查',2,'无或极轻','当前焦虑症状较少','建议保持稳定作息和运动','COMPLETED','2023-03-25 09:20:00','2023-03-25 09:20:00','2023-03-25 09:20:00'),(1350,'2022010510','第1学期',16,12,'GAD7','GAD-7 焦虑筛查',16,'重度','焦虑风险较高','建议尽快接受专业评估','COMPLETED','2022-09-25 09:20:00','2022-09-25 09:20:00','2022-09-25 09:20:00'),(1351,'2022010509','第8学期',16,12,'GAD7','GAD-7 焦虑筛查',16,'重度','焦虑风险较高','建议尽快接受专业评估','COMPLETED','2026-03-24 09:20:00','2026-03-24 09:20:00','2026-03-24 09:20:00'),(1352,'2022010509','第7学期',16,12,'GAD7','GAD-7 焦虑筛查',2,'无或极轻','当前焦虑症状较少','建议保持稳定作息和运动','COMPLETED','2025-09-24 09:20:00','2025-09-24 09:20:00','2025-09-24 09:20:00'),(1353,'2022010509','第6学期',16,12,'GAD7','GAD-7 焦虑筛查',2,'无或极轻','当前焦虑症状较少','建议保持稳定作息和运动','COMPLETED','2025-03-24 09:20:00','2025-03-24 09:20:00','2025-03-24 09:20:00'),(1354,'2022010509','第5学期',16,12,'GAD7','GAD-7 焦虑筛查',16,'重度','焦虑风险较高','建议尽快接受专业评估','COMPLETED','2024-09-24 09:20:00','2024-09-24 09:20:00','2024-09-24 09:20:00'),(1355,'2022010509','第4学期',16,12,'GAD7','GAD-7 焦虑筛查',2,'无或极轻','当前焦虑症状较少','建议保持稳定作息和运动','COMPLETED','2024-03-24 09:20:00','2024-03-24 09:20:00','2024-03-24 09:20:00'),(1356,'2022010509','第3学期',16,12,'GAD7','GAD-7 焦虑筛查',2,'无或极轻','当前焦虑症状较少','建议保持稳定作息和运动','COMPLETED','2023-09-24 09:20:00','2023-09-24 09:20:00','2023-09-24 09:20:00'),(1357,'2022010509','第2学期',16,12,'GAD7','GAD-7 焦虑筛查',16,'重度','焦虑风险较高','建议尽快接受专业评估','COMPLETED','2023-03-24 09:20:00','2023-03-24 09:20:00','2023-03-24 09:20:00'),(1358,'2022010509','第1学期',16,12,'GAD7','GAD-7 焦虑筛查',2,'无或极轻','当前焦虑症状较少','建议保持稳定作息和运动','COMPLETED','2022-09-24 09:20:00','2022-09-24 09:20:00','2022-09-24 09:20:00'),(1359,'2022010508','第8学期',16,12,'GAD7','GAD-7 焦虑筛查',16,'重度','焦虑风险较高','建议尽快接受专业评估','COMPLETED','2026-03-23 09:20:00','2026-03-23 09:20:00','2026-03-23 09:20:00'),(1360,'2022010508','第7学期',16,12,'GAD7','GAD-7 焦虑筛查',2,'无或极轻','当前焦虑症状较少','建议保持稳定作息和运动','COMPLETED','2025-09-23 09:20:00','2025-09-23 09:20:00','2025-09-23 09:20:00'),(1361,'2022010508','第6学期',16,12,'GAD7','GAD-7 焦虑筛查',16,'重度','焦虑风险较高','建议尽快接受专业评估','COMPLETED','2025-03-23 09:20:00','2025-03-23 09:20:00','2025-03-23 09:20:00'),(1362,'2022010508','第5学期',16,12,'GAD7','GAD-7 焦虑筛查',2,'无或极轻','当前焦虑症状较少','建议保持稳定作息和运动','COMPLETED','2024-09-23 09:20:00','2024-09-23 09:20:00','2024-09-23 09:20:00'),(1363,'2022010508','第4学期',16,12,'GAD7','GAD-7 焦虑筛查',2,'无或极轻','当前焦虑症状较少','建议保持稳定作息和运动','COMPLETED','2024-03-23 09:20:00','2024-03-23 09:20:00','2024-03-23 09:20:00'),(1364,'2022010508','第3学期',16,12,'GAD7','GAD-7 焦虑筛查',16,'重度','焦虑风险较高','建议尽快接受专业评估','COMPLETED','2023-09-23 09:20:00','2023-09-23 09:20:00','2023-09-23 09:20:00'),(1365,'2022010508','第2学期',16,12,'GAD7','GAD-7 焦虑筛查',2,'无或极轻','当前焦虑症状较少','建议保持稳定作息和运动','COMPLETED','2023-03-23 09:20:00','2023-03-23 09:20:00','2023-03-23 09:20:00'),(1366,'2022010508','第1学期',16,12,'GAD7','GAD-7 焦虑筛查',2,'无或极轻','当前焦虑症状较少','建议保持稳定作息和运动','COMPLETED','2022-09-23 09:20:00','2022-09-23 09:20:00','2022-09-23 09:20:00'),(1367,'2022010507','第8学期',16,12,'GAD7','GAD-7 焦虑筛查',2,'无或极轻','当前焦虑症状较少','建议保持稳定作息和运动','COMPLETED','2026-03-22 09:20:00','2026-03-22 09:20:00','2026-03-22 09:20:00'),(1368,'2022010507','第7学期',16,12,'GAD7','GAD-7 焦虑筛查',16,'重度','焦虑风险较高','建议尽快接受专业评估','COMPLETED','2025-09-22 09:20:00','2025-09-22 09:20:00','2025-09-22 09:20:00'),(1369,'2022010507','第6学期',16,12,'GAD7','GAD-7 焦虑筛查',2,'无或极轻','当前焦虑症状较少','建议保持稳定作息和运动','COMPLETED','2025-03-22 09:20:00','2025-03-22 09:20:00','2025-03-22 09:20:00'),(1370,'2022010507','第5学期',16,12,'GAD7','GAD-7 焦虑筛查',2,'无或极轻','当前焦虑症状较少','建议保持稳定作息和运动','COMPLETED','2024-09-22 09:20:00','2024-09-22 09:20:00','2024-09-22 09:20:00'),(1371,'2022010507','第4学期',16,12,'GAD7','GAD-7 焦虑筛查',16,'重度','焦虑风险较高','建议尽快接受专业评估','COMPLETED','2024-03-22 09:20:00','2024-03-22 09:20:00','2024-03-22 09:20:00'),(1372,'2022010507','第3学期',16,12,'GAD7','GAD-7 焦虑筛查',2,'无或极轻','当前焦虑症状较少','建议保持稳定作息和运动','COMPLETED','2023-09-22 09:20:00','2023-09-22 09:20:00','2023-09-22 09:20:00'),(1373,'2022010507','第2学期',16,12,'GAD7','GAD-7 焦虑筛查',2,'无或极轻','当前焦虑症状较少','建议保持稳定作息和运动','COMPLETED','2023-03-22 09:20:00','2023-03-22 09:20:00','2023-03-22 09:20:00'),(1374,'2022010507','第1学期',16,12,'GAD7','GAD-7 焦虑筛查',16,'重度','焦虑风险较高','建议尽快接受专业评估','COMPLETED','2022-09-22 09:20:00','2022-09-22 09:20:00','2022-09-22 09:20:00'),(1375,'2022010506','第8学期',16,12,'GAD7','GAD-7 焦虑筛查',16,'重度','焦虑风险较高','建议尽快接受专业评估','COMPLETED','2026-03-21 09:20:00','2026-03-21 09:20:00','2026-03-21 09:20:00'),(1376,'2022010506','第7学期',16,12,'GAD7','GAD-7 焦虑筛查',2,'无或极轻','当前焦虑症状较少','建议保持稳定作息和运动','COMPLETED','2025-09-21 09:20:00','2025-09-21 09:20:00','2025-09-21 09:20:00'),(1377,'2022010506','第6学期',16,12,'GAD7','GAD-7 焦虑筛查',2,'无或极轻','当前焦虑症状较少','建议保持稳定作息和运动','COMPLETED','2025-03-21 09:20:00','2025-03-21 09:20:00','2025-03-21 09:20:00'),(1378,'2022010506','第5学期',16,12,'GAD7','GAD-7 焦虑筛查',16,'重度','焦虑风险较高','建议尽快接受专业评估','COMPLETED','2024-09-21 09:20:00','2024-09-21 09:20:00','2024-09-21 09:20:00'),(1379,'2022010506','第4学期',16,12,'GAD7','GAD-7 焦虑筛查',2,'无或极轻','当前焦虑症状较少','建议保持稳定作息和运动','COMPLETED','2024-03-21 09:20:00','2024-03-21 09:20:00','2024-03-21 09:20:00'),(1380,'2022010506','第3学期',16,12,'GAD7','GAD-7 焦虑筛查',2,'无或极轻','当前焦虑症状较少','建议保持稳定作息和运动','COMPLETED','2023-09-21 09:20:00','2023-09-21 09:20:00','2023-09-21 09:20:00'),(1381,'2022010506','第2学期',16,12,'GAD7','GAD-7 焦虑筛查',16,'重度','焦虑风险较高','建议尽快接受专业评估','COMPLETED','2023-03-21 09:20:00','2023-03-21 09:20:00','2023-03-21 09:20:00'),(1382,'2022010506','第1学期',16,12,'GAD7','GAD-7 焦虑筛查',2,'无或极轻','当前焦虑症状较少','建议保持稳定作息和运动','COMPLETED','2022-09-21 09:20:00','2022-09-21 09:20:00','2022-09-21 09:20:00'),(1383,'2022010505','第8学期',16,12,'GAD7','GAD-7 焦虑筛查',16,'重度','焦虑风险较高','建议尽快接受专业评估','COMPLETED','2026-03-20 09:20:00','2026-03-20 09:20:00','2026-03-20 09:20:00'),(1384,'2022010505','第7学期',16,12,'GAD7','GAD-7 焦虑筛查',2,'无或极轻','当前焦虑症状较少','建议保持稳定作息和运动','COMPLETED','2025-09-20 09:20:00','2025-09-20 09:20:00','2025-09-20 09:20:00'),(1385,'2022010505','第6学期',16,12,'GAD7','GAD-7 焦虑筛查',16,'重度','焦虑风险较高','建议尽快接受专业评估','COMPLETED','2025-03-20 09:20:00','2025-03-20 09:20:00','2025-03-20 09:20:00'),(1386,'2022010505','第5学期',16,12,'GAD7','GAD-7 焦虑筛查',2,'无或极轻','当前焦虑症状较少','建议保持稳定作息和运动','COMPLETED','2024-09-20 09:20:00','2024-09-20 09:20:00','2024-09-20 09:20:00'),(1387,'2022010505','第4学期',16,12,'GAD7','GAD-7 焦虑筛查',2,'无或极轻','当前焦虑症状较少','建议保持稳定作息和运动','COMPLETED','2024-03-20 09:20:00','2024-03-20 09:20:00','2024-03-20 09:20:00'),(1388,'2022010505','第3学期',16,12,'GAD7','GAD-7 焦虑筛查',16,'重度','焦虑风险较高','建议尽快接受专业评估','COMPLETED','2023-09-20 09:20:00','2023-09-20 09:20:00','2023-09-20 09:20:00'),(1389,'2022010505','第2学期',16,12,'GAD7','GAD-7 焦虑筛查',2,'无或极轻','当前焦虑症状较少','建议保持稳定作息和运动','COMPLETED','2023-03-20 09:20:00','2023-03-20 09:20:00','2023-03-20 09:20:00'),(1390,'2022010505','第1学期',16,12,'GAD7','GAD-7 焦虑筛查',2,'无或极轻','当前焦虑症状较少','建议保持稳定作息和运动','COMPLETED','2022-09-20 09:20:00','2022-09-20 09:20:00','2022-09-20 09:20:00'),(1391,'2022010504','第8学期',16,12,'GAD7','GAD-7 焦虑筛查',2,'无或极轻','当前焦虑症状较少','建议保持稳定作息和运动','COMPLETED','2026-03-19 09:20:00','2026-03-19 09:20:00','2026-03-19 09:20:00'),(1392,'2022010504','第7学期',16,12,'GAD7','GAD-7 焦虑筛查',16,'重度','焦虑风险较高','建议尽快接受专业评估','COMPLETED','2025-09-19 09:20:00','2025-09-19 09:20:00','2025-09-19 09:20:00'),(1393,'2022010504','第6学期',16,12,'GAD7','GAD-7 焦虑筛查',2,'无或极轻','当前焦虑症状较少','建议保持稳定作息和运动','COMPLETED','2025-03-19 09:20:00','2025-03-19 09:20:00','2025-03-19 09:20:00'),(1394,'2022010504','第5学期',16,12,'GAD7','GAD-7 焦虑筛查',2,'无或极轻','当前焦虑症状较少','建议保持稳定作息和运动','COMPLETED','2024-09-19 09:20:00','2024-09-19 09:20:00','2024-09-19 09:20:00'),(1395,'2022010504','第4学期',16,12,'GAD7','GAD-7 焦虑筛查',16,'重度','焦虑风险较高','建议尽快接受专业评估','COMPLETED','2024-03-19 09:20:00','2024-03-19 09:20:00','2024-03-19 09:20:00'),(1396,'2022010504','第3学期',16,12,'GAD7','GAD-7 焦虑筛查',2,'无或极轻','当前焦虑症状较少','建议保持稳定作息和运动','COMPLETED','2023-09-19 09:20:00','2023-09-19 09:20:00','2023-09-19 09:20:00'),(1397,'2022010504','第2学期',16,12,'GAD7','GAD-7 焦虑筛查',2,'无或极轻','当前焦虑症状较少','建议保持稳定作息和运动','COMPLETED','2023-03-19 09:20:00','2023-03-19 09:20:00','2023-03-19 09:20:00'),(1398,'2022010504','第1学期',16,12,'GAD7','GAD-7 焦虑筛查',16,'重度','焦虑风险较高','建议尽快接受专业评估','COMPLETED','2022-09-19 09:20:00','2022-09-19 09:20:00','2022-09-19 09:20:00'),(1399,'2022010503','第8学期',16,12,'GAD7','GAD-7 焦虑筛查',16,'重度','焦虑风险较高','建议尽快接受专业评估','COMPLETED','2026-03-18 09:20:00','2026-03-18 09:20:00','2026-03-18 09:20:00'),(1400,'2022010503','第7学期',16,12,'GAD7','GAD-7 焦虑筛查',2,'无或极轻','当前焦虑症状较少','建议保持稳定作息和运动','COMPLETED','2025-09-18 09:20:00','2025-09-18 09:20:00','2025-09-18 09:20:00'),(1401,'2022010503','第6学期',16,12,'GAD7','GAD-7 焦虑筛查',2,'无或极轻','当前焦虑症状较少','建议保持稳定作息和运动','COMPLETED','2025-03-18 09:20:00','2025-03-18 09:20:00','2025-03-18 09:20:00'),(1402,'2022010503','第5学期',16,12,'GAD7','GAD-7 焦虑筛查',16,'重度','焦虑风险较高','建议尽快接受专业评估','COMPLETED','2024-09-18 09:20:00','2024-09-18 09:20:00','2024-09-18 09:20:00'),(1403,'2022010503','第4学期',16,12,'GAD7','GAD-7 焦虑筛查',2,'无或极轻','当前焦虑症状较少','建议保持稳定作息和运动','COMPLETED','2024-03-18 09:20:00','2024-03-18 09:20:00','2024-03-18 09:20:00'),(1404,'2022010503','第3学期',16,12,'GAD7','GAD-7 焦虑筛查',2,'无或极轻','当前焦虑症状较少','建议保持稳定作息和运动','COMPLETED','2023-09-18 09:20:00','2023-09-18 09:20:00','2023-09-18 09:20:00'),(1405,'2022010503','第2学期',16,12,'GAD7','GAD-7 焦虑筛查',16,'重度','焦虑风险较高','建议尽快接受专业评估','COMPLETED','2023-03-18 09:20:00','2023-03-18 09:20:00','2023-03-18 09:20:00'),(1406,'2022010503','第1学期',16,12,'GAD7','GAD-7 焦虑筛查',2,'无或极轻','当前焦虑症状较少','建议保持稳定作息和运动','COMPLETED','2022-09-18 09:20:00','2022-09-18 09:20:00','2022-09-18 09:20:00'),(1407,'2022010502','第8学期',16,12,'GAD7','GAD-7 焦虑筛查',16,'重度','焦虑风险较高','建议尽快接受专业评估','COMPLETED','2026-03-17 09:20:00','2026-03-17 09:20:00','2026-03-17 09:20:00'),(1408,'2022010502','第7学期',16,12,'GAD7','GAD-7 焦虑筛查',2,'无或极轻','当前焦虑症状较少','建议保持稳定作息和运动','COMPLETED','2025-09-17 09:20:00','2025-09-17 09:20:00','2025-09-17 09:20:00'),(1409,'2022010502','第6学期',16,12,'GAD7','GAD-7 焦虑筛查',16,'重度','焦虑风险较高','建议尽快接受专业评估','COMPLETED','2025-03-17 09:20:00','2025-03-17 09:20:00','2025-03-17 09:20:00'),(1410,'2022010502','第5学期',16,12,'GAD7','GAD-7 焦虑筛查',2,'无或极轻','当前焦虑症状较少','建议保持稳定作息和运动','COMPLETED','2024-09-17 09:20:00','2024-09-17 09:20:00','2024-09-17 09:20:00'),(1411,'2022010502','第4学期',16,12,'GAD7','GAD-7 焦虑筛查',2,'无或极轻','当前焦虑症状较少','建议保持稳定作息和运动','COMPLETED','2024-03-17 09:20:00','2024-03-17 09:20:00','2024-03-17 09:20:00'),(1412,'2022010502','第3学期',16,12,'GAD7','GAD-7 焦虑筛查',16,'重度','焦虑风险较高','建议尽快接受专业评估','COMPLETED','2023-09-17 09:20:00','2023-09-17 09:20:00','2023-09-17 09:20:00'),(1413,'2022010502','第2学期',16,12,'GAD7','GAD-7 焦虑筛查',2,'无或极轻','当前焦虑症状较少','建议保持稳定作息和运动','COMPLETED','2023-03-17 09:20:00','2023-03-17 09:20:00','2023-03-17 09:20:00'),(1414,'2022010502','第1学期',16,12,'GAD7','GAD-7 焦虑筛查',2,'无或极轻','当前焦虑症状较少','建议保持稳定作息和运动','COMPLETED','2022-09-17 09:20:00','2022-09-17 09:20:00','2022-09-17 09:20:00'),(1415,'2022010501','第8学期',16,12,'GAD7','GAD-7 焦虑筛查',2,'无或极轻','当前焦虑症状较少','建议保持稳定作息和运动','COMPLETED','2026-03-16 09:20:00','2026-03-16 09:20:00','2026-03-16 09:20:00'),(1416,'2022010501','第7学期',16,12,'GAD7','GAD-7 焦虑筛查',16,'重度','焦虑风险较高','建议尽快接受专业评估','COMPLETED','2025-09-16 09:20:00','2025-09-16 09:20:00','2025-09-16 09:20:00'),(1417,'2022010501','第6学期',16,12,'GAD7','GAD-7 焦虑筛查',2,'无或极轻','当前焦虑症状较少','建议保持稳定作息和运动','COMPLETED','2025-03-16 09:20:00','2025-03-16 09:20:00','2025-03-16 09:20:00'),(1418,'2022010501','第5学期',16,12,'GAD7','GAD-7 焦虑筛查',2,'无或极轻','当前焦虑症状较少','建议保持稳定作息和运动','COMPLETED','2024-09-16 09:20:00','2024-09-16 09:20:00','2024-09-16 09:20:00'),(1419,'2022010501','第4学期',16,12,'GAD7','GAD-7 焦虑筛查',16,'重度','焦虑风险较高','建议尽快接受专业评估','COMPLETED','2024-03-16 09:20:00','2024-03-16 09:20:00','2024-03-16 09:20:00'),(1420,'2022010501','第3学期',16,12,'GAD7','GAD-7 焦虑筛查',2,'无或极轻','当前焦虑症状较少','建议保持稳定作息和运动','COMPLETED','2023-09-16 09:20:00','2023-09-16 09:20:00','2023-09-16 09:20:00'),(1421,'2022010501','第2学期',16,12,'GAD7','GAD-7 焦虑筛查',2,'无或极轻','当前焦虑症状较少','建议保持稳定作息和运动','COMPLETED','2023-03-16 09:20:00','2023-03-16 09:20:00','2023-03-16 09:20:00'),(1422,'2022010501','第1学期',16,12,'GAD7','GAD-7 焦虑筛查',16,'重度','焦虑风险较高','建议尽快接受专业评估','COMPLETED','2022-09-16 09:20:00','2022-09-16 09:20:00','2022-09-16 09:20:00'),(1423,'2022010610','第8学期',16,12,'GAD7','GAD-7 焦虑筛查',16,'重度','焦虑风险较高','建议尽快接受专业评估','COMPLETED','2026-03-25 09:20:00','2026-03-25 09:20:00','2026-03-25 09:20:00'),(1424,'2022010610','第7学期',16,12,'GAD7','GAD-7 焦虑筛查',2,'无或极轻','当前焦虑症状较少','建议保持稳定作息和运动','COMPLETED','2025-09-25 09:20:00','2025-09-25 09:20:00','2025-09-25 09:20:00'),(1425,'2022010610','第6学期',16,12,'GAD7','GAD-7 焦虑筛查',16,'重度','焦虑风险较高','建议尽快接受专业评估','COMPLETED','2025-03-25 09:20:00','2025-03-25 09:20:00','2025-03-25 09:20:00'),(1426,'2022010610','第5学期',16,12,'GAD7','GAD-7 焦虑筛查',2,'无或极轻','当前焦虑症状较少','建议保持稳定作息和运动','COMPLETED','2024-09-25 09:20:00','2024-09-25 09:20:00','2024-09-25 09:20:00'),(1427,'2022010610','第4学期',16,12,'GAD7','GAD-7 焦虑筛查',2,'无或极轻','当前焦虑症状较少','建议保持稳定作息和运动','COMPLETED','2024-03-25 09:20:00','2024-03-25 09:20:00','2024-03-25 09:20:00'),(1428,'2022010610','第3学期',16,12,'GAD7','GAD-7 焦虑筛查',16,'重度','焦虑风险较高','建议尽快接受专业评估','COMPLETED','2023-09-25 09:20:00','2023-09-25 09:20:00','2023-09-25 09:20:00'),(1429,'2022010610','第2学期',16,12,'GAD7','GAD-7 焦虑筛查',2,'无或极轻','当前焦虑症状较少','建议保持稳定作息和运动','COMPLETED','2023-03-25 09:20:00','2023-03-25 09:20:00','2023-03-25 09:20:00'),(1430,'2022010610','第1学期',16,12,'GAD7','GAD-7 焦虑筛查',2,'无或极轻','当前焦虑症状较少','建议保持稳定作息和运动','COMPLETED','2022-09-25 09:20:00','2022-09-25 09:20:00','2022-09-25 09:20:00'),(1431,'2022010609','第8学期',16,12,'GAD7','GAD-7 焦虑筛查',2,'无或极轻','当前焦虑症状较少','建议保持稳定作息和运动','COMPLETED','2026-03-24 09:20:00','2026-03-24 09:20:00','2026-03-24 09:20:00'),(1432,'2022010609','第7学期',16,12,'GAD7','GAD-7 焦虑筛查',16,'重度','焦虑风险较高','建议尽快接受专业评估','COMPLETED','2025-09-24 09:20:00','2025-09-24 09:20:00','2025-09-24 09:20:00'),(1433,'2022010609','第6学期',16,12,'GAD7','GAD-7 焦虑筛查',2,'无或极轻','当前焦虑症状较少','建议保持稳定作息和运动','COMPLETED','2025-03-24 09:20:00','2025-03-24 09:20:00','2025-03-24 09:20:00'),(1434,'2022010609','第5学期',16,12,'GAD7','GAD-7 焦虑筛查',2,'无或极轻','当前焦虑症状较少','建议保持稳定作息和运动','COMPLETED','2024-09-24 09:20:00','2024-09-24 09:20:00','2024-09-24 09:20:00'),(1435,'2022010609','第4学期',16,12,'GAD7','GAD-7 焦虑筛查',16,'重度','焦虑风险较高','建议尽快接受专业评估','COMPLETED','2024-03-24 09:20:00','2024-03-24 09:20:00','2024-03-24 09:20:00'),(1436,'2022010609','第3学期',16,12,'GAD7','GAD-7 焦虑筛查',2,'无或极轻','当前焦虑症状较少','建议保持稳定作息和运动','COMPLETED','2023-09-24 09:20:00','2023-09-24 09:20:00','2023-09-24 09:20:00'),(1437,'2022010609','第2学期',16,12,'GAD7','GAD-7 焦虑筛查',2,'无或极轻','当前焦虑症状较少','建议保持稳定作息和运动','COMPLETED','2023-03-24 09:20:00','2023-03-24 09:20:00','2023-03-24 09:20:00'),(1438,'2022010609','第1学期',16,12,'GAD7','GAD-7 焦虑筛查',16,'重度','焦虑风险较高','建议尽快接受专业评估','COMPLETED','2022-09-24 09:20:00','2022-09-24 09:20:00','2022-09-24 09:20:00'),(1439,'2022010608','第8学期',16,12,'GAD7','GAD-7 焦虑筛查',16,'重度','焦虑风险较高','建议尽快接受专业评估','COMPLETED','2026-03-23 09:20:00','2026-03-23 09:20:00','2026-03-23 09:20:00'),(1440,'2022010608','第7学期',16,12,'GAD7','GAD-7 焦虑筛查',2,'无或极轻','当前焦虑症状较少','建议保持稳定作息和运动','COMPLETED','2025-09-23 09:20:00','2025-09-23 09:20:00','2025-09-23 09:20:00'),(1441,'2022010608','第6学期',16,12,'GAD7','GAD-7 焦虑筛查',2,'无或极轻','当前焦虑症状较少','建议保持稳定作息和运动','COMPLETED','2025-03-23 09:20:00','2025-03-23 09:20:00','2025-03-23 09:20:00'),(1442,'2022010608','第5学期',16,12,'GAD7','GAD-7 焦虑筛查',16,'重度','焦虑风险较高','建议尽快接受专业评估','COMPLETED','2024-09-23 09:20:00','2024-09-23 09:20:00','2024-09-23 09:20:00'),(1443,'2022010608','第4学期',16,12,'GAD7','GAD-7 焦虑筛查',2,'无或极轻','当前焦虑症状较少','建议保持稳定作息和运动','COMPLETED','2024-03-23 09:20:00','2024-03-23 09:20:00','2024-03-23 09:20:00'),(1444,'2022010608','第3学期',16,12,'GAD7','GAD-7 焦虑筛查',2,'无或极轻','当前焦虑症状较少','建议保持稳定作息和运动','COMPLETED','2023-09-23 09:20:00','2023-09-23 09:20:00','2023-09-23 09:20:00'),(1445,'2022010608','第2学期',16,12,'GAD7','GAD-7 焦虑筛查',16,'重度','焦虑风险较高','建议尽快接受专业评估','COMPLETED','2023-03-23 09:20:00','2023-03-23 09:20:00','2023-03-23 09:20:00'),(1446,'2022010608','第1学期',16,12,'GAD7','GAD-7 焦虑筛查',2,'无或极轻','当前焦虑症状较少','建议保持稳定作息和运动','COMPLETED','2022-09-23 09:20:00','2022-09-23 09:20:00','2022-09-23 09:20:00'),(1447,'2022010607','第8学期',16,12,'GAD7','GAD-7 焦虑筛查',16,'重度','焦虑风险较高','建议尽快接受专业评估','COMPLETED','2026-03-22 09:20:00','2026-03-22 09:20:00','2026-03-22 09:20:00'),(1448,'2022010607','第7学期',16,12,'GAD7','GAD-7 焦虑筛查',2,'无或极轻','当前焦虑症状较少','建议保持稳定作息和运动','COMPLETED','2025-09-22 09:20:00','2025-09-22 09:20:00','2025-09-22 09:20:00'),(1449,'2022010607','第6学期',16,12,'GAD7','GAD-7 焦虑筛查',16,'重度','焦虑风险较高','建议尽快接受专业评估','COMPLETED','2025-03-22 09:20:00','2025-03-22 09:20:00','2025-03-22 09:20:00'),(1450,'2022010607','第5学期',16,12,'GAD7','GAD-7 焦虑筛查',2,'无或极轻','当前焦虑症状较少','建议保持稳定作息和运动','COMPLETED','2024-09-22 09:20:00','2024-09-22 09:20:00','2024-09-22 09:20:00'),(1451,'2022010607','第4学期',16,12,'GAD7','GAD-7 焦虑筛查',2,'无或极轻','当前焦虑症状较少','建议保持稳定作息和运动','COMPLETED','2024-03-22 09:20:00','2024-03-22 09:20:00','2024-03-22 09:20:00'),(1452,'2022010607','第3学期',16,12,'GAD7','GAD-7 焦虑筛查',16,'重度','焦虑风险较高','建议尽快接受专业评估','COMPLETED','2023-09-22 09:20:00','2023-09-22 09:20:00','2023-09-22 09:20:00'),(1453,'2022010607','第2学期',16,12,'GAD7','GAD-7 焦虑筛查',2,'无或极轻','当前焦虑症状较少','建议保持稳定作息和运动','COMPLETED','2023-03-22 09:20:00','2023-03-22 09:20:00','2023-03-22 09:20:00'),(1454,'2022010607','第1学期',16,12,'GAD7','GAD-7 焦虑筛查',2,'无或极轻','当前焦虑症状较少','建议保持稳定作息和运动','COMPLETED','2022-09-22 09:20:00','2022-09-22 09:20:00','2022-09-22 09:20:00'),(1455,'2022010606','第8学期',16,12,'GAD7','GAD-7 焦虑筛查',2,'无或极轻','当前焦虑症状较少','建议保持稳定作息和运动','COMPLETED','2026-03-21 09:20:00','2026-03-21 09:20:00','2026-03-21 09:20:00'),(1456,'2022010606','第7学期',16,12,'GAD7','GAD-7 焦虑筛查',16,'重度','焦虑风险较高','建议尽快接受专业评估','COMPLETED','2025-09-21 09:20:00','2025-09-21 09:20:00','2025-09-21 09:20:00'),(1457,'2022010606','第6学期',16,12,'GAD7','GAD-7 焦虑筛查',2,'无或极轻','当前焦虑症状较少','建议保持稳定作息和运动','COMPLETED','2025-03-21 09:20:00','2025-03-21 09:20:00','2025-03-21 09:20:00'),(1458,'2022010606','第5学期',16,12,'GAD7','GAD-7 焦虑筛查',2,'无或极轻','当前焦虑症状较少','建议保持稳定作息和运动','COMPLETED','2024-09-21 09:20:00','2024-09-21 09:20:00','2024-09-21 09:20:00'),(1459,'2022010606','第4学期',16,12,'GAD7','GAD-7 焦虑筛查',16,'重度','焦虑风险较高','建议尽快接受专业评估','COMPLETED','2024-03-21 09:20:00','2024-03-21 09:20:00','2024-03-21 09:20:00'),(1460,'2022010606','第3学期',16,12,'GAD7','GAD-7 焦虑筛查',2,'无或极轻','当前焦虑症状较少','建议保持稳定作息和运动','COMPLETED','2023-09-21 09:20:00','2023-09-21 09:20:00','2023-09-21 09:20:00'),(1461,'2022010606','第2学期',16,12,'GAD7','GAD-7 焦虑筛查',2,'无或极轻','当前焦虑症状较少','建议保持稳定作息和运动','COMPLETED','2023-03-21 09:20:00','2023-03-21 09:20:00','2023-03-21 09:20:00'),(1462,'2022010606','第1学期',16,12,'GAD7','GAD-7 焦虑筛查',16,'重度','焦虑风险较高','建议尽快接受专业评估','COMPLETED','2022-09-21 09:20:00','2022-09-21 09:20:00','2022-09-21 09:20:00'),(1463,'2022010605','第8学期',16,12,'GAD7','GAD-7 焦虑筛查',16,'重度','焦虑风险较高','建议尽快接受专业评估','COMPLETED','2026-03-20 09:20:00','2026-03-20 09:20:00','2026-03-20 09:20:00'),(1464,'2022010605','第7学期',16,12,'GAD7','GAD-7 焦虑筛查',2,'无或极轻','当前焦虑症状较少','建议保持稳定作息和运动','COMPLETED','2025-09-20 09:20:00','2025-09-20 09:20:00','2025-09-20 09:20:00'),(1465,'2022010605','第6学期',16,12,'GAD7','GAD-7 焦虑筛查',2,'无或极轻','当前焦虑症状较少','建议保持稳定作息和运动','COMPLETED','2025-03-20 09:20:00','2025-03-20 09:20:00','2025-03-20 09:20:00'),(1466,'2022010605','第5学期',16,12,'GAD7','GAD-7 焦虑筛查',16,'重度','焦虑风险较高','建议尽快接受专业评估','COMPLETED','2024-09-20 09:20:00','2024-09-20 09:20:00','2024-09-20 09:20:00'),(1467,'2022010605','第4学期',16,12,'GAD7','GAD-7 焦虑筛查',2,'无或极轻','当前焦虑症状较少','建议保持稳定作息和运动','COMPLETED','2024-03-20 09:20:00','2024-03-20 09:20:00','2024-03-20 09:20:00'),(1468,'2022010605','第3学期',16,12,'GAD7','GAD-7 焦虑筛查',2,'无或极轻','当前焦虑症状较少','建议保持稳定作息和运动','COMPLETED','2023-09-20 09:20:00','2023-09-20 09:20:00','2023-09-20 09:20:00'),(1469,'2022010605','第2学期',16,12,'GAD7','GAD-7 焦虑筛查',16,'重度','焦虑风险较高','建议尽快接受专业评估','COMPLETED','2023-03-20 09:20:00','2023-03-20 09:20:00','2023-03-20 09:20:00'),(1470,'2022010605','第1学期',16,12,'GAD7','GAD-7 焦虑筛查',2,'无或极轻','当前焦虑症状较少','建议保持稳定作息和运动','COMPLETED','2022-09-20 09:20:00','2022-09-20 09:20:00','2022-09-20 09:20:00'),(1471,'2022010604','第8学期',16,12,'GAD7','GAD-7 焦虑筛查',16,'重度','焦虑风险较高','建议尽快接受专业评估','COMPLETED','2026-03-19 09:20:00','2026-03-19 09:20:00','2026-03-19 09:20:00'),(1472,'2022010604','第7学期',16,12,'GAD7','GAD-7 焦虑筛查',2,'无或极轻','当前焦虑症状较少','建议保持稳定作息和运动','COMPLETED','2025-09-19 09:20:00','2025-09-19 09:20:00','2025-09-19 09:20:00'),(1473,'2022010604','第6学期',16,12,'GAD7','GAD-7 焦虑筛查',16,'重度','焦虑风险较高','建议尽快接受专业评估','COMPLETED','2025-03-19 09:20:00','2025-03-19 09:20:00','2025-03-19 09:20:00'),(1474,'2022010604','第5学期',16,12,'GAD7','GAD-7 焦虑筛查',2,'无或极轻','当前焦虑症状较少','建议保持稳定作息和运动','COMPLETED','2024-09-19 09:20:00','2024-09-19 09:20:00','2024-09-19 09:20:00'),(1475,'2022010604','第4学期',16,12,'GAD7','GAD-7 焦虑筛查',2,'无或极轻','当前焦虑症状较少','建议保持稳定作息和运动','COMPLETED','2024-03-19 09:20:00','2024-03-19 09:20:00','2024-03-19 09:20:00'),(1476,'2022010604','第3学期',16,12,'GAD7','GAD-7 焦虑筛查',16,'重度','焦虑风险较高','建议尽快接受专业评估','COMPLETED','2023-09-19 09:20:00','2023-09-19 09:20:00','2023-09-19 09:20:00'),(1477,'2022010604','第2学期',16,12,'GAD7','GAD-7 焦虑筛查',2,'无或极轻','当前焦虑症状较少','建议保持稳定作息和运动','COMPLETED','2023-03-19 09:20:00','2023-03-19 09:20:00','2023-03-19 09:20:00'),(1478,'2022010604','第1学期',16,12,'GAD7','GAD-7 焦虑筛查',2,'无或极轻','当前焦虑症状较少','建议保持稳定作息和运动','COMPLETED','2022-09-19 09:20:00','2022-09-19 09:20:00','2022-09-19 09:20:00'),(1479,'2022010603','第8学期',16,12,'GAD7','GAD-7 焦虑筛查',2,'无或极轻','当前焦虑症状较少','建议保持稳定作息和运动','COMPLETED','2026-03-18 09:20:00','2026-03-18 09:20:00','2026-03-18 09:20:00'),(1480,'2022010603','第7学期',16,12,'GAD7','GAD-7 焦虑筛查',16,'重度','焦虑风险较高','建议尽快接受专业评估','COMPLETED','2025-09-18 09:20:00','2025-09-18 09:20:00','2025-09-18 09:20:00'),(1481,'2022010603','第6学期',16,12,'GAD7','GAD-7 焦虑筛查',2,'无或极轻','当前焦虑症状较少','建议保持稳定作息和运动','COMPLETED','2025-03-18 09:20:00','2025-03-18 09:20:00','2025-03-18 09:20:00'),(1482,'2022010603','第5学期',16,12,'GAD7','GAD-7 焦虑筛查',2,'无或极轻','当前焦虑症状较少','建议保持稳定作息和运动','COMPLETED','2024-09-18 09:20:00','2024-09-18 09:20:00','2024-09-18 09:20:00'),(1483,'2022010603','第4学期',16,12,'GAD7','GAD-7 焦虑筛查',16,'重度','焦虑风险较高','建议尽快接受专业评估','COMPLETED','2024-03-18 09:20:00','2024-03-18 09:20:00','2024-03-18 09:20:00'),(1484,'2022010603','第3学期',16,12,'GAD7','GAD-7 焦虑筛查',2,'无或极轻','当前焦虑症状较少','建议保持稳定作息和运动','COMPLETED','2023-09-18 09:20:00','2023-09-18 09:20:00','2023-09-18 09:20:00'),(1485,'2022010603','第2学期',16,12,'GAD7','GAD-7 焦虑筛查',2,'无或极轻','当前焦虑症状较少','建议保持稳定作息和运动','COMPLETED','2023-03-18 09:20:00','2023-03-18 09:20:00','2023-03-18 09:20:00'),(1486,'2022010603','第1学期',16,12,'GAD7','GAD-7 焦虑筛查',16,'重度','焦虑风险较高','建议尽快接受专业评估','COMPLETED','2022-09-18 09:20:00','2022-09-18 09:20:00','2022-09-18 09:20:00'),(1487,'2022010602','第8学期',16,12,'GAD7','GAD-7 焦虑筛查',16,'重度','焦虑风险较高','建议尽快接受专业评估','COMPLETED','2026-03-17 09:20:00','2026-03-17 09:20:00','2026-03-17 09:20:00'),(1488,'2022010602','第7学期',16,12,'GAD7','GAD-7 焦虑筛查',2,'无或极轻','当前焦虑症状较少','建议保持稳定作息和运动','COMPLETED','2025-09-17 09:20:00','2025-09-17 09:20:00','2025-09-17 09:20:00'),(1489,'2022010602','第6学期',16,12,'GAD7','GAD-7 焦虑筛查',2,'无或极轻','当前焦虑症状较少','建议保持稳定作息和运动','COMPLETED','2025-03-17 09:20:00','2025-03-17 09:20:00','2025-03-17 09:20:00'),(1490,'2022010602','第5学期',16,12,'GAD7','GAD-7 焦虑筛查',16,'重度','焦虑风险较高','建议尽快接受专业评估','COMPLETED','2024-09-17 09:20:00','2024-09-17 09:20:00','2024-09-17 09:20:00'),(1491,'2022010602','第4学期',16,12,'GAD7','GAD-7 焦虑筛查',2,'无或极轻','当前焦虑症状较少','建议保持稳定作息和运动','COMPLETED','2024-03-17 09:20:00','2024-03-17 09:20:00','2024-03-17 09:20:00'),(1492,'2022010602','第3学期',16,12,'GAD7','GAD-7 焦虑筛查',2,'无或极轻','当前焦虑症状较少','建议保持稳定作息和运动','COMPLETED','2023-09-17 09:20:00','2023-09-17 09:20:00','2023-09-17 09:20:00'),(1493,'2022010602','第2学期',16,12,'GAD7','GAD-7 焦虑筛查',16,'重度','焦虑风险较高','建议尽快接受专业评估','COMPLETED','2023-03-17 09:20:00','2023-03-17 09:20:00','2023-03-17 09:20:00'),(1494,'2022010602','第1学期',16,12,'GAD7','GAD-7 焦虑筛查',2,'无或极轻','当前焦虑症状较少','建议保持稳定作息和运动','COMPLETED','2022-09-17 09:20:00','2022-09-17 09:20:00','2022-09-17 09:20:00'),(1495,'2022010601','第8学期',16,12,'GAD7','GAD-7 焦虑筛查',16,'重度','焦虑风险较高','建议尽快接受专业评估','COMPLETED','2026-03-16 09:20:00','2026-03-16 09:20:00','2026-03-16 09:20:00'),(1496,'2022010601','第7学期',16,12,'GAD7','GAD-7 焦虑筛查',2,'无或极轻','当前焦虑症状较少','建议保持稳定作息和运动','COMPLETED','2025-09-16 09:20:00','2025-09-16 09:20:00','2025-09-16 09:20:00'),(1497,'2022010601','第6学期',16,12,'GAD7','GAD-7 焦虑筛查',16,'重度','焦虑风险较高','建议尽快接受专业评估','COMPLETED','2025-03-16 09:20:00','2025-03-16 09:20:00','2025-03-16 09:20:00'),(1498,'2022010601','第5学期',16,12,'GAD7','GAD-7 焦虑筛查',2,'无或极轻','当前焦虑症状较少','建议保持稳定作息和运动','COMPLETED','2024-09-16 09:20:00','2024-09-16 09:20:00','2024-09-16 09:20:00'),(1499,'2022010601','第4学期',16,12,'GAD7','GAD-7 焦虑筛查',2,'无或极轻','当前焦虑症状较少','建议保持稳定作息和运动','COMPLETED','2024-03-16 09:20:00','2024-03-16 09:20:00','2024-03-16 09:20:00'),(1500,'2022010601','第3学期',16,12,'GAD7','GAD-7 焦虑筛查',16,'重度','焦虑风险较高','建议尽快接受专业评估','COMPLETED','2023-09-16 09:20:00','2023-09-16 09:20:00','2023-09-16 09:20:00'),(1501,'2022010601','第2学期',16,12,'GAD7','GAD-7 焦虑筛查',2,'无或极轻','当前焦虑症状较少','建议保持稳定作息和运动','COMPLETED','2023-03-16 09:20:00','2023-03-16 09:20:00','2023-03-16 09:20:00'),(1502,'2022010601','第1学期',16,12,'GAD7','GAD-7 焦虑筛查',2,'无或极轻','当前焦虑症状较少','建议保持稳定作息和运动','COMPLETED','2022-09-16 09:20:00','2022-09-16 09:20:00','2022-09-16 09:20:00'),(1534,'2022010101','第1学期',18,10,'HAMD-14','HAMD焦虑',2,'无焦虑','当前无明显焦虑症状','建议保持稳定作息和运动，持续关注情绪状态','COMPLETED','2026-03-27 16:52:04','2026-03-27 16:52:04','2026-03-27 16:52:04'),(1535,'2022010101','第8学期',18,10,'HAMD-14','HAMD焦虑',0,'无焦虑','当前无明显焦虑症状','建议保持稳定作息和运动，持续关注情绪状态','COMPLETED','2026-03-27 17:47:06','2026-03-27 17:47:06','2026-03-27 17:47:06'),(1536,'2022020101','第1学期',14,4,'WHO5','WHO-5 幸福感指数',4,'较差','当前幸福感偏低，建议进一步评估情绪状态','建议继续做 PHQ-9 或联系心理老师','COMPLETED','2026-03-28 11:51:59','2026-03-28 11:51:59','2026-03-28 11:51:59'),(1537,'2022020101','第1学期',15,3,'PHQ9','PHQ-9 抑郁筛查',27,'重度','抑郁风险高','建议尽快联系专业心理老师或医疗机构','COMPLETED','2026-03-28 11:52:34','2026-03-28 11:52:34','2026-03-28 11:52:34'),(1538,'2022020101','第2学期',14,4,'WHO5','WHO-5 幸福感指数',25,'正常','当前幸福感总体正常','建议保持规律作息并定期复测','COMPLETED','2026-04-07 17:24:17','2026-04-07 17:24:17','2026-04-07 17:24:17');
/*!40000 ALTER TABLE `student_assessment_record` ENABLE KEYS */;
UNLOCK TABLES;

--
-- Table structure for table `student_assessment_semester_summary`
--

DROP TABLE IF EXISTS `student_assessment_semester_summary`;
/*!40101 SET @saved_cs_client     = @@character_set_client */;
/*!50503 SET character_set_client = utf8mb4 */;
CREATE TABLE `student_assessment_semester_summary` (
  `id` bigint NOT NULL AUTO_INCREMENT COMMENT '主键',
  `student_id` varchar(50) CHARACTER SET utf8mb4 COLLATE utf8mb4_unicode_ci NOT NULL COMMENT '学生学号',
  `semester` varchar(20) CHARACTER SET utf8mb4 COLLATE utf8mb4_unicode_ci NOT NULL COMMENT '学期',
  `tested_count` int NOT NULL DEFAULT '0' COMMENT '已测数量',
  `score_summary` varchar(2000) CHARACTER SET utf8mb4 COLLATE utf8mb4_unicode_ci DEFAULT NULL COMMENT '分数汇总，如 PHQ9:10, GAD7:8, WHO5:16',
  `semester_level` varchar(20) CHARACTER SET utf8mb4 COLLATE utf8mb4_unicode_ci DEFAULT NULL COMMENT '学期总等级：危险/轻危/无',
  `last_tested_at` datetime DEFAULT NULL COMMENT '最后测试时间',
  `created_at` datetime DEFAULT CURRENT_TIMESTAMP COMMENT '创建时间',
  `updated_at` datetime DEFAULT CURRENT_TIMESTAMP ON UPDATE CURRENT_TIMESTAMP COMMENT '更新时间',
  PRIMARY KEY (`id`),
  UNIQUE KEY `uk_student_semester` (`student_id`,`semester`),
  KEY `idx_student_id` (`student_id`),
  KEY `idx_semester` (`semester`)
) ENGINE=InnoDB AUTO_INCREMENT=483 DEFAULT CHARSET=utf8mb4 COLLATE=utf8mb4_unicode_ci COMMENT='学生学期测评汇总表';
/*!40101 SET character_set_client = @saved_cs_client */;

--
-- Dumping data for table `student_assessment_semester_summary`
--

LOCK TABLES `student_assessment_semester_summary` WRITE;
/*!40000 ALTER TABLE `student_assessment_semester_summary` DISABLE KEYS */;
INSERT INTO `student_assessment_semester_summary` VALUES (1,'2022010110','第8学期',3,'WHO5:7, PHQ9:18, GAD7:16','危险','2026-03-25 09:20:00','2026-03-25 09:00:00','2026-03-25 09:20:00'),(2,'2022010110','第7学期',3,'WHO5:18, PHQ9:3, GAD7:2','无','2025-09-25 09:20:00','2025-09-25 09:00:00','2025-09-25 09:20:00'),(3,'2022010110','第6学期',3,'WHO5:18, PHQ9:3, GAD7:2','无','2025-03-25 09:20:00','2025-03-25 09:00:00','2025-03-25 09:20:00'),(4,'2022010110','第5学期',3,'WHO5:7, PHQ9:18, GAD7:16','危险','2024-09-25 09:20:00','2024-09-25 09:00:00','2024-09-25 09:20:00'),(5,'2022010110','第4学期',3,'WHO5:18, PHQ9:3, GAD7:2','无','2024-03-25 09:20:00','2024-03-25 09:00:00','2024-03-25 09:20:00'),(6,'2022010110','第3学期',3,'WHO5:18, PHQ9:3, GAD7:2','无','2023-09-25 09:20:00','2023-09-25 09:00:00','2023-09-25 09:20:00'),(7,'2022010110','第2学期',3,'WHO5:7, PHQ9:18, GAD7:16','危险','2023-03-25 09:20:00','2023-03-25 09:00:00','2023-03-25 09:20:00'),(8,'2022010110','第1学期',3,'WHO5:18, PHQ9:3, GAD7:2','无','2022-09-25 09:20:00','2022-09-25 09:00:00','2022-09-25 09:20:00'),(9,'2022010109','第8学期',3,'WHO5:7, PHQ9:18, GAD7:16','危险','2026-03-24 09:20:00','2026-03-24 09:00:00','2026-03-24 09:20:00'),(10,'2022010109','第7学期',3,'WHO5:18, PHQ9:3, GAD7:2','无','2025-09-24 09:20:00','2025-09-24 09:00:00','2025-09-24 09:20:00'),(11,'2022010109','第6学期',3,'WHO5:7, PHQ9:18, GAD7:16','危险','2025-03-24 09:20:00','2025-03-24 09:00:00','2025-03-24 09:20:00'),(12,'2022010109','第5学期',3,'WHO5:18, PHQ9:3, GAD7:2','无','2024-09-24 09:20:00','2024-09-24 09:00:00','2024-09-24 09:20:00'),(13,'2022010109','第4学期',3,'WHO5:18, PHQ9:3, GAD7:2','无','2024-03-24 09:20:00','2024-03-24 09:00:00','2024-03-24 09:20:00'),(14,'2022010109','第3学期',3,'WHO5:7, PHQ9:18, GAD7:16','危险','2023-09-24 09:20:00','2023-09-24 09:00:00','2023-09-24 09:20:00'),(15,'2022010109','第2学期',3,'WHO5:18, PHQ9:3, GAD7:2','无','2023-03-24 09:20:00','2023-03-24 09:00:00','2023-03-24 09:20:00'),(16,'2022010109','第1学期',3,'WHO5:18, PHQ9:3, GAD7:2','无','2022-09-24 09:20:00','2022-09-24 09:00:00','2022-09-24 09:20:00'),(17,'2022010108','第8学期',3,'WHO5:18, PHQ9:3, GAD7:2','无','2026-03-23 09:20:00','2026-03-23 09:00:00','2026-03-23 09:20:00'),(18,'2022010108','第7学期',3,'WHO5:7, PHQ9:18, GAD7:16','危险','2025-09-23 09:20:00','2025-09-23 09:00:00','2025-09-23 09:20:00'),(19,'2022010108','第6学期',3,'WHO5:18, PHQ9:3, GAD7:2','无','2025-03-23 09:20:00','2025-03-23 09:00:00','2025-03-23 09:20:00'),(20,'2022010108','第5学期',3,'WHO5:18, PHQ9:3, GAD7:2','无','2024-09-23 09:20:00','2024-09-23 09:00:00','2024-09-23 09:20:00'),(21,'2022010108','第4学期',3,'WHO5:7, PHQ9:18, GAD7:16','危险','2024-03-23 09:20:00','2024-03-23 09:00:00','2024-03-23 09:20:00'),(22,'2022010108','第3学期',3,'WHO5:18, PHQ9:3, GAD7:2','无','2023-09-23 09:20:00','2023-09-23 09:00:00','2023-09-23 09:20:00'),(23,'2022010108','第2学期',3,'WHO5:18, PHQ9:3, GAD7:2','无','2023-03-23 09:20:00','2023-03-23 09:00:00','2023-03-23 09:20:00'),(24,'2022010108','第1学期',3,'WHO5:7, PHQ9:18, GAD7:16','危险','2022-09-23 09:20:00','2022-09-23 09:00:00','2022-09-23 09:20:00'),(25,'2022010107','第8学期',3,'WHO5:7, PHQ9:18, GAD7:16','危险','2026-03-22 09:20:00','2026-03-22 09:00:00','2026-03-22 09:20:00'),(26,'2022010107','第7学期',3,'WHO5:18, PHQ9:3, GAD7:2','无','2025-09-22 09:20:00','2025-09-22 09:00:00','2025-09-22 09:20:00'),(27,'2022010107','第6学期',3,'WHO5:18, PHQ9:3, GAD7:2','无','2025-03-22 09:20:00','2025-03-22 09:00:00','2025-03-22 09:20:00'),(28,'2022010107','第5学期',3,'WHO5:7, PHQ9:18, GAD7:16','危险','2024-09-22 09:20:00','2024-09-22 09:00:00','2024-09-22 09:20:00'),(29,'2022010107','第4学期',3,'WHO5:18, PHQ9:3, GAD7:2','无','2024-03-22 09:20:00','2024-03-22 09:00:00','2024-03-22 09:20:00'),(30,'2022010107','第3学期',3,'WHO5:18, PHQ9:3, GAD7:2','无','2023-09-22 09:20:00','2023-09-22 09:00:00','2023-09-22 09:20:00'),(31,'2022010107','第2学期',3,'WHO5:7, PHQ9:18, GAD7:16','危险','2023-03-22 09:20:00','2023-03-22 09:00:00','2023-03-22 09:20:00'),(32,'2022010107','第1学期',3,'WHO5:18, PHQ9:3, GAD7:2','无','2022-09-22 09:20:00','2022-09-22 09:00:00','2022-09-22 09:20:00'),(33,'2022010106','第8学期',3,'WHO5:7, PHQ9:18, GAD7:16','危险','2026-03-21 09:20:00','2026-03-21 09:00:00','2026-03-21 09:20:00'),(34,'2022010106','第7学期',3,'WHO5:18, PHQ9:3, GAD7:2','无','2025-09-21 09:20:00','2025-09-21 09:00:00','2025-09-21 09:20:00'),(35,'2022010106','第6学期',3,'WHO5:7, PHQ9:18, GAD7:16','危险','2025-03-21 09:20:00','2025-03-21 09:00:00','2025-03-21 09:20:00'),(36,'2022010106','第5学期',3,'WHO5:18, PHQ9:3, GAD7:2','无','2024-09-21 09:20:00','2024-09-21 09:00:00','2024-09-21 09:20:00'),(37,'2022010106','第4学期',3,'WHO5:18, PHQ9:3, GAD7:2','无','2024-03-21 09:20:00','2024-03-21 09:00:00','2024-03-21 09:20:00'),(38,'2022010106','第3学期',3,'WHO5:7, PHQ9:18, GAD7:16','危险','2023-09-21 09:20:00','2023-09-21 09:00:00','2023-09-21 09:20:00'),(39,'2022010106','第2学期',3,'WHO5:18, PHQ9:3, GAD7:2','无','2023-03-21 09:20:00','2023-03-21 09:00:00','2023-03-21 09:20:00'),(40,'2022010106','第1学期',3,'WHO5:18, PHQ9:3, GAD7:2','无','2022-09-21 09:20:00','2022-09-21 09:00:00','2022-09-21 09:20:00'),(41,'2022010105','第8学期',3,'WHO5:18, PHQ9:3, GAD7:2','无','2026-03-20 09:20:00','2026-03-20 09:00:00','2026-03-20 09:20:00'),(42,'2022010105','第7学期',3,'WHO5:7, PHQ9:18, GAD7:16','危险','2025-09-20 09:20:00','2025-09-20 09:00:00','2025-09-20 09:20:00'),(43,'2022010105','第6学期',3,'WHO5:18, PHQ9:3, GAD7:2','无','2025-03-20 09:20:00','2025-03-20 09:00:00','2025-03-20 09:20:00'),(44,'2022010105','第5学期',3,'WHO5:18, PHQ9:3, GAD7:2','无','2024-09-20 09:20:00','2024-09-20 09:00:00','2024-09-20 09:20:00'),(45,'2022010105','第4学期',3,'WHO5:7, PHQ9:18, GAD7:16','危险','2024-03-20 09:20:00','2024-03-20 09:00:00','2024-03-20 09:20:00'),(46,'2022010105','第3学期',3,'WHO5:18, PHQ9:3, GAD7:2','无','2023-09-20 09:20:00','2023-09-20 09:00:00','2023-09-20 09:20:00'),(47,'2022010105','第2学期',3,'WHO5:18, PHQ9:3, GAD7:2','无','2023-03-20 09:20:00','2023-03-20 09:00:00','2023-03-20 09:20:00'),(48,'2022010105','第1学期',3,'WHO5:7, PHQ9:18, GAD7:16','危险','2022-09-20 09:20:00','2022-09-20 09:00:00','2022-09-20 09:20:00'),(49,'2022010104','第8学期',3,'WHO5:7, PHQ9:18, GAD7:16','危险','2026-03-19 09:20:00','2026-03-19 09:00:00','2026-03-19 09:20:00'),(50,'2022010104','第7学期',3,'WHO5:18, PHQ9:3, GAD7:2','无','2025-09-19 09:20:00','2025-09-19 09:00:00','2025-09-19 09:20:00'),(51,'2022010104','第6学期',3,'WHO5:18, PHQ9:3, GAD7:2','无','2025-03-19 09:20:00','2025-03-19 09:00:00','2025-03-19 09:20:00'),(52,'2022010104','第5学期',3,'WHO5:7, PHQ9:18, GAD7:16','危险','2024-09-19 09:20:00','2024-09-19 09:00:00','2024-09-19 09:20:00'),(53,'2022010104','第4学期',3,'WHO5:18, PHQ9:3, GAD7:2','无','2024-03-19 09:20:00','2024-03-19 09:00:00','2024-03-19 09:20:00'),(54,'2022010104','第3学期',3,'WHO5:18, PHQ9:3, GAD7:2','无','2023-09-19 09:20:00','2023-09-19 09:00:00','2023-09-19 09:20:00'),(55,'2022010104','第2学期',3,'WHO5:7, PHQ9:18, GAD7:16','危险','2023-03-19 09:20:00','2023-03-19 09:00:00','2023-03-19 09:20:00'),(56,'2022010104','第1学期',3,'WHO5:18, PHQ9:3, GAD7:2','无','2022-09-19 09:20:00','2022-09-19 09:00:00','2022-09-19 09:20:00'),(57,'2022010103','第8学期',3,'WHO5:7, PHQ9:18, GAD7:16','危险','2026-03-18 09:20:00','2026-03-18 09:00:00','2026-03-18 09:20:00'),(58,'2022010103','第7学期',3,'WHO5:18, PHQ9:3, GAD7:2','无','2025-09-18 09:20:00','2025-09-18 09:00:00','2025-09-18 09:20:00'),(59,'2022010103','第6学期',3,'WHO5:7, PHQ9:18, GAD7:16','危险','2025-03-18 09:20:00','2025-03-18 09:00:00','2025-03-18 09:20:00'),(60,'2022010103','第5学期',3,'WHO5:18, PHQ9:3, GAD7:2','无','2024-09-18 09:20:00','2024-09-18 09:00:00','2024-09-18 09:20:00'),(61,'2022010103','第4学期',3,'WHO5:18, PHQ9:3, GAD7:2','无','2024-03-18 09:20:00','2024-03-18 09:00:00','2024-03-18 09:20:00'),(62,'2022010103','第3学期',3,'WHO5:7, PHQ9:18, GAD7:16','危险','2023-09-18 09:20:00','2023-09-18 09:00:00','2023-09-18 09:20:00'),(63,'2022010103','第2学期',3,'WHO5:18, PHQ9:3, GAD7:2','无','2023-03-18 09:20:00','2023-03-18 09:00:00','2023-03-18 09:20:00'),(64,'2022010103','第1学期',3,'WHO5:18, PHQ9:3, GAD7:2','无','2022-09-18 09:20:00','2022-09-18 09:00:00','2022-09-18 09:20:00'),(65,'2022010102','第8学期',3,'WHO5:18, PHQ9:3, GAD7:2','无','2026-03-17 09:20:00','2026-03-17 09:00:00','2026-03-17 09:20:00'),(66,'2022010102','第7学期',3,'WHO5:7, PHQ9:18, GAD7:16','危险','2025-09-17 09:20:00','2025-09-17 09:00:00','2025-09-17 09:20:00'),(67,'2022010102','第6学期',3,'WHO5:18, PHQ9:3, GAD7:2','无','2025-03-17 09:20:00','2025-03-17 09:00:00','2025-03-17 09:20:00'),(68,'2022010102','第5学期',3,'WHO5:18, PHQ9:3, GAD7:2','无','2024-09-17 09:20:00','2024-09-17 09:00:00','2024-09-17 09:20:00'),(69,'2022010102','第4学期',3,'WHO5:7, PHQ9:18, GAD7:16','危险','2024-03-17 09:20:00','2024-03-17 09:00:00','2024-03-17 09:20:00'),(70,'2022010102','第3学期',3,'WHO5:18, PHQ9:3, GAD7:2','无','2023-09-17 09:20:00','2023-09-17 09:00:00','2023-09-17 09:20:00'),(71,'2022010102','第2学期',3,'WHO5:18, PHQ9:3, GAD7:2','无','2023-03-17 09:20:00','2023-03-17 09:00:00','2023-03-17 09:20:00'),(72,'2022010102','第1学期',3,'WHO5:7, PHQ9:18, GAD7:16','危险','2022-09-17 09:20:00','2022-09-17 09:00:00','2022-09-17 09:20:00'),(73,'2022010101','第8学期',4,'WHO5:7, HAMD-14:0, GAD7:0, PHQ9:0','无','2026-03-27 17:49:23','2026-03-16 09:00:00','2026-03-27 17:49:23'),(74,'2022010101','第7学期',3,'WHO5:18, PHQ9:3, GAD7:2','无','2025-09-16 09:20:00','2025-09-16 09:00:00','2025-09-16 09:20:00'),(75,'2022010101','第6学期',3,'WHO5:18, PHQ9:3, GAD7:2','无','2025-03-16 09:20:00','2025-03-16 09:00:00','2025-03-16 09:20:00'),(76,'2022010101','第5学期',3,'WHO5:7, PHQ9:18, GAD7:16','危险','2024-09-16 09:20:00','2024-09-16 09:00:00','2024-09-16 09:20:00'),(77,'2022010101','第4学期',3,'WHO5:18, PHQ9:3, GAD7:2','无','2024-03-16 09:20:00','2024-03-16 09:00:00','2024-03-16 09:20:00'),(78,'2022010101','第3学期',3,'WHO5:18, PHQ9:3, GAD7:2','无','2023-09-16 09:20:00','2023-09-16 09:00:00','2023-09-16 09:20:00'),(79,'2022010101','第2学期',3,'WHO5:7, PHQ9:18, GAD7:16','危险','2023-03-16 09:20:00','2023-03-16 09:00:00','2023-03-16 09:20:00'),(80,'2022010101','第1学期',4,'WHO5:18, PHQ9:3, HAMD-14:2, GAD7:0','无','2026-03-27 17:48:16','2022-09-16 09:00:00','2026-03-27 17:48:16'),(81,'2022010210','第8学期',3,'WHO5:18, PHQ9:3, GAD7:2','无','2026-03-25 09:20:00','2026-03-25 09:00:00','2026-03-25 09:20:00'),(82,'2022010210','第7学期',3,'WHO5:7, PHQ9:18, GAD7:16','危险','2025-09-25 09:20:00','2025-09-25 09:00:00','2025-09-25 09:20:00'),(83,'2022010210','第6学期',3,'WHO5:18, PHQ9:3, GAD7:2','无','2025-03-25 09:20:00','2025-03-25 09:00:00','2025-03-25 09:20:00'),(84,'2022010210','第5学期',3,'WHO5:18, PHQ9:3, GAD7:2','无','2024-09-25 09:20:00','2024-09-25 09:00:00','2024-09-25 09:20:00'),(85,'2022010210','第4学期',3,'WHO5:7, PHQ9:18, GAD7:16','危险','2024-03-25 09:20:00','2024-03-25 09:00:00','2024-03-25 09:20:00'),(86,'2022010210','第3学期',3,'WHO5:18, PHQ9:3, GAD7:2','无','2023-09-25 09:20:00','2023-09-25 09:00:00','2023-09-25 09:20:00'),(87,'2022010210','第2学期',3,'WHO5:18, PHQ9:3, GAD7:2','无','2023-03-25 09:20:00','2023-03-25 09:00:00','2023-03-25 09:20:00'),(88,'2022010210','第1学期',3,'WHO5:7, PHQ9:18, GAD7:16','危险','2022-09-25 09:20:00','2022-09-25 09:00:00','2022-09-25 09:20:00'),(89,'2022010209','第8学期',3,'WHO5:7, PHQ9:18, GAD7:16','危险','2026-03-24 09:20:00','2026-03-24 09:00:00','2026-03-24 09:20:00'),(90,'2022010209','第7学期',3,'WHO5:18, PHQ9:3, GAD7:2','无','2025-09-24 09:20:00','2025-09-24 09:00:00','2025-09-24 09:20:00'),(91,'2022010209','第6学期',3,'WHO5:18, PHQ9:3, GAD7:2','无','2025-03-24 09:20:00','2025-03-24 09:00:00','2025-03-24 09:20:00'),(92,'2022010209','第5学期',3,'WHO5:7, PHQ9:18, GAD7:16','危险','2024-09-24 09:20:00','2024-09-24 09:00:00','2024-09-24 09:20:00'),(93,'2022010209','第4学期',3,'WHO5:18, PHQ9:3, GAD7:2','无','2024-03-24 09:20:00','2024-03-24 09:00:00','2024-03-24 09:20:00'),(94,'2022010209','第3学期',3,'WHO5:18, PHQ9:3, GAD7:2','无','2023-09-24 09:20:00','2023-09-24 09:00:00','2023-09-24 09:20:00'),(95,'2022010209','第2学期',3,'WHO5:7, PHQ9:18, GAD7:16','危险','2023-03-24 09:20:00','2023-03-24 09:00:00','2023-03-24 09:20:00'),(96,'2022010209','第1学期',3,'WHO5:18, PHQ9:3, GAD7:2','无','2022-09-24 09:20:00','2022-09-24 09:00:00','2022-09-24 09:20:00'),(97,'2022010208','第8学期',3,'WHO5:7, PHQ9:18, GAD7:16','危险','2026-03-23 09:20:00','2026-03-23 09:00:00','2026-03-23 09:20:00'),(98,'2022010208','第7学期',3,'WHO5:18, PHQ9:3, GAD7:2','无','2025-09-23 09:20:00','2025-09-23 09:00:00','2025-09-23 09:20:00'),(99,'2022010208','第6学期',3,'WHO5:7, PHQ9:18, GAD7:16','危险','2025-03-23 09:20:00','2025-03-23 09:00:00','2025-03-23 09:20:00'),(100,'2022010208','第5学期',3,'WHO5:18, PHQ9:3, GAD7:2','无','2024-09-23 09:20:00','2024-09-23 09:00:00','2024-09-23 09:20:00'),(101,'2022010208','第4学期',3,'WHO5:18, PHQ9:3, GAD7:2','无','2024-03-23 09:20:00','2024-03-23 09:00:00','2024-03-23 09:20:00'),(102,'2022010208','第3学期',3,'WHO5:7, PHQ9:18, GAD7:16','危险','2023-09-23 09:20:00','2023-09-23 09:00:00','2023-09-23 09:20:00'),(103,'2022010208','第2学期',3,'WHO5:18, PHQ9:3, GAD7:2','无','2023-03-23 09:20:00','2023-03-23 09:00:00','2023-03-23 09:20:00'),(104,'2022010208','第1学期',3,'WHO5:18, PHQ9:3, GAD7:2','无','2022-09-23 09:20:00','2022-09-23 09:00:00','2022-09-23 09:20:00'),(105,'2022010207','第8学期',3,'WHO5:18, PHQ9:3, GAD7:2','无','2026-03-22 09:20:00','2026-03-22 09:00:00','2026-03-22 09:20:00'),(106,'2022010207','第7学期',3,'WHO5:7, PHQ9:18, GAD7:16','危险','2025-09-22 09:20:00','2025-09-22 09:00:00','2025-09-22 09:20:00'),(107,'2022010207','第6学期',3,'WHO5:18, PHQ9:3, GAD7:2','无','2025-03-22 09:20:00','2025-03-22 09:00:00','2025-03-22 09:20:00'),(108,'2022010207','第5学期',3,'WHO5:18, PHQ9:3, GAD7:2','无','2024-09-22 09:20:00','2024-09-22 09:00:00','2024-09-22 09:20:00'),(109,'2022010207','第4学期',3,'WHO5:7, PHQ9:18, GAD7:16','危险','2024-03-22 09:20:00','2024-03-22 09:00:00','2024-03-22 09:20:00'),(110,'2022010207','第3学期',3,'WHO5:18, PHQ9:3, GAD7:2','无','2023-09-22 09:20:00','2023-09-22 09:00:00','2023-09-22 09:20:00'),(111,'2022010207','第2学期',3,'WHO5:18, PHQ9:3, GAD7:2','无','2023-03-22 09:20:00','2023-03-22 09:00:00','2023-03-22 09:20:00'),(112,'2022010207','第1学期',3,'WHO5:7, PHQ9:18, GAD7:16','危险','2022-09-22 09:20:00','2022-09-22 09:00:00','2022-09-22 09:20:00'),(113,'2022010206','第8学期',3,'WHO5:7, PHQ9:18, GAD7:16','危险','2026-03-21 09:20:00','2026-03-21 09:00:00','2026-03-21 09:20:00'),(114,'2022010206','第7学期',3,'WHO5:18, PHQ9:3, GAD7:2','无','2025-09-21 09:20:00','2025-09-21 09:00:00','2025-09-21 09:20:00'),(115,'2022010206','第6学期',3,'WHO5:18, PHQ9:3, GAD7:2','无','2025-03-21 09:20:00','2025-03-21 09:00:00','2025-03-21 09:20:00'),(116,'2022010206','第5学期',3,'WHO5:7, PHQ9:18, GAD7:16','危险','2024-09-21 09:20:00','2024-09-21 09:00:00','2024-09-21 09:20:00'),(117,'2022010206','第4学期',3,'WHO5:18, PHQ9:3, GAD7:2','无','2024-03-21 09:20:00','2024-03-21 09:00:00','2024-03-21 09:20:00'),(118,'2022010206','第3学期',3,'WHO5:18, PHQ9:3, GAD7:2','无','2023-09-21 09:20:00','2023-09-21 09:00:00','2023-09-21 09:20:00'),(119,'2022010206','第2学期',3,'WHO5:7, PHQ9:18, GAD7:16','危险','2023-03-21 09:20:00','2023-03-21 09:00:00','2023-03-21 09:20:00'),(120,'2022010206','第1学期',3,'WHO5:18, PHQ9:3, GAD7:2','无','2022-09-21 09:20:00','2022-09-21 09:00:00','2022-09-21 09:20:00'),(121,'2022010205','第8学期',3,'WHO5:7, PHQ9:18, GAD7:16','危险','2026-03-20 09:20:00','2026-03-20 09:00:00','2026-03-20 09:20:00'),(122,'2022010205','第7学期',3,'WHO5:18, PHQ9:3, GAD7:2','无','2025-09-20 09:20:00','2025-09-20 09:00:00','2025-09-20 09:20:00'),(123,'2022010205','第6学期',3,'WHO5:7, PHQ9:18, GAD7:16','危险','2025-03-20 09:20:00','2025-03-20 09:00:00','2025-03-20 09:20:00'),(124,'2022010205','第5学期',3,'WHO5:18, PHQ9:3, GAD7:2','无','2024-09-20 09:20:00','2024-09-20 09:00:00','2024-09-20 09:20:00'),(125,'2022010205','第4学期',3,'WHO5:18, PHQ9:3, GAD7:2','无','2024-03-20 09:20:00','2024-03-20 09:00:00','2024-03-20 09:20:00'),(126,'2022010205','第3学期',3,'WHO5:7, PHQ9:18, GAD7:16','危险','2023-09-20 09:20:00','2023-09-20 09:00:00','2023-09-20 09:20:00'),(127,'2022010205','第2学期',3,'WHO5:18, PHQ9:3, GAD7:2','无','2023-03-20 09:20:00','2023-03-20 09:00:00','2023-03-20 09:20:00'),(128,'2022010205','第1学期',3,'WHO5:18, PHQ9:3, GAD7:2','无','2022-09-20 09:20:00','2022-09-20 09:00:00','2022-09-20 09:20:00'),(129,'2022010204','第8学期',3,'WHO5:18, PHQ9:3, GAD7:2','无','2026-03-19 09:20:00','2026-03-19 09:00:00','2026-03-19 09:20:00'),(130,'2022010204','第7学期',3,'WHO5:7, PHQ9:18, GAD7:16','危险','2025-09-19 09:20:00','2025-09-19 09:00:00','2025-09-19 09:20:00'),(131,'2022010204','第6学期',3,'WHO5:18, PHQ9:3, GAD7:2','无','2025-03-19 09:20:00','2025-03-19 09:00:00','2025-03-19 09:20:00'),(132,'2022010204','第5学期',3,'WHO5:18, PHQ9:3, GAD7:2','无','2024-09-19 09:20:00','2024-09-19 09:00:00','2024-09-19 09:20:00'),(133,'2022010204','第4学期',3,'WHO5:7, PHQ9:18, GAD7:16','危险','2024-03-19 09:20:00','2024-03-19 09:00:00','2024-03-19 09:20:00'),(134,'2022010204','第3学期',3,'WHO5:18, PHQ9:3, GAD7:2','无','2023-09-19 09:20:00','2023-09-19 09:00:00','2023-09-19 09:20:00'),(135,'2022010204','第2学期',3,'WHO5:18, PHQ9:3, GAD7:2','无','2023-03-19 09:20:00','2023-03-19 09:00:00','2023-03-19 09:20:00'),(136,'2022010204','第1学期',3,'WHO5:7, PHQ9:18, GAD7:16','危险','2022-09-19 09:20:00','2022-09-19 09:00:00','2022-09-19 09:20:00'),(137,'2022010203','第8学期',3,'WHO5:7, PHQ9:18, GAD7:16','危险','2026-03-18 09:20:00','2026-03-18 09:00:00','2026-03-18 09:20:00'),(138,'2022010203','第7学期',3,'WHO5:18, PHQ9:3, GAD7:2','无','2025-09-18 09:20:00','2025-09-18 09:00:00','2025-09-18 09:20:00'),(139,'2022010203','第6学期',3,'WHO5:18, PHQ9:3, GAD7:2','无','2025-03-18 09:20:00','2025-03-18 09:00:00','2025-03-18 09:20:00'),(140,'2022010203','第5学期',3,'WHO5:7, PHQ9:18, GAD7:16','危险','2024-09-18 09:20:00','2024-09-18 09:00:00','2024-09-18 09:20:00'),(141,'2022010203','第4学期',3,'WHO5:18, PHQ9:3, GAD7:2','无','2024-03-18 09:20:00','2024-03-18 09:00:00','2024-03-18 09:20:00'),(142,'2022010203','第3学期',3,'WHO5:18, PHQ9:3, GAD7:2','无','2023-09-18 09:20:00','2023-09-18 09:00:00','2023-09-18 09:20:00'),(143,'2022010203','第2学期',3,'WHO5:7, PHQ9:18, GAD7:16','危险','2023-03-18 09:20:00','2023-03-18 09:00:00','2023-03-18 09:20:00'),(144,'2022010203','第1学期',3,'WHO5:18, PHQ9:3, GAD7:2','无','2022-09-18 09:20:00','2022-09-18 09:00:00','2022-09-18 09:20:00'),(145,'2022010202','第8学期',3,'WHO5:7, PHQ9:18, GAD7:16','危险','2026-03-17 09:20:00','2026-03-17 09:00:00','2026-03-17 09:20:00'),(146,'2022010202','第7学期',3,'WHO5:18, PHQ9:3, GAD7:2','无','2025-09-17 09:20:00','2025-09-17 09:00:00','2025-09-17 09:20:00'),(147,'2022010202','第6学期',3,'WHO5:7, PHQ9:18, GAD7:16','危险','2025-03-17 09:20:00','2025-03-17 09:00:00','2025-03-17 09:20:00'),(148,'2022010202','第5学期',3,'WHO5:18, PHQ9:3, GAD7:2','无','2024-09-17 09:20:00','2024-09-17 09:00:00','2024-09-17 09:20:00'),(149,'2022010202','第4学期',3,'WHO5:18, PHQ9:3, GAD7:2','无','2024-03-17 09:20:00','2024-03-17 09:00:00','2024-03-17 09:20:00'),(150,'2022010202','第3学期',3,'WHO5:7, PHQ9:18, GAD7:16','危险','2023-09-17 09:20:00','2023-09-17 09:00:00','2023-09-17 09:20:00'),(151,'2022010202','第2学期',3,'WHO5:18, PHQ9:3, GAD7:2','无','2023-03-17 09:20:00','2023-03-17 09:00:00','2023-03-17 09:20:00'),(152,'2022010202','第1学期',3,'WHO5:18, PHQ9:3, GAD7:2','无','2022-09-17 09:20:00','2022-09-17 09:00:00','2022-09-17 09:20:00'),(153,'2022010201','第8学期',3,'WHO5:18, PHQ9:3, GAD7:2','无','2026-03-16 09:20:00','2026-03-16 09:00:00','2026-03-16 09:20:00'),(154,'2022010201','第7学期',3,'WHO5:7, PHQ9:18, GAD7:16','危险','2025-09-16 09:20:00','2025-09-16 09:00:00','2025-09-16 09:20:00'),(155,'2022010201','第6学期',3,'WHO5:18, PHQ9:3, GAD7:2','无','2025-03-16 09:20:00','2025-03-16 09:00:00','2025-03-16 09:20:00'),(156,'2022010201','第5学期',3,'WHO5:18, PHQ9:3, GAD7:2','无','2024-09-16 09:20:00','2024-09-16 09:00:00','2024-09-16 09:20:00'),(157,'2022010201','第4学期',3,'WHO5:7, PHQ9:18, GAD7:16','危险','2024-03-16 09:20:00','2024-03-16 09:00:00','2024-03-16 09:20:00'),(158,'2022010201','第3学期',3,'WHO5:18, PHQ9:3, GAD7:2','无','2023-09-16 09:20:00','2023-09-16 09:00:00','2023-09-16 09:20:00'),(159,'2022010201','第2学期',3,'WHO5:18, PHQ9:3, GAD7:2','无','2023-03-16 09:20:00','2023-03-16 09:00:00','2023-03-16 09:20:00'),(160,'2022010201','第1学期',3,'WHO5:7, PHQ9:18, GAD7:16','危险','2022-09-16 09:20:00','2022-09-16 09:00:00','2022-09-16 09:20:00'),(161,'2022010310','第8学期',3,'WHO5:7, PHQ9:18, GAD7:16','危险','2026-03-25 09:20:00','2026-03-25 09:00:00','2026-03-25 09:20:00'),(162,'2022010310','第7学期',3,'WHO5:18, PHQ9:3, GAD7:2','无','2025-09-25 09:20:00','2025-09-25 09:00:00','2025-09-25 09:20:00'),(163,'2022010310','第6学期',3,'WHO5:7, PHQ9:18, GAD7:16','危险','2025-03-25 09:20:00','2025-03-25 09:00:00','2025-03-25 09:20:00'),(164,'2022010310','第5学期',3,'WHO5:18, PHQ9:3, GAD7:2','无','2024-09-25 09:20:00','2024-09-25 09:00:00','2024-09-25 09:20:00'),(165,'2022010310','第4学期',3,'WHO5:18, PHQ9:3, GAD7:2','无','2024-03-25 09:20:00','2024-03-25 09:00:00','2024-03-25 09:20:00'),(166,'2022010310','第3学期',3,'WHO5:7, PHQ9:18, GAD7:16','危险','2023-09-25 09:20:00','2023-09-25 09:00:00','2023-09-25 09:20:00'),(167,'2022010310','第2学期',3,'WHO5:18, PHQ9:3, GAD7:2','无','2023-03-25 09:20:00','2023-03-25 09:00:00','2023-03-25 09:20:00'),(168,'2022010310','第1学期',3,'WHO5:18, PHQ9:3, GAD7:2','无','2022-09-25 09:20:00','2022-09-25 09:00:00','2022-09-25 09:20:00'),(169,'2022010309','第8学期',3,'WHO5:18, PHQ9:3, GAD7:2','无','2026-03-24 09:20:00','2026-03-24 09:00:00','2026-03-24 09:20:00'),(170,'2022010309','第7学期',3,'WHO5:7, PHQ9:18, GAD7:16','危险','2025-09-24 09:20:00','2025-09-24 09:00:00','2025-09-24 09:20:00'),(171,'2022010309','第6学期',3,'WHO5:18, PHQ9:3, GAD7:2','无','2025-03-24 09:20:00','2025-03-24 09:00:00','2025-03-24 09:20:00'),(172,'2022010309','第5学期',3,'WHO5:18, PHQ9:3, GAD7:2','无','2024-09-24 09:20:00','2024-09-24 09:00:00','2024-09-24 09:20:00'),(173,'2022010309','第4学期',3,'WHO5:7, PHQ9:18, GAD7:16','危险','2024-03-24 09:20:00','2024-03-24 09:00:00','2024-03-24 09:20:00'),(174,'2022010309','第3学期',3,'WHO5:18, PHQ9:3, GAD7:2','无','2023-09-24 09:20:00','2023-09-24 09:00:00','2023-09-24 09:20:00'),(175,'2022010309','第2学期',3,'WHO5:18, PHQ9:3, GAD7:2','无','2023-03-24 09:20:00','2023-03-24 09:00:00','2023-03-24 09:20:00'),(176,'2022010309','第1学期',3,'WHO5:7, PHQ9:18, GAD7:16','危险','2022-09-24 09:20:00','2022-09-24 09:00:00','2022-09-24 09:20:00'),(177,'2022010308','第8学期',3,'WHO5:7, PHQ9:18, GAD7:16','危险','2026-03-23 09:20:00','2026-03-23 09:00:00','2026-03-23 09:20:00'),(178,'2022010308','第7学期',3,'WHO5:18, PHQ9:3, GAD7:2','无','2025-09-23 09:20:00','2025-09-23 09:00:00','2025-09-23 09:20:00'),(179,'2022010308','第6学期',3,'WHO5:18, PHQ9:3, GAD7:2','无','2025-03-23 09:20:00','2025-03-23 09:00:00','2025-03-23 09:20:00'),(180,'2022010308','第5学期',3,'WHO5:7, PHQ9:18, GAD7:16','危险','2024-09-23 09:20:00','2024-09-23 09:00:00','2024-09-23 09:20:00'),(181,'2022010308','第4学期',3,'WHO5:18, PHQ9:3, GAD7:2','无','2024-03-23 09:20:00','2024-03-23 09:00:00','2024-03-23 09:20:00'),(182,'2022010308','第3学期',3,'WHO5:18, PHQ9:3, GAD7:2','无','2023-09-23 09:20:00','2023-09-23 09:00:00','2023-09-23 09:20:00'),(183,'2022010308','第2学期',3,'WHO5:7, PHQ9:18, GAD7:16','危险','2023-03-23 09:20:00','2023-03-23 09:00:00','2023-03-23 09:20:00'),(184,'2022010308','第1学期',3,'WHO5:18, PHQ9:3, GAD7:2','无','2022-09-23 09:20:00','2022-09-23 09:00:00','2022-09-23 09:20:00'),(185,'2022010307','第8学期',3,'WHO5:7, PHQ9:18, GAD7:16','危险','2026-03-22 09:20:00','2026-03-22 09:00:00','2026-03-22 09:20:00'),(186,'2022010307','第7学期',3,'WHO5:18, PHQ9:3, GAD7:2','无','2025-09-22 09:20:00','2025-09-22 09:00:00','2025-09-22 09:20:00'),(187,'2022010307','第6学期',3,'WHO5:7, PHQ9:18, GAD7:16','危险','2025-03-22 09:20:00','2025-03-22 09:00:00','2025-03-22 09:20:00'),(188,'2022010307','第5学期',3,'WHO5:18, PHQ9:3, GAD7:2','无','2024-09-22 09:20:00','2024-09-22 09:00:00','2024-09-22 09:20:00'),(189,'2022010307','第4学期',3,'WHO5:18, PHQ9:3, GAD7:2','无','2024-03-22 09:20:00','2024-03-22 09:00:00','2024-03-22 09:20:00'),(190,'2022010307','第3学期',3,'WHO5:7, PHQ9:18, GAD7:16','危险','2023-09-22 09:20:00','2023-09-22 09:00:00','2023-09-22 09:20:00'),(191,'2022010307','第2学期',3,'WHO5:18, PHQ9:3, GAD7:2','无','2023-03-22 09:20:00','2023-03-22 09:00:00','2023-03-22 09:20:00'),(192,'2022010307','第1学期',3,'WHO5:18, PHQ9:3, GAD7:2','无','2022-09-22 09:20:00','2022-09-22 09:00:00','2022-09-22 09:20:00'),(193,'2022010306','第8学期',3,'WHO5:18, PHQ9:3, GAD7:2','无','2026-03-21 09:20:00','2026-03-21 09:00:00','2026-03-21 09:20:00'),(194,'2022010306','第7学期',3,'WHO5:7, PHQ9:18, GAD7:16','危险','2025-09-21 09:20:00','2025-09-21 09:00:00','2025-09-21 09:20:00'),(195,'2022010306','第6学期',3,'WHO5:18, PHQ9:3, GAD7:2','无','2025-03-21 09:20:00','2025-03-21 09:00:00','2025-03-21 09:20:00'),(196,'2022010306','第5学期',3,'WHO5:18, PHQ9:3, GAD7:2','无','2024-09-21 09:20:00','2024-09-21 09:00:00','2024-09-21 09:20:00'),(197,'2022010306','第4学期',3,'WHO5:7, PHQ9:18, GAD7:16','危险','2024-03-21 09:20:00','2024-03-21 09:00:00','2024-03-21 09:20:00'),(198,'2022010306','第3学期',3,'WHO5:18, PHQ9:3, GAD7:2','无','2023-09-21 09:20:00','2023-09-21 09:00:00','2023-09-21 09:20:00'),(199,'2022010306','第2学期',3,'WHO5:18, PHQ9:3, GAD7:2','无','2023-03-21 09:20:00','2023-03-21 09:00:00','2023-03-21 09:20:00'),(200,'2022010306','第1学期',3,'WHO5:7, PHQ9:18, GAD7:16','危险','2022-09-21 09:20:00','2022-09-21 09:00:00','2022-09-21 09:20:00'),(201,'2022010305','第8学期',3,'WHO5:7, PHQ9:18, GAD7:16','危险','2026-03-20 09:20:00','2026-03-20 09:00:00','2026-03-20 09:20:00'),(202,'2022010305','第7学期',3,'WHO5:18, PHQ9:3, GAD7:2','无','2025-09-20 09:20:00','2025-09-20 09:00:00','2025-09-20 09:20:00'),(203,'2022010305','第6学期',3,'WHO5:18, PHQ9:3, GAD7:2','无','2025-03-20 09:20:00','2025-03-20 09:00:00','2025-03-20 09:20:00'),(204,'2022010305','第5学期',3,'WHO5:7, PHQ9:18, GAD7:16','危险','2024-09-20 09:20:00','2024-09-20 09:00:00','2024-09-20 09:20:00'),(205,'2022010305','第4学期',3,'WHO5:18, PHQ9:3, GAD7:2','无','2024-03-20 09:20:00','2024-03-20 09:00:00','2024-03-20 09:20:00'),(206,'2022010305','第3学期',3,'WHO5:18, PHQ9:3, GAD7:2','无','2023-09-20 09:20:00','2023-09-20 09:00:00','2023-09-20 09:20:00'),(207,'2022010305','第2学期',3,'WHO5:7, PHQ9:18, GAD7:16','危险','2023-03-20 09:20:00','2023-03-20 09:00:00','2023-03-20 09:20:00'),(208,'2022010305','第1学期',3,'WHO5:18, PHQ9:3, GAD7:2','无','2022-09-20 09:20:00','2022-09-20 09:00:00','2022-09-20 09:20:00'),(209,'2022010304','第8学期',3,'WHO5:7, PHQ9:18, GAD7:16','危险','2026-03-19 09:20:00','2026-03-19 09:00:00','2026-03-19 09:20:00'),(210,'2022010304','第7学期',3,'WHO5:18, PHQ9:3, GAD7:2','无','2025-09-19 09:20:00','2025-09-19 09:00:00','2025-09-19 09:20:00'),(211,'2022010304','第6学期',3,'WHO5:7, PHQ9:18, GAD7:16','危险','2025-03-19 09:20:00','2025-03-19 09:00:00','2025-03-19 09:20:00'),(212,'2022010304','第5学期',3,'WHO5:18, PHQ9:3, GAD7:2','无','2024-09-19 09:20:00','2024-09-19 09:00:00','2024-09-19 09:20:00'),(213,'2022010304','第4学期',3,'WHO5:18, PHQ9:3, GAD7:2','无','2024-03-19 09:20:00','2024-03-19 09:00:00','2024-03-19 09:20:00'),(214,'2022010304','第3学期',3,'WHO5:7, PHQ9:18, GAD7:16','危险','2023-09-19 09:20:00','2023-09-19 09:00:00','2023-09-19 09:20:00'),(215,'2022010304','第2学期',3,'WHO5:18, PHQ9:3, GAD7:2','无','2023-03-19 09:20:00','2023-03-19 09:00:00','2023-03-19 09:20:00'),(216,'2022010304','第1学期',3,'WHO5:18, PHQ9:3, GAD7:2','无','2022-09-19 09:20:00','2022-09-19 09:00:00','2022-09-19 09:20:00'),(217,'2022010303','第8学期',3,'WHO5:18, PHQ9:3, GAD7:2','无','2026-03-18 09:20:00','2026-03-18 09:00:00','2026-03-18 09:20:00'),(218,'2022010303','第7学期',3,'WHO5:7, PHQ9:18, GAD7:16','危险','2025-09-18 09:20:00','2025-09-18 09:00:00','2025-09-18 09:20:00'),(219,'2022010303','第6学期',3,'WHO5:18, PHQ9:3, GAD7:2','无','2025-03-18 09:20:00','2025-03-18 09:00:00','2025-03-18 09:20:00'),(220,'2022010303','第5学期',3,'WHO5:18, PHQ9:3, GAD7:2','无','2024-09-18 09:20:00','2024-09-18 09:00:00','2024-09-18 09:20:00'),(221,'2022010303','第4学期',3,'WHO5:7, PHQ9:18, GAD7:16','危险','2024-03-18 09:20:00','2024-03-18 09:00:00','2024-03-18 09:20:00'),(222,'2022010303','第3学期',3,'WHO5:18, PHQ9:3, GAD7:2','无','2023-09-18 09:20:00','2023-09-18 09:00:00','2023-09-18 09:20:00'),(223,'2022010303','第2学期',3,'WHO5:18, PHQ9:3, GAD7:2','无','2023-03-18 09:20:00','2023-03-18 09:00:00','2023-03-18 09:20:00'),(224,'2022010303','第1学期',3,'WHO5:7, PHQ9:18, GAD7:16','危险','2022-09-18 09:20:00','2022-09-18 09:00:00','2022-09-18 09:20:00'),(225,'2022010302','第8学期',3,'WHO5:7, PHQ9:18, GAD7:16','危险','2026-03-17 09:20:00','2026-03-17 09:00:00','2026-03-17 09:20:00'),(226,'2022010302','第7学期',3,'WHO5:18, PHQ9:3, GAD7:2','无','2025-09-17 09:20:00','2025-09-17 09:00:00','2025-09-17 09:20:00'),(227,'2022010302','第6学期',3,'WHO5:18, PHQ9:3, GAD7:2','无','2025-03-17 09:20:00','2025-03-17 09:00:00','2025-03-17 09:20:00'),(228,'2022010302','第5学期',3,'WHO5:7, PHQ9:18, GAD7:16','危险','2024-09-17 09:20:00','2024-09-17 09:00:00','2024-09-17 09:20:00'),(229,'2022010302','第4学期',3,'WHO5:18, PHQ9:3, GAD7:2','无','2024-03-17 09:20:00','2024-03-17 09:00:00','2024-03-17 09:20:00'),(230,'2022010302','第3学期',3,'WHO5:18, PHQ9:3, GAD7:2','无','2023-09-17 09:20:00','2023-09-17 09:00:00','2023-09-17 09:20:00'),(231,'2022010302','第2学期',3,'WHO5:7, PHQ9:18, GAD7:16','危险','2023-03-17 09:20:00','2023-03-17 09:00:00','2023-03-17 09:20:00'),(232,'2022010302','第1学期',3,'WHO5:18, PHQ9:3, GAD7:2','无','2022-09-17 09:20:00','2022-09-17 09:00:00','2022-09-17 09:20:00'),(233,'2022010301','第8学期',3,'WHO5:7, PHQ9:18, GAD7:16','危险','2026-03-16 09:20:00','2026-03-16 09:00:00','2026-03-16 09:20:00'),(234,'2022010301','第7学期',3,'WHO5:18, PHQ9:3, GAD7:2','无','2025-09-16 09:20:00','2025-09-16 09:00:00','2025-09-16 09:20:00'),(235,'2022010301','第6学期',3,'WHO5:7, PHQ9:18, GAD7:16','危险','2025-03-16 09:20:00','2025-03-16 09:00:00','2025-03-16 09:20:00'),(236,'2022010301','第5学期',3,'WHO5:18, PHQ9:3, GAD7:2','无','2024-09-16 09:20:00','2024-09-16 09:00:00','2024-09-16 09:20:00'),(237,'2022010301','第4学期',3,'WHO5:18, PHQ9:3, GAD7:2','无','2024-03-16 09:20:00','2024-03-16 09:00:00','2024-03-16 09:20:00'),(238,'2022010301','第3学期',3,'WHO5:7, PHQ9:18, GAD7:16','危险','2023-09-16 09:20:00','2023-09-16 09:00:00','2023-09-16 09:20:00'),(239,'2022010301','第2学期',3,'WHO5:18, PHQ9:3, GAD7:2','无','2023-03-16 09:20:00','2023-03-16 09:00:00','2023-03-16 09:20:00'),(240,'2022010301','第1学期',3,'WHO5:18, PHQ9:3, GAD7:2','无','2022-09-16 09:20:00','2022-09-16 09:00:00','2022-09-16 09:20:00'),(241,'2022010410','第8学期',3,'WHO5:7, PHQ9:18, GAD7:16','危险','2026-03-25 09:20:00','2026-03-25 09:00:00','2026-03-25 09:20:00'),(242,'2022010410','第7学期',3,'WHO5:18, PHQ9:3, GAD7:2','无','2025-09-25 09:20:00','2025-09-25 09:00:00','2025-09-25 09:20:00'),(243,'2022010410','第6学期',3,'WHO5:18, PHQ9:3, GAD7:2','无','2025-03-25 09:20:00','2025-03-25 09:00:00','2025-03-25 09:20:00'),(244,'2022010410','第5学期',3,'WHO5:7, PHQ9:18, GAD7:16','危险','2024-09-25 09:20:00','2024-09-25 09:00:00','2024-09-25 09:20:00'),(245,'2022010410','第4学期',3,'WHO5:18, PHQ9:3, GAD7:2','无','2024-03-25 09:20:00','2024-03-25 09:00:00','2024-03-25 09:20:00'),(246,'2022010410','第3学期',3,'WHO5:18, PHQ9:3, GAD7:2','无','2023-09-25 09:20:00','2023-09-25 09:00:00','2023-09-25 09:20:00'),(247,'2022010410','第2学期',3,'WHO5:7, PHQ9:18, GAD7:16','危险','2023-03-25 09:20:00','2023-03-25 09:00:00','2023-03-25 09:20:00'),(248,'2022010410','第1学期',3,'WHO5:18, PHQ9:3, GAD7:2','无','2022-09-25 09:20:00','2022-09-25 09:00:00','2022-09-25 09:20:00'),(249,'2022010409','第8学期',3,'WHO5:7, PHQ9:18, GAD7:16','危险','2026-03-24 09:20:00','2026-03-24 09:00:00','2026-03-24 09:20:00'),(250,'2022010409','第7学期',3,'WHO5:18, PHQ9:3, GAD7:2','无','2025-09-24 09:20:00','2025-09-24 09:00:00','2025-09-24 09:20:00'),(251,'2022010409','第6学期',3,'WHO5:7, PHQ9:18, GAD7:16','危险','2025-03-24 09:20:00','2025-03-24 09:00:00','2025-03-24 09:20:00'),(252,'2022010409','第5学期',3,'WHO5:18, PHQ9:3, GAD7:2','无','2024-09-24 09:20:00','2024-09-24 09:00:00','2024-09-24 09:20:00'),(253,'2022010409','第4学期',3,'WHO5:18, PHQ9:3, GAD7:2','无','2024-03-24 09:20:00','2024-03-24 09:00:00','2024-03-24 09:20:00'),(254,'2022010409','第3学期',3,'WHO5:7, PHQ9:18, GAD7:16','危险','2023-09-24 09:20:00','2023-09-24 09:00:00','2023-09-24 09:20:00'),(255,'2022010409','第2学期',3,'WHO5:18, PHQ9:3, GAD7:2','无','2023-03-24 09:20:00','2023-03-24 09:00:00','2023-03-24 09:20:00'),(256,'2022010409','第1学期',3,'WHO5:18, PHQ9:3, GAD7:2','无','2022-09-24 09:20:00','2022-09-24 09:00:00','2022-09-24 09:20:00'),(257,'2022010408','第8学期',3,'WHO5:18, PHQ9:3, GAD7:2','无','2026-03-23 09:20:00','2026-03-23 09:00:00','2026-03-23 09:20:00'),(258,'2022010408','第7学期',3,'WHO5:7, PHQ9:18, GAD7:16','危险','2025-09-23 09:20:00','2025-09-23 09:00:00','2025-09-23 09:20:00'),(259,'2022010408','第6学期',3,'WHO5:18, PHQ9:3, GAD7:2','无','2025-03-23 09:20:00','2025-03-23 09:00:00','2025-03-23 09:20:00'),(260,'2022010408','第5学期',3,'WHO5:18, PHQ9:3, GAD7:2','无','2024-09-23 09:20:00','2024-09-23 09:00:00','2024-09-23 09:20:00'),(261,'2022010408','第4学期',3,'WHO5:7, PHQ9:18, GAD7:16','危险','2024-03-23 09:20:00','2024-03-23 09:00:00','2024-03-23 09:20:00'),(262,'2022010408','第3学期',3,'WHO5:18, PHQ9:3, GAD7:2','无','2023-09-23 09:20:00','2023-09-23 09:00:00','2023-09-23 09:20:00'),(263,'2022010408','第2学期',3,'WHO5:18, PHQ9:3, GAD7:2','无','2023-03-23 09:20:00','2023-03-23 09:00:00','2023-03-23 09:20:00'),(264,'2022010408','第1学期',3,'WHO5:7, PHQ9:18, GAD7:16','危险','2022-09-23 09:20:00','2022-09-23 09:00:00','2022-09-23 09:20:00'),(265,'2022010407','第8学期',3,'WHO5:7, PHQ9:18, GAD7:16','危险','2026-03-22 09:20:00','2026-03-22 09:00:00','2026-03-22 09:20:00'),(266,'2022010407','第7学期',3,'WHO5:18, PHQ9:3, GAD7:2','无','2025-09-22 09:20:00','2025-09-22 09:00:00','2025-09-22 09:20:00'),(267,'2022010407','第6学期',3,'WHO5:18, PHQ9:3, GAD7:2','无','2025-03-22 09:20:00','2025-03-22 09:00:00','2025-03-22 09:20:00'),(268,'2022010407','第5学期',3,'WHO5:7, PHQ9:18, GAD7:16','危险','2024-09-22 09:20:00','2024-09-22 09:00:00','2024-09-22 09:20:00'),(269,'2022010407','第4学期',3,'WHO5:18, PHQ9:3, GAD7:2','无','2024-03-22 09:20:00','2024-03-22 09:00:00','2024-03-22 09:20:00'),(270,'2022010407','第3学期',3,'WHO5:18, PHQ9:3, GAD7:2','无','2023-09-22 09:20:00','2023-09-22 09:00:00','2023-09-22 09:20:00'),(271,'2022010407','第2学期',3,'WHO5:7, PHQ9:18, GAD7:16','危险','2023-03-22 09:20:00','2023-03-22 09:00:00','2023-03-22 09:20:00'),(272,'2022010407','第1学期',3,'WHO5:18, PHQ9:3, GAD7:2','无','2022-09-22 09:20:00','2022-09-22 09:00:00','2022-09-22 09:20:00'),(273,'2022010406','第8学期',3,'WHO5:7, PHQ9:18, GAD7:16','危险','2026-03-21 09:20:00','2026-03-21 09:00:00','2026-03-21 09:20:00'),(274,'2022010406','第7学期',3,'WHO5:18, PHQ9:3, GAD7:2','无','2025-09-21 09:20:00','2025-09-21 09:00:00','2025-09-21 09:20:00'),(275,'2022010406','第6学期',3,'WHO5:7, PHQ9:18, GAD7:16','危险','2025-03-21 09:20:00','2025-03-21 09:00:00','2025-03-21 09:20:00'),(276,'2022010406','第5学期',3,'WHO5:18, PHQ9:3, GAD7:2','无','2024-09-21 09:20:00','2024-09-21 09:00:00','2024-09-21 09:20:00'),(277,'2022010406','第4学期',3,'WHO5:18, PHQ9:3, GAD7:2','无','2024-03-21 09:20:00','2024-03-21 09:00:00','2024-03-21 09:20:00'),(278,'2022010406','第3学期',3,'WHO5:7, PHQ9:18, GAD7:16','危险','2023-09-21 09:20:00','2023-09-21 09:00:00','2023-09-21 09:20:00'),(279,'2022010406','第2学期',3,'WHO5:18, PHQ9:3, GAD7:2','无','2023-03-21 09:20:00','2023-03-21 09:00:00','2023-03-21 09:20:00'),(280,'2022010406','第1学期',3,'WHO5:18, PHQ9:3, GAD7:2','无','2022-09-21 09:20:00','2022-09-21 09:00:00','2022-09-21 09:20:00'),(281,'2022010405','第8学期',3,'WHO5:18, PHQ9:3, GAD7:2','无','2026-03-20 09:20:00','2026-03-20 09:00:00','2026-03-20 09:20:00'),(282,'2022010405','第7学期',3,'WHO5:7, PHQ9:18, GAD7:16','危险','2025-09-20 09:20:00','2025-09-20 09:00:00','2025-09-20 09:20:00'),(283,'2022010405','第6学期',3,'WHO5:18, PHQ9:3, GAD7:2','无','2025-03-20 09:20:00','2025-03-20 09:00:00','2025-03-20 09:20:00'),(284,'2022010405','第5学期',3,'WHO5:18, PHQ9:3, GAD7:2','无','2024-09-20 09:20:00','2024-09-20 09:00:00','2024-09-20 09:20:00'),(285,'2022010405','第4学期',3,'WHO5:7, PHQ9:18, GAD7:16','危险','2024-03-20 09:20:00','2024-03-20 09:00:00','2024-03-20 09:20:00'),(286,'2022010405','第3学期',3,'WHO5:18, PHQ9:3, GAD7:2','无','2023-09-20 09:20:00','2023-09-20 09:00:00','2023-09-20 09:20:00'),(287,'2022010405','第2学期',3,'WHO5:18, PHQ9:3, GAD7:2','无','2023-03-20 09:20:00','2023-03-20 09:00:00','2023-03-20 09:20:00'),(288,'2022010405','第1学期',3,'WHO5:7, PHQ9:18, GAD7:16','危险','2022-09-20 09:20:00','2022-09-20 09:00:00','2022-09-20 09:20:00'),(289,'2022010404','第8学期',3,'WHO5:7, PHQ9:18, GAD7:16','危险','2026-03-19 09:20:00','2026-03-19 09:00:00','2026-03-19 09:20:00'),(290,'2022010404','第7学期',3,'WHO5:18, PHQ9:3, GAD7:2','无','2025-09-19 09:20:00','2025-09-19 09:00:00','2025-09-19 09:20:00'),(291,'2022010404','第6学期',3,'WHO5:18, PHQ9:3, GAD7:2','无','2025-03-19 09:20:00','2025-03-19 09:00:00','2025-03-19 09:20:00'),(292,'2022010404','第5学期',3,'WHO5:7, PHQ9:18, GAD7:16','危险','2024-09-19 09:20:00','2024-09-19 09:00:00','2024-09-19 09:20:00'),(293,'2022010404','第4学期',3,'WHO5:18, PHQ9:3, GAD7:2','无','2024-03-19 09:20:00','2024-03-19 09:00:00','2024-03-19 09:20:00'),(294,'2022010404','第3学期',3,'WHO5:18, PHQ9:3, GAD7:2','无','2023-09-19 09:20:00','2023-09-19 09:00:00','2023-09-19 09:20:00'),(295,'2022010404','第2学期',3,'WHO5:7, PHQ9:18, GAD7:16','危险','2023-03-19 09:20:00','2023-03-19 09:00:00','2023-03-19 09:20:00'),(296,'2022010404','第1学期',3,'WHO5:18, PHQ9:3, GAD7:2','无','2022-09-19 09:20:00','2022-09-19 09:00:00','2022-09-19 09:20:00'),(297,'2022010403','第8学期',3,'WHO5:7, PHQ9:18, GAD7:16','危险','2026-03-18 09:20:00','2026-03-18 09:00:00','2026-03-18 09:20:00'),(298,'2022010403','第7学期',3,'WHO5:18, PHQ9:3, GAD7:2','无','2025-09-18 09:20:00','2025-09-18 09:00:00','2025-09-18 09:20:00'),(299,'2022010403','第6学期',3,'WHO5:7, PHQ9:18, GAD7:16','危险','2025-03-18 09:20:00','2025-03-18 09:00:00','2025-03-18 09:20:00'),(300,'2022010403','第5学期',3,'WHO5:18, PHQ9:3, GAD7:2','无','2024-09-18 09:20:00','2024-09-18 09:00:00','2024-09-18 09:20:00'),(301,'2022010403','第4学期',3,'WHO5:18, PHQ9:3, GAD7:2','无','2024-03-18 09:20:00','2024-03-18 09:00:00','2024-03-18 09:20:00'),(302,'2022010403','第3学期',3,'WHO5:7, PHQ9:18, GAD7:16','危险','2023-09-18 09:20:00','2023-09-18 09:00:00','2023-09-18 09:20:00'),(303,'2022010403','第2学期',3,'WHO5:18, PHQ9:3, GAD7:2','无','2023-03-18 09:20:00','2023-03-18 09:00:00','2023-03-18 09:20:00'),(304,'2022010403','第1学期',3,'WHO5:18, PHQ9:3, GAD7:2','无','2022-09-18 09:20:00','2022-09-18 09:00:00','2022-09-18 09:20:00'),(305,'2022010402','第8学期',3,'WHO5:18, PHQ9:3, GAD7:2','无','2026-03-17 09:20:00','2026-03-17 09:00:00','2026-03-17 09:20:00'),(306,'2022010402','第7学期',3,'WHO5:7, PHQ9:18, GAD7:16','危险','2025-09-17 09:20:00','2025-09-17 09:00:00','2025-09-17 09:20:00'),(307,'2022010402','第6学期',3,'WHO5:18, PHQ9:3, GAD7:2','无','2025-03-17 09:20:00','2025-03-17 09:00:00','2025-03-17 09:20:00'),(308,'2022010402','第5学期',3,'WHO5:18, PHQ9:3, GAD7:2','无','2024-09-17 09:20:00','2024-09-17 09:00:00','2024-09-17 09:20:00'),(309,'2022010402','第4学期',3,'WHO5:7, PHQ9:18, GAD7:16','危险','2024-03-17 09:20:00','2024-03-17 09:00:00','2024-03-17 09:20:00'),(310,'2022010402','第3学期',3,'WHO5:18, PHQ9:3, GAD7:2','无','2023-09-17 09:20:00','2023-09-17 09:00:00','2023-09-17 09:20:00'),(311,'2022010402','第2学期',3,'WHO5:18, PHQ9:3, GAD7:2','无','2023-03-17 09:20:00','2023-03-17 09:00:00','2023-03-17 09:20:00'),(312,'2022010402','第1学期',3,'WHO5:7, PHQ9:18, GAD7:16','危险','2022-09-17 09:20:00','2022-09-17 09:00:00','2022-09-17 09:20:00'),(313,'2022010401','第8学期',3,'WHO5:7, PHQ9:18, GAD7:16','危险','2026-03-16 09:20:00','2026-03-16 09:00:00','2026-03-16 09:20:00'),(314,'2022010401','第7学期',3,'WHO5:18, PHQ9:3, GAD7:2','无','2025-09-16 09:20:00','2025-09-16 09:00:00','2025-09-16 09:20:00'),(315,'2022010401','第6学期',3,'WHO5:18, PHQ9:3, GAD7:2','无','2025-03-16 09:20:00','2025-03-16 09:00:00','2025-03-16 09:20:00'),(316,'2022010401','第5学期',3,'WHO5:7, PHQ9:18, GAD7:16','危险','2024-09-16 09:20:00','2024-09-16 09:00:00','2024-09-16 09:20:00'),(317,'2022010401','第4学期',3,'WHO5:18, PHQ9:3, GAD7:2','无','2024-03-16 09:20:00','2024-03-16 09:00:00','2024-03-16 09:20:00'),(318,'2022010401','第3学期',3,'WHO5:18, PHQ9:3, GAD7:2','无','2023-09-16 09:20:00','2023-09-16 09:00:00','2023-09-16 09:20:00'),(319,'2022010401','第2学期',3,'WHO5:7, PHQ9:18, GAD7:16','危险','2023-03-16 09:20:00','2023-03-16 09:00:00','2023-03-16 09:20:00'),(320,'2022010401','第1学期',3,'WHO5:18, PHQ9:3, GAD7:2','无','2022-09-16 09:20:00','2022-09-16 09:00:00','2022-09-16 09:20:00'),(321,'2022010510','第8学期',3,'WHO5:18, PHQ9:3, GAD7:2','无','2026-03-25 09:20:00','2026-03-25 09:00:00','2026-03-25 09:20:00'),(322,'2022010510','第7学期',3,'WHO5:7, PHQ9:18, GAD7:16','危险','2025-09-25 09:20:00','2025-09-25 09:00:00','2025-09-25 09:20:00'),(323,'2022010510','第6学期',3,'WHO5:18, PHQ9:3, GAD7:2','无','2025-03-25 09:20:00','2025-03-25 09:00:00','2025-03-25 09:20:00'),(324,'2022010510','第5学期',3,'WHO5:18, PHQ9:3, GAD7:2','无','2024-09-25 09:20:00','2024-09-25 09:00:00','2024-09-25 09:20:00'),(325,'2022010510','第4学期',3,'WHO5:7, PHQ9:18, GAD7:16','危险','2024-03-25 09:20:00','2024-03-25 09:00:00','2024-03-25 09:20:00'),(326,'2022010510','第3学期',3,'WHO5:18, PHQ9:3, GAD7:2','无','2023-09-25 09:20:00','2023-09-25 09:00:00','2023-09-25 09:20:00'),(327,'2022010510','第2学期',3,'WHO5:18, PHQ9:3, GAD7:2','无','2023-03-25 09:20:00','2023-03-25 09:00:00','2023-03-25 09:20:00'),(328,'2022010510','第1学期',3,'WHO5:7, PHQ9:18, GAD7:16','危险','2022-09-25 09:20:00','2022-09-25 09:00:00','2022-09-25 09:20:00'),(329,'2022010509','第8学期',3,'WHO5:7, PHQ9:18, GAD7:16','危险','2026-03-24 09:20:00','2026-03-24 09:00:00','2026-03-24 09:20:00'),(330,'2022010509','第7学期',3,'WHO5:18, PHQ9:3, GAD7:2','无','2025-09-24 09:20:00','2025-09-24 09:00:00','2025-09-24 09:20:00'),(331,'2022010509','第6学期',3,'WHO5:18, PHQ9:3, GAD7:2','无','2025-03-24 09:20:00','2025-03-24 09:00:00','2025-03-24 09:20:00'),(332,'2022010509','第5学期',3,'WHO5:7, PHQ9:18, GAD7:16','危险','2024-09-24 09:20:00','2024-09-24 09:00:00','2024-09-24 09:20:00'),(333,'2022010509','第4学期',3,'WHO5:18, PHQ9:3, GAD7:2','无','2024-03-24 09:20:00','2024-03-24 09:00:00','2024-03-24 09:20:00'),(334,'2022010509','第3学期',3,'WHO5:18, PHQ9:3, GAD7:2','无','2023-09-24 09:20:00','2023-09-24 09:00:00','2023-09-24 09:20:00'),(335,'2022010509','第2学期',3,'WHO5:7, PHQ9:18, GAD7:16','危险','2023-03-24 09:20:00','2023-03-24 09:00:00','2023-03-24 09:20:00'),(336,'2022010509','第1学期',3,'WHO5:18, PHQ9:3, GAD7:2','无','2022-09-24 09:20:00','2022-09-24 09:00:00','2022-09-24 09:20:00'),(337,'2022010508','第8学期',3,'WHO5:7, PHQ9:18, GAD7:16','危险','2026-03-23 09:20:00','2026-03-23 09:00:00','2026-03-23 09:20:00'),(338,'2022010508','第7学期',3,'WHO5:18, PHQ9:3, GAD7:2','无','2025-09-23 09:20:00','2025-09-23 09:00:00','2025-09-23 09:20:00'),(339,'2022010508','第6学期',3,'WHO5:7, PHQ9:18, GAD7:16','危险','2025-03-23 09:20:00','2025-03-23 09:00:00','2025-03-23 09:20:00'),(340,'2022010508','第5学期',3,'WHO5:18, PHQ9:3, GAD7:2','无','2024-09-23 09:20:00','2024-09-23 09:00:00','2024-09-23 09:20:00'),(341,'2022010508','第4学期',3,'WHO5:18, PHQ9:3, GAD7:2','无','2024-03-23 09:20:00','2024-03-23 09:00:00','2024-03-23 09:20:00'),(342,'2022010508','第3学期',3,'WHO5:7, PHQ9:18, GAD7:16','危险','2023-09-23 09:20:00','2023-09-23 09:00:00','2023-09-23 09:20:00'),(343,'2022010508','第2学期',3,'WHO5:18, PHQ9:3, GAD7:2','无','2023-03-23 09:20:00','2023-03-23 09:00:00','2023-03-23 09:20:00'),(344,'2022010508','第1学期',3,'WHO5:18, PHQ9:3, GAD7:2','无','2022-09-23 09:20:00','2022-09-23 09:00:00','2022-09-23 09:20:00'),(345,'2022010507','第8学期',3,'WHO5:18, PHQ9:3, GAD7:2','无','2026-03-22 09:20:00','2026-03-22 09:00:00','2026-03-22 09:20:00'),(346,'2022010507','第7学期',3,'WHO5:7, PHQ9:18, GAD7:16','危险','2025-09-22 09:20:00','2025-09-22 09:00:00','2025-09-22 09:20:00'),(347,'2022010507','第6学期',3,'WHO5:18, PHQ9:3, GAD7:2','无','2025-03-22 09:20:00','2025-03-22 09:00:00','2025-03-22 09:20:00'),(348,'2022010507','第5学期',3,'WHO5:18, PHQ9:3, GAD7:2','无','2024-09-22 09:20:00','2024-09-22 09:00:00','2024-09-22 09:20:00'),(349,'2022010507','第4学期',3,'WHO5:7, PHQ9:18, GAD7:16','危险','2024-03-22 09:20:00','2024-03-22 09:00:00','2024-03-22 09:20:00'),(350,'2022010507','第3学期',3,'WHO5:18, PHQ9:3, GAD7:2','无','2023-09-22 09:20:00','2023-09-22 09:00:00','2023-09-22 09:20:00'),(351,'2022010507','第2学期',3,'WHO5:18, PHQ9:3, GAD7:2','无','2023-03-22 09:20:00','2023-03-22 09:00:00','2023-03-22 09:20:00'),(352,'2022010507','第1学期',3,'WHO5:7, PHQ9:18, GAD7:16','危险','2022-09-22 09:20:00','2022-09-22 09:00:00','2022-09-22 09:20:00'),(353,'2022010506','第8学期',3,'WHO5:7, PHQ9:18, GAD7:16','危险','2026-03-21 09:20:00','2026-03-21 09:00:00','2026-03-21 09:20:00'),(354,'2022010506','第7学期',3,'WHO5:18, PHQ9:3, GAD7:2','无','2025-09-21 09:20:00','2025-09-21 09:00:00','2025-09-21 09:20:00'),(355,'2022010506','第6学期',3,'WHO5:18, PHQ9:3, GAD7:2','无','2025-03-21 09:20:00','2025-03-21 09:00:00','2025-03-21 09:20:00'),(356,'2022010506','第5学期',3,'WHO5:7, PHQ9:18, GAD7:16','危险','2024-09-21 09:20:00','2024-09-21 09:00:00','2024-09-21 09:20:00'),(357,'2022010506','第4学期',3,'WHO5:18, PHQ9:3, GAD7:2','无','2024-03-21 09:20:00','2024-03-21 09:00:00','2024-03-21 09:20:00'),(358,'2022010506','第3学期',3,'WHO5:18, PHQ9:3, GAD7:2','无','2023-09-21 09:20:00','2023-09-21 09:00:00','2023-09-21 09:20:00'),(359,'2022010506','第2学期',3,'WHO5:7, PHQ9:18, GAD7:16','危险','2023-03-21 09:20:00','2023-03-21 09:00:00','2023-03-21 09:20:00'),(360,'2022010506','第1学期',3,'WHO5:18, PHQ9:3, GAD7:2','无','2022-09-21 09:20:00','2022-09-21 09:00:00','2022-09-21 09:20:00'),(361,'2022010505','第8学期',3,'WHO5:7, PHQ9:18, GAD7:16','危险','2026-03-20 09:20:00','2026-03-20 09:00:00','2026-03-20 09:20:00'),(362,'2022010505','第7学期',3,'WHO5:18, PHQ9:3, GAD7:2','无','2025-09-20 09:20:00','2025-09-20 09:00:00','2025-09-20 09:20:00'),(363,'2022010505','第6学期',3,'WHO5:7, PHQ9:18, GAD7:16','危险','2025-03-20 09:20:00','2025-03-20 09:00:00','2025-03-20 09:20:00'),(364,'2022010505','第5学期',3,'WHO5:18, PHQ9:3, GAD7:2','无','2024-09-20 09:20:00','2024-09-20 09:00:00','2024-09-20 09:20:00'),(365,'2022010505','第4学期',3,'WHO5:18, PHQ9:3, GAD7:2','无','2024-03-20 09:20:00','2024-03-20 09:00:00','2024-03-20 09:20:00'),(366,'2022010505','第3学期',3,'WHO5:7, PHQ9:18, GAD7:16','危险','2023-09-20 09:20:00','2023-09-20 09:00:00','2023-09-20 09:20:00'),(367,'2022010505','第2学期',3,'WHO5:18, PHQ9:3, GAD7:2','无','2023-03-20 09:20:00','2023-03-20 09:00:00','2023-03-20 09:20:00'),(368,'2022010505','第1学期',3,'WHO5:18, PHQ9:3, GAD7:2','无','2022-09-20 09:20:00','2022-09-20 09:00:00','2022-09-20 09:20:00'),(369,'2022010504','第8学期',3,'WHO5:18, PHQ9:3, GAD7:2','无','2026-03-19 09:20:00','2026-03-19 09:00:00','2026-03-19 09:20:00'),(370,'2022010504','第7学期',3,'WHO5:7, PHQ9:18, GAD7:16','危险','2025-09-19 09:20:00','2025-09-19 09:00:00','2025-09-19 09:20:00'),(371,'2022010504','第6学期',3,'WHO5:18, PHQ9:3, GAD7:2','无','2025-03-19 09:20:00','2025-03-19 09:00:00','2025-03-19 09:20:00'),(372,'2022010504','第5学期',3,'WHO5:18, PHQ9:3, GAD7:2','无','2024-09-19 09:20:00','2024-09-19 09:00:00','2024-09-19 09:20:00'),(373,'2022010504','第4学期',3,'WHO5:7, PHQ9:18, GAD7:16','危险','2024-03-19 09:20:00','2024-03-19 09:00:00','2024-03-19 09:20:00'),(374,'2022010504','第3学期',3,'WHO5:18, PHQ9:3, GAD7:2','无','2023-09-19 09:20:00','2023-09-19 09:00:00','2023-09-19 09:20:00'),(375,'2022010504','第2学期',3,'WHO5:18, PHQ9:3, GAD7:2','无','2023-03-19 09:20:00','2023-03-19 09:00:00','2023-03-19 09:20:00'),(376,'2022010504','第1学期',3,'WHO5:7, PHQ9:18, GAD7:16','危险','2022-09-19 09:20:00','2022-09-19 09:00:00','2022-09-19 09:20:00'),(377,'2022010503','第8学期',3,'WHO5:7, PHQ9:18, GAD7:16','危险','2026-03-18 09:20:00','2026-03-18 09:00:00','2026-03-18 09:20:00'),(378,'2022010503','第7学期',3,'WHO5:18, PHQ9:3, GAD7:2','无','2025-09-18 09:20:00','2025-09-18 09:00:00','2025-09-18 09:20:00'),(379,'2022010503','第6学期',3,'WHO5:18, PHQ9:3, GAD7:2','无','2025-03-18 09:20:00','2025-03-18 09:00:00','2025-03-18 09:20:00'),(380,'2022010503','第5学期',3,'WHO5:7, PHQ9:18, GAD7:16','危险','2024-09-18 09:20:00','2024-09-18 09:00:00','2024-09-18 09:20:00'),(381,'2022010503','第4学期',3,'WHO5:18, PHQ9:3, GAD7:2','无','2024-03-18 09:20:00','2024-03-18 09:00:00','2024-03-18 09:20:00'),(382,'2022010503','第3学期',3,'WHO5:18, PHQ9:3, GAD7:2','无','2023-09-18 09:20:00','2023-09-18 09:00:00','2023-09-18 09:20:00'),(383,'2022010503','第2学期',3,'WHO5:7, PHQ9:18, GAD7:16','危险','2023-03-18 09:20:00','2023-03-18 09:00:00','2023-03-18 09:20:00'),(384,'2022010503','第1学期',3,'WHO5:18, PHQ9:3, GAD7:2','无','2022-09-18 09:20:00','2022-09-18 09:00:00','2022-09-18 09:20:00'),(385,'2022010502','第8学期',3,'WHO5:7, PHQ9:18, GAD7:16','危险','2026-03-17 09:20:00','2026-03-17 09:00:00','2026-03-17 09:20:00'),(386,'2022010502','第7学期',3,'WHO5:18, PHQ9:3, GAD7:2','无','2025-09-17 09:20:00','2025-09-17 09:00:00','2025-09-17 09:20:00'),(387,'2022010502','第6学期',3,'WHO5:7, PHQ9:18, GAD7:16','危险','2025-03-17 09:20:00','2025-03-17 09:00:00','2025-03-17 09:20:00'),(388,'2022010502','第5学期',3,'WHO5:18, PHQ9:3, GAD7:2','无','2024-09-17 09:20:00','2024-09-17 09:00:00','2024-09-17 09:20:00'),(389,'2022010502','第4学期',3,'WHO5:18, PHQ9:3, GAD7:2','无','2024-03-17 09:20:00','2024-03-17 09:00:00','2024-03-17 09:20:00'),(390,'2022010502','第3学期',3,'WHO5:7, PHQ9:18, GAD7:16','危险','2023-09-17 09:20:00','2023-09-17 09:00:00','2023-09-17 09:20:00'),(391,'2022010502','第2学期',3,'WHO5:18, PHQ9:3, GAD7:2','无','2023-03-17 09:20:00','2023-03-17 09:00:00','2023-03-17 09:20:00'),(392,'2022010502','第1学期',3,'WHO5:18, PHQ9:3, GAD7:2','无','2022-09-17 09:20:00','2022-09-17 09:00:00','2022-09-17 09:20:00'),(393,'2022010501','第8学期',3,'WHO5:18, PHQ9:3, GAD7:2','无','2026-03-16 09:20:00','2026-03-16 09:00:00','2026-03-16 09:20:00'),(394,'2022010501','第7学期',3,'WHO5:7, PHQ9:18, GAD7:16','危险','2025-09-16 09:20:00','2025-09-16 09:00:00','2025-09-16 09:20:00'),(395,'2022010501','第6学期',3,'WHO5:18, PHQ9:3, GAD7:2','无','2025-03-16 09:20:00','2025-03-16 09:00:00','2025-03-16 09:20:00'),(396,'2022010501','第5学期',3,'WHO5:18, PHQ9:3, GAD7:2','无','2024-09-16 09:20:00','2024-09-16 09:00:00','2024-09-16 09:20:00'),(397,'2022010501','第4学期',3,'WHO5:7, PHQ9:18, GAD7:16','危险','2024-03-16 09:20:00','2024-03-16 09:00:00','2024-03-16 09:20:00'),(398,'2022010501','第3学期',3,'WHO5:18, PHQ9:3, GAD7:2','无','2023-09-16 09:20:00','2023-09-16 09:00:00','2023-09-16 09:20:00'),(399,'2022010501','第2学期',3,'WHO5:18, PHQ9:3, GAD7:2','无','2023-03-16 09:20:00','2023-03-16 09:00:00','2023-03-16 09:20:00'),(400,'2022010501','第1学期',3,'WHO5:7, PHQ9:18, GAD7:16','危险','2022-09-16 09:20:00','2022-09-16 09:00:00','2022-09-16 09:20:00'),(401,'2022010610','第8学期',3,'WHO5:7, PHQ9:18, GAD7:16','危险','2026-03-25 09:20:00','2026-03-25 09:00:00','2026-03-25 09:20:00'),(402,'2022010610','第7学期',3,'WHO5:18, PHQ9:3, GAD7:2','无','2025-09-25 09:20:00','2025-09-25 09:00:00','2025-09-25 09:20:00'),(403,'2022010610','第6学期',3,'WHO5:7, PHQ9:18, GAD7:16','危险','2025-03-25 09:20:00','2025-03-25 09:00:00','2025-03-25 09:20:00'),(404,'2022010610','第5学期',3,'WHO5:18, PHQ9:3, GAD7:2','无','2024-09-25 09:20:00','2024-09-25 09:00:00','2024-09-25 09:20:00'),(405,'2022010610','第4学期',3,'WHO5:18, PHQ9:3, GAD7:2','无','2024-03-25 09:20:00','2024-03-25 09:00:00','2024-03-25 09:20:00'),(406,'2022010610','第3学期',3,'WHO5:7, PHQ9:18, GAD7:16','危险','2023-09-25 09:20:00','2023-09-25 09:00:00','2023-09-25 09:20:00'),(407,'2022010610','第2学期',3,'WHO5:18, PHQ9:3, GAD7:2','无','2023-03-25 09:20:00','2023-03-25 09:00:00','2023-03-25 09:20:00'),(408,'2022010610','第1学期',3,'WHO5:18, PHQ9:3, GAD7:2','无','2022-09-25 09:20:00','2022-09-25 09:00:00','2022-09-25 09:20:00'),(409,'2022010609','第8学期',3,'WHO5:18, PHQ9:3, GAD7:2','无','2026-03-24 09:20:00','2026-03-24 09:00:00','2026-03-24 09:20:00'),(410,'2022010609','第7学期',3,'WHO5:7, PHQ9:18, GAD7:16','危险','2025-09-24 09:20:00','2025-09-24 09:00:00','2025-09-24 09:20:00'),(411,'2022010609','第6学期',3,'WHO5:18, PHQ9:3, GAD7:2','无','2025-03-24 09:20:00','2025-03-24 09:00:00','2025-03-24 09:20:00'),(412,'2022010609','第5学期',3,'WHO5:18, PHQ9:3, GAD7:2','无','2024-09-24 09:20:00','2024-09-24 09:00:00','2024-09-24 09:20:00'),(413,'2022010609','第4学期',3,'WHO5:7, PHQ9:18, GAD7:16','危险','2024-03-24 09:20:00','2024-03-24 09:00:00','2024-03-24 09:20:00'),(414,'2022010609','第3学期',3,'WHO5:18, PHQ9:3, GAD7:2','无','2023-09-24 09:20:00','2023-09-24 09:00:00','2023-09-24 09:20:00'),(415,'2022010609','第2学期',3,'WHO5:18, PHQ9:3, GAD7:2','无','2023-03-24 09:20:00','2023-03-24 09:00:00','2023-03-24 09:20:00'),(416,'2022010609','第1学期',3,'WHO5:7, PHQ9:18, GAD7:16','危险','2022-09-24 09:20:00','2022-09-24 09:00:00','2022-09-24 09:20:00'),(417,'2022010608','第8学期',3,'WHO5:7, PHQ9:18, GAD7:16','危险','2026-03-23 09:20:00','2026-03-23 09:00:00','2026-03-23 09:20:00'),(418,'2022010608','第7学期',3,'WHO5:18, PHQ9:3, GAD7:2','无','2025-09-23 09:20:00','2025-09-23 09:00:00','2025-09-23 09:20:00'),(419,'2022010608','第6学期',3,'WHO5:18, PHQ9:3, GAD7:2','无','2025-03-23 09:20:00','2025-03-23 09:00:00','2025-03-23 09:20:00'),(420,'2022010608','第5学期',3,'WHO5:7, PHQ9:18, GAD7:16','危险','2024-09-23 09:20:00','2024-09-23 09:00:00','2024-09-23 09:20:00'),(421,'2022010608','第4学期',3,'WHO5:18, PHQ9:3, GAD7:2','无','2024-03-23 09:20:00','2024-03-23 09:00:00','2024-03-23 09:20:00'),(422,'2022010608','第3学期',3,'WHO5:18, PHQ9:3, GAD7:2','无','2023-09-23 09:20:00','2023-09-23 09:00:00','2023-09-23 09:20:00'),(423,'2022010608','第2学期',3,'WHO5:7, PHQ9:18, GAD7:16','危险','2023-03-23 09:20:00','2023-03-23 09:00:00','2023-03-23 09:20:00'),(424,'2022010608','第1学期',3,'WHO5:18, PHQ9:3, GAD7:2','无','2022-09-23 09:20:00','2022-09-23 09:00:00','2022-09-23 09:20:00'),(425,'2022010607','第8学期',3,'WHO5:7, PHQ9:18, GAD7:16','危险','2026-03-22 09:20:00','2026-03-22 09:00:00','2026-03-22 09:20:00'),(426,'2022010607','第7学期',3,'WHO5:18, PHQ9:3, GAD7:2','无','2025-09-22 09:20:00','2025-09-22 09:00:00','2025-09-22 09:20:00'),(427,'2022010607','第6学期',3,'WHO5:7, PHQ9:18, GAD7:16','危险','2025-03-22 09:20:00','2025-03-22 09:00:00','2025-03-22 09:20:00'),(428,'2022010607','第5学期',3,'WHO5:18, PHQ9:3, GAD7:2','无','2024-09-22 09:20:00','2024-09-22 09:00:00','2024-09-22 09:20:00'),(429,'2022010607','第4学期',3,'WHO5:18, PHQ9:3, GAD7:2','无','2024-03-22 09:20:00','2024-03-22 09:00:00','2024-03-22 09:20:00'),(430,'2022010607','第3学期',3,'WHO5:7, PHQ9:18, GAD7:16','危险','2023-09-22 09:20:00','2023-09-22 09:00:00','2023-09-22 09:20:00'),(431,'2022010607','第2学期',3,'WHO5:18, PHQ9:3, GAD7:2','无','2023-03-22 09:20:00','2023-03-22 09:00:00','2023-03-22 09:20:00'),(432,'2022010607','第1学期',3,'WHO5:18, PHQ9:3, GAD7:2','无','2022-09-22 09:20:00','2022-09-22 09:00:00','2022-09-22 09:20:00'),(433,'2022010606','第8学期',3,'WHO5:18, PHQ9:3, GAD7:2','无','2026-03-21 09:20:00','2026-03-21 09:00:00','2026-03-21 09:20:00'),(434,'2022010606','第7学期',3,'WHO5:7, PHQ9:18, GAD7:16','危险','2025-09-21 09:20:00','2025-09-21 09:00:00','2025-09-21 09:20:00'),(435,'2022010606','第6学期',3,'WHO5:18, PHQ9:3, GAD7:2','无','2025-03-21 09:20:00','2025-03-21 09:00:00','2025-03-21 09:20:00'),(436,'2022010606','第5学期',3,'WHO5:18, PHQ9:3, GAD7:2','无','2024-09-21 09:20:00','2024-09-21 09:00:00','2024-09-21 09:20:00'),(437,'2022010606','第4学期',3,'WHO5:7, PHQ9:18, GAD7:16','危险','2024-03-21 09:20:00','2024-03-21 09:00:00','2024-03-21 09:20:00'),(438,'2022010606','第3学期',3,'WHO5:18, PHQ9:3, GAD7:2','无','2023-09-21 09:20:00','2023-09-21 09:00:00','2023-09-21 09:20:00'),(439,'2022010606','第2学期',3,'WHO5:18, PHQ9:3, GAD7:2','无','2023-03-21 09:20:00','2023-03-21 09:00:00','2023-03-21 09:20:00'),(440,'2022010606','第1学期',3,'WHO5:7, PHQ9:18, GAD7:16','危险','2022-09-21 09:20:00','2022-09-21 09:00:00','2022-09-21 09:20:00'),(441,'2022010605','第8学期',3,'WHO5:7, PHQ9:18, GAD7:16','危险','2026-03-20 09:20:00','2026-03-20 09:00:00','2026-03-20 09:20:00'),(442,'2022010605','第7学期',3,'WHO5:18, PHQ9:3, GAD7:2','无','2025-09-20 09:20:00','2025-09-20 09:00:00','2025-09-20 09:20:00'),(443,'2022010605','第6学期',3,'WHO5:18, PHQ9:3, GAD7:2','无','2025-03-20 09:20:00','2025-03-20 09:00:00','2025-03-20 09:20:00'),(444,'2022010605','第5学期',3,'WHO5:7, PHQ9:18, GAD7:16','危险','2024-09-20 09:20:00','2024-09-20 09:00:00','2024-09-20 09:20:00'),(445,'2022010605','第4学期',3,'WHO5:18, PHQ9:3, GAD7:2','无','2024-03-20 09:20:00','2024-03-20 09:00:00','2024-03-20 09:20:00'),(446,'2022010605','第3学期',3,'WHO5:18, PHQ9:3, GAD7:2','无','2023-09-20 09:20:00','2023-09-20 09:00:00','2023-09-20 09:20:00'),(447,'2022010605','第2学期',3,'WHO5:7, PHQ9:18, GAD7:16','危险','2023-03-20 09:20:00','2023-03-20 09:00:00','2023-03-20 09:20:00'),(448,'2022010605','第1学期',3,'WHO5:18, PHQ9:3, GAD7:2','无','2022-09-20 09:20:00','2022-09-20 09:00:00','2022-09-20 09:20:00'),(449,'2022010604','第8学期',3,'WHO5:7, PHQ9:18, GAD7:16','危险','2026-03-19 09:20:00','2026-03-19 09:00:00','2026-03-19 09:20:00'),(450,'2022010604','第7学期',3,'WHO5:18, PHQ9:3, GAD7:2','无','2025-09-19 09:20:00','2025-09-19 09:00:00','2025-09-19 09:20:00'),(451,'2022010604','第6学期',3,'WHO5:7, PHQ9:18, GAD7:16','危险','2025-03-19 09:20:00','2025-03-19 09:00:00','2025-03-19 09:20:00'),(452,'2022010604','第5学期',3,'WHO5:18, PHQ9:3, GAD7:2','无','2024-09-19 09:20:00','2024-09-19 09:00:00','2024-09-19 09:20:00'),(453,'2022010604','第4学期',3,'WHO5:18, PHQ9:3, GAD7:2','无','2024-03-19 09:20:00','2024-03-19 09:00:00','2024-03-19 09:20:00'),(454,'2022010604','第3学期',3,'WHO5:7, PHQ9:18, GAD7:16','危险','2023-09-19 09:20:00','2023-09-19 09:00:00','2023-09-19 09:20:00'),(455,'2022010604','第2学期',3,'WHO5:18, PHQ9:3, GAD7:2','无','2023-03-19 09:20:00','2023-03-19 09:00:00','2023-03-19 09:20:00'),(456,'2022010604','第1学期',3,'WHO5:18, PHQ9:3, GAD7:2','无','2022-09-19 09:20:00','2022-09-19 09:00:00','2022-09-19 09:20:00'),(457,'2022010603','第8学期',3,'WHO5:18, PHQ9:3, GAD7:2','无','2026-03-18 09:20:00','2026-03-18 09:00:00','2026-03-18 09:20:00'),(458,'2022010603','第7学期',3,'WHO5:7, PHQ9:18, GAD7:16','危险','2025-09-18 09:20:00','2025-09-18 09:00:00','2025-09-18 09:20:00'),(459,'2022010603','第6学期',3,'WHO5:18, PHQ9:3, GAD7:2','无','2025-03-18 09:20:00','2025-03-18 09:00:00','2025-03-18 09:20:00'),(460,'2022010603','第5学期',3,'WHO5:18, PHQ9:3, GAD7:2','无','2024-09-18 09:20:00','2024-09-18 09:00:00','2024-09-18 09:20:00'),(461,'2022010603','第4学期',3,'WHO5:7, PHQ9:18, GAD7:16','危险','2024-03-18 09:20:00','2024-03-18 09:00:00','2024-03-18 09:20:00'),(462,'2022010603','第3学期',3,'WHO5:18, PHQ9:3, GAD7:2','无','2023-09-18 09:20:00','2023-09-18 09:00:00','2023-09-18 09:20:00'),(463,'2022010603','第2学期',3,'WHO5:18, PHQ9:3, GAD7:2','无','2023-03-18 09:20:00','2023-03-18 09:00:00','2023-03-18 09:20:00'),(464,'2022010603','第1学期',3,'WHO5:7, PHQ9:18, GAD7:16','危险','2022-09-18 09:20:00','2022-09-18 09:00:00','2022-09-18 09:20:00'),(465,'2022010602','第8学期',3,'WHO5:7, PHQ9:18, GAD7:16','危险','2026-03-17 09:20:00','2026-03-17 09:00:00','2026-03-17 09:20:00'),(466,'2022010602','第7学期',3,'WHO5:18, PHQ9:3, GAD7:2','无','2025-09-17 09:20:00','2025-09-17 09:00:00','2025-09-17 09:20:00'),(467,'2022010602','第6学期',3,'WHO5:18, PHQ9:3, GAD7:2','无','2025-03-17 09:20:00','2025-03-17 09:00:00','2025-03-17 09:20:00'),(468,'2022010602','第5学期',3,'WHO5:7, PHQ9:18, GAD7:16','危险','2024-09-17 09:20:00','2024-09-17 09:00:00','2024-09-17 09:20:00'),(469,'2022010602','第4学期',3,'WHO5:18, PHQ9:3, GAD7:2','无','2024-03-17 09:20:00','2024-03-17 09:00:00','2024-03-17 09:20:00'),(470,'2022010602','第3学期',3,'WHO5:18, PHQ9:3, GAD7:2','无','2023-09-17 09:20:00','2023-09-17 09:00:00','2023-09-17 09:20:00'),(471,'2022010602','第2学期',3,'WHO5:7, PHQ9:18, GAD7:16','危险','2023-03-17 09:20:00','2023-03-17 09:00:00','2023-03-17 09:20:00'),(472,'2022010602','第1学期',3,'WHO5:18, PHQ9:3, GAD7:2','无','2022-09-17 09:20:00','2022-09-17 09:00:00','2022-09-17 09:20:00'),(473,'2022010601','第8学期',3,'WHO5:7, PHQ9:18, GAD7:16','危险','2026-03-16 09:20:00','2026-03-16 09:00:00','2026-03-16 09:20:00'),(474,'2022010601','第7学期',3,'WHO5:18, PHQ9:3, GAD7:2','无','2025-09-16 09:20:00','2025-09-16 09:00:00','2025-09-16 09:20:00'),(475,'2022010601','第6学期',3,'WHO5:7, PHQ9:18, GAD7:16','危险','2025-03-16 09:20:00','2025-03-16 09:00:00','2025-03-16 09:20:00'),(476,'2022010601','第5学期',3,'WHO5:18, PHQ9:3, GAD7:2','无','2024-09-16 09:20:00','2024-09-16 09:00:00','2024-09-16 09:20:00'),(477,'2022010601','第4学期',3,'WHO5:18, PHQ9:3, GAD7:2','无','2024-03-16 09:20:00','2024-03-16 09:00:00','2024-03-16 09:20:00'),(478,'2022010601','第3学期',3,'WHO5:7, PHQ9:18, GAD7:16','危险','2023-09-16 09:20:00','2023-09-16 09:00:00','2023-09-16 09:20:00'),(479,'2022010601','第2学期',3,'WHO5:18, PHQ9:3, GAD7:2','无','2023-03-16 09:20:00','2023-03-16 09:00:00','2023-03-16 09:20:00'),(480,'2022010601','第1学期',3,'WHO5:18, PHQ9:3, GAD7:2','无','2022-09-16 09:20:00','2022-09-16 09:00:00','2022-09-16 09:20:00'),(481,'2022020101','第1学期',2,'WHO5:4, PHQ9:27','未完成','2026-03-28 11:52:34','2026-03-28 11:51:59','2026-03-28 11:52:34'),(482,'2022020101','第2学期',1,'WHO5:25','未完成','2026-04-07 17:24:17','2026-04-07 17:24:17','2026-04-07 17:24:17');
/*!40000 ALTER TABLE `student_assessment_semester_summary` ENABLE KEYS */;
UNLOCK TABLES;

--
-- Table structure for table `teacher`
--

DROP TABLE IF EXISTS `teacher`;
/*!40101 SET @saved_cs_client     = @@character_set_client */;
/*!50503 SET character_set_client = utf8mb4 */;
CREATE TABLE `teacher` (
  `account` varchar(50) CHARACTER SET utf8mb4 COLLATE utf8mb4_general_ci NOT NULL COMMENT '老师账号',
  `password` varchar(255) CHARACTER SET utf8mb4 COLLATE utf8mb4_general_ci NOT NULL COMMENT '密码',
  `teacher_name` varchar(50) CHARACTER SET utf8mb4 COLLATE utf8mb4_general_ci DEFAULT NULL COMMENT '老师姓名',
  `office_location` varchar(100) CHARACTER SET utf8mb4 COLLATE utf8mb4_general_ci DEFAULT NULL COMMENT '办公地点',
  `phone` varchar(20) CHARACTER SET utf8mb4 COLLATE utf8mb4_general_ci NOT NULL COMMENT '手机号',
  `avatar_url` varchar(500) CHARACTER SET utf8mb4 COLLATE utf8mb4_general_ci DEFAULT NULL COMMENT '教师头像地址',
  PRIMARY KEY (`account`)
) ENGINE=InnoDB DEFAULT CHARSET=utf8mb4 COLLATE=utf8mb4_general_ci COMMENT='教师表';
/*!40101 SET character_set_client = @saved_cs_client */;

--
-- Dumping data for table `teacher`
--

LOCK TABLES `teacher` WRITE;
/*!40000 ALTER TABLE `teacher` DISABLE KEYS */;
INSERT INTO `teacher` VALUES ('teacher01','teacher@01','张老师','计算机学院2号楼301室','13900139006','/files/avatar/teacher/teacher01_1775459880693_a20776c0072e.jpg'),('teacher02','teacher@02','李老师','文学院1号楼405室','13900139002',NULL),('teacher03','teacher@03','王老师','医学院3号楼208室','13900139003',NULL),('teacher04','teacher@04','赵老师','商学院4号楼102室','13900139004',NULL),('teacher05','teacher@05','陈老师','外国语学院5号楼503室','13900139005',NULL),('teacher06','123456','张老师','01','13900139007',NULL),('teacher07','teacher@01','张老师','计算机学院2号楼301室','13900139006',NULL);
/*!40000 ALTER TABLE `teacher` ENABLE KEYS */;
UNLOCK TABLES;

--
-- Table structure for table `teacher_schedule`
--

DROP TABLE IF EXISTS `teacher_schedule`;
/*!40101 SET @saved_cs_client     = @@character_set_client */;
/*!50503 SET character_set_client = utf8mb4 */;
CREATE TABLE `teacher_schedule` (
  `id` bigint NOT NULL AUTO_INCREMENT,
  `teacher_account` varchar(50) CHARACTER SET utf8mb4 COLLATE utf8mb4_general_ci NOT NULL COMMENT '心理老师账号',
  `week_day` tinyint NOT NULL COMMENT '星期几：1周一 2周二 3周三 4周四 5周五 6周六 7周日',
  `start_time` time NOT NULL COMMENT '开始时间',
  `end_time` time NOT NULL COMMENT '结束时间',
  `max_appointments` int NOT NULL DEFAULT '1' COMMENT '该时段最大可预约人数',
  `remark` varchar(255) CHARACTER SET utf8mb4 COLLATE utf8mb4_general_ci DEFAULT NULL COMMENT '备注',
  `status` tinyint NOT NULL DEFAULT '1' COMMENT '1启用 0停用',
  `created_at` datetime DEFAULT CURRENT_TIMESTAMP,
  `updated_at` datetime DEFAULT CURRENT_TIMESTAMP ON UPDATE CURRENT_TIMESTAMP,
  PRIMARY KEY (`id`),
  UNIQUE KEY `uk_teacher_schedule_status` (`teacher_account`,`week_day`,`start_time`,`end_time`,`status`),
  KEY `idx_teacher_schedule_teacher_account` (`teacher_account`),
  KEY `idx_teacher_schedule_week_day` (`week_day`),
  CONSTRAINT `fk_teacher_schedule_teacher` FOREIGN KEY (`teacher_account`) REFERENCES `teacher` (`account`)
) ENGINE=InnoDB AUTO_INCREMENT=12 DEFAULT CHARSET=utf8mb4 COLLATE=utf8mb4_general_ci COMMENT='心理老师办公时间表';
/*!40101 SET character_set_client = @saved_cs_client */;

--
-- Dumping data for table `teacher_schedule`
--

LOCK TABLES `teacher_schedule` WRITE;
/*!40000 ALTER TABLE `teacher_schedule` DISABLE KEYS */;
INSERT INTO `teacher_schedule` VALUES (1,'teacher01',1,'14:00:00','17:00:00',4,'',0,'2026-03-15 02:29:57','2026-03-28 11:17:53'),(2,'teacher01',3,'09:00:00','11:00:00',2,'准时到达\n',1,'2026-03-15 02:29:57','2026-03-21 10:51:41'),(3,'teacher02',2,'15:00:00','17:00:00',2,'周二下午接待',1,'2026-03-15 02:29:57','2026-03-15 02:29:57'),(4,'teacher02',4,'09:00:00','12:00:00',3,'周四上午接待',1,'2026-03-15 02:29:57','2026-03-15 02:29:57'),(5,'teacher03',5,'14:30:00','17:30:00',2,'周五下午接待',1,'2026-03-15 02:29:57','2026-03-15 02:29:57'),(7,'teacher01',7,'08:00:00','12:00:00',2,'',0,'2026-03-21 11:42:30','2026-03-28 11:54:18'),(8,'teacher01',2,'08:30:00','20:00:00',3,'',1,'2026-04-05 17:08:47','2026-04-05 17:08:47'),(9,'teacher01',4,'08:00:00','11:00:00',6,'',1,'2026-04-07 10:32:27','2026-04-07 10:32:27'),(10,'teacher01',4,'09:00:00','11:00:00',5,'postman测试新增',1,'2026-04-07 10:38:02','2026-04-07 10:38:02'),(11,'teacher01',2,'14:00:00','16:00:00',8,'postman测试修改',0,'2026-04-07 10:44:36','2026-04-07 10:49:32');
/*!40000 ALTER TABLE `teacher_schedule` ENABLE KEYS */;
UNLOCK TABLES;

--
-- Dumping events for database 'mental_health'
--

--
-- Dumping routines for database 'mental_health'
--
/*!40103 SET TIME_ZONE=@OLD_TIME_ZONE */;

/*!40101 SET SQL_MODE=@OLD_SQL_MODE */;
/*!40014 SET FOREIGN_KEY_CHECKS=@OLD_FOREIGN_KEY_CHECKS */;
/*!40014 SET UNIQUE_CHECKS=@OLD_UNIQUE_CHECKS */;
/*!40101 SET CHARACTER_SET_CLIENT=@OLD_CHARACTER_SET_CLIENT */;
/*!40101 SET CHARACTER_SET_RESULTS=@OLD_CHARACTER_SET_RESULTS */;
/*!40101 SET COLLATION_CONNECTION=@OLD_COLLATION_CONNECTION */;
/*!40111 SET SQL_NOTES=@OLD_SQL_NOTES */;

-- Dump completed on 2026-04-07 17:29:16
